License ID,Brand Name,Product Type
"85629","#NICEWINE","Wine",
"85629","10SPAN","Wine",
"85629","12 GENERATIONS","Wine",
"85629","12 KNIGHTS","Wine",
"85629","12 WINES OF CHRISTMAS","Wine",
"85629","13 CELSIUS","Wine",
"85629","14 HANDS","Wine",
"85629","1749","Wine",
"85629","181 WINE CELLARS","Wine",
"85629","24 DAYS OF WINE","Wine",
"85629","24 DAYS OF WINE ADVENT","Wine",
"85629","2SONS WINERY","Wine",
"85629","3 BALL","Wine",
"85629","3 BLIND MOOSE","Wine",
"85629","30 DEGREES","Wine",
"85629","30A","Wine",
"85629","337 WINE CELLARS","Wine",
"85629","35 SOUTH","Wine",
"85629","35 SUR","Wine",
"85629","4 FOXES","Wine",
"85629","5 CABERNET SAUVIGNON","Wine",
"85629","5 DRY RED WINES","Wine",
"85629","5 RED WINES","Wine",
"85629","5 SWEET RED WINES","Wine",
"85629","50 ESTATE RANCH","Wine",
"85629","50°","Wine",
"85629","6 DAYS OF WINE HOLIDAY WINE BOX","Wine",
"85629","6 O'CLOCK","Low Alcohol Beverage",
"85629","60 SOULS","Wine",
"85629","7 DEADLY","Wine",
"85629","7 DEADLY ZINS","Wine",
"85629","7 HEAVENLY CHARDS","Wine",
"85629","7 MOONS","Wine",
"85629","719 W","Wine",
"85629","75 WINE COMPANY","Wine",
"85629","A ET P DE VILLAINE","Wine",
"85629","A GIFT FROM HOME","Wine",
"85629","A LITTLE MERRIER THIS YEAR","Wine",
"85629","A NIGHT TO REMEMBER","Wine",
"85629","A PROPER CLARET","Wine",
"85629","A ROYAL TWIST","Wine",
"85629","A SEAWORTHY TALE","Wine",
"85629","A TO Z","Wine",
"85629","ABANDON","Wine",
"85629","ABELE 1757","Wine",
"85629","ABRUPT VINEYARDS","Wine",
"85629","ABSTRACT ART","Wine",
"85629","ACAB","Wine",
"85629","ACCADEMIA","Wine",
"85629","ACES HIGH","Wine",
"85629","ACHAIA CLAUSS","Wine",
"85629","ACHAVAL FERRER","Wine",
"85629","ACORDEON","Wine",
"85629","ACOUSTIC HARMONY","Wine",
"85629","ACQUESI","Wine",
"85629","ACRE & VINE","Wine",
"85629","ACROBAT","Wine",
"85629","ACTUM","Wine",
"85629","ACUARELLO","Wine",
"85629","ADAMS BROTHERS","Wine",
"85629","ADEGA COOP PONTE DA BARCA","Wine",
"85629","ADEREZO","Wine",
"85629","ADOBE CANYON","Wine",
"85629","ADORED","Wine",
"85629","ADORO","Wine",
"85629","ADRIANO RAMOS PINTO","Wine",
"85629","ADUENTUS","Wine",
"85629","ADUNA","Wine",
"85629","AEGERTER","Wine",
"85629","AGOSTINO BRUGO","Wine",
"85629","AGRICOLA LA BOLLINA","Wine",
"85629","AGRICOLA PUNICA","Wine",
"85629","AGRICOLA QUERCIABELLA","Wine",
"85629","AIA DELLA MACINA","Wine",
"85629","AILA","Wine",
"85629","AIR LIFT","Wine",
"85629","AIRES DE AROSA","Wine",
"85629","AIX","Wine",
"85629","ALAIN COCHE BIZOUARD","Wine",
"85629","ALAIN PARET","Wine",
"85629","ALARIS","Wine",
"85629","ALAURA","Wine",
"85629","ALBERT LEBRUN","Wine",
"85629","ALBERT PIC & FILS","Wine",
"85629","ALBERTO CONTI","Wine",
"85629","ALBINEA CANALI","Wine",
"85629","ALBINO ARMANI","Wine",
"85629","ALBIS","Wine",
"85629","ALCANCE","Wine",
"85629","ALCANZA","Wine",
"85629","ALDINO","Wine",
"85629","ALDO MARENCO & FIGLIO","Wine",
"85629","ALESSI","Wine",
"85629","ALEX ELMAN","Wine",
"85629","ALEXIS GEORGE","Wine",
"85629","ALFRED GRATIEN","Wine",
"85629","ALI SOPRA","Wine",
"85629","ALICE WHITE","Wine",
"85629","ALLA FAMIGLIA","Wine",
"85629","ALLENDE","Wine",
"85629","ALLISON COMBS","Wine",
"85629","ALLURE","Wine",
"85629","ALMADEN","Wine",
"85629","ALMIRA","Wine",
"85629","ALPACA","Wine",
"85629","ALQUIER","Wine",
"85629","ALTA LUNA","Wine",
"85629","ALTA MORA","Wine",
"85629","ALTA VIA","Wine",
"85629","ALTA VISTA","Wine",
"85629","ALTA VITA","Wine",
"85629","ALTAMANA","Wine",
"85629","ALTANUTA","Wine",
"85629","ALTEMASI","Wine",
"85629","ALTER EGO DE PALMER","Wine",
"85629","ALTERED DIMENSION","Wine",
"85629","ALTEREGO","Wine",
"85629","ALTO CINCO","Wine",
"85629","ALTO LOS ROMEROS","Wine",
"85629","ALTO VENTO","Wine",
"85629","ALTOSUR","Wine",
"85629","ALTVS","Wine",
"85629","ALURA","Wine",
"85629","ALYSSA","Wine",
"85629","AMA NO TO","Wine",
"85629","AMABUKI","Wine",
"85629","AMADO SUR","Wine",
"85629","AMANCAY","Wine",
"85629","AMAYNA","Wine",
"85629","AMBIGUITY","Wine",
"85629","AMBO","Wine",
"85629","AMBOSCATO","Wine",
"85629","AMBROISE LAPIERRE","Wine",
"85629","AMELIA","Wine",
"85629","AMERICAN PIE","Wine",
"85629","AMERICAN VINTNERS","Wine",
"85629","AMERICAN VINTNERS HAPPY HOLIDAYS","Wine",
"85629","AMIGO PERRO","Wine",
"85629","AMISFIELD","Wine",
"85629","AMISTANI","Wine",
"85629","AMMIRAGLIA","Wine",
"85629","AMOR DE MADRE","Wine",
"85629","AMOR DE MAR","Wine",
"85629","AMSBURY WINERY","Wine",
"85629","AMULET","Wine",
"85629","ANAKOTA","Wine",
"85629","ANCIENT COAST","Wine",
"85629","ANDANTINO","Wine",
"85629","ANDERRA","Wine",
"85629","ANDES PEAKS","Wine",
"85629","ANDRE BRUNEL","Wine",
"85629","ANDRE NEVEU","Wine",
"85629","ANERI","Wine",
"85629","ANEW","Wine",
"85629","ANGEL JUICE","Wine",
"85629","ANGELINE","Wine",
"85629","ANGELO D'ANGELO","Wine",
"85629","ANGOVE FAMILY WINEMAKERS","Wine",
"85629","ANGRY BUNCH","Wine",
"85629","ANIMA UMBRA","Wine",
"85629","ANIMAE","Wine",
"85629","ANIMO","Wine",
"85629","ANNIE'S LANE","Wine",
"85629","ANNUAL ROADTRIP","Wine",
"85629","ANSELMI","Wine",
"85629","ANTANO","Wine",
"85629","ANTERA","Wine",
"85629","ANTERRA","Wine",
"85629","ANTICA NAPA VALLEY","Wine",
"85629","ANTICICLONE","Wine",
"85629","ANTIGAL","Wine",
"85629","ANTIGAL UNO","Wine",
"85629","ANTIGUA","Wine",
"85629","ANTINORI","Wine",
"85629","ANTIQUITOUS","Wine",
"85629","ANTLER ENVY","Wine",
"85629","ANTLER HILL","Wine",
"85629","ANTOINE OLIVIER","Wine",
"85629","ANTU NINQUEN","Wine",
"85629","APARTADO","Wine",
"85629","APOCALYPSE NOW","Wine",
"85629","AQUITANIA","Wine",
"85629","ARA","Wine",
"85629","ARACIEL","Wine",
"85629","ARALENA","Wine",
"85629","ARAUCO","Wine",
"85629","ARAVAIL","Wine",
"85629","ARBOR MIST","Wine",
"85629","ARCH RIVAL WINE CO","Wine",
"85629","ARCHETYPE CA","Wine",
"85629","ARCHIMEDES","Wine",
"85629","ARCHIPEL","Wine",
"85629","ARDAL","Wine",
"85629","ARDORE","Wine",
"85629","ARE YOU GAME","Wine",
"85629","AREYNA","Wine",
"85629","ARGENTA","Wine",
"85629","ARGENTIERA","Wine",
"85629","ARGENTO","Wine",
"85629","ARGIANO","Wine",
"85629","ARGOSY","Wine",
"85629","ARGOSY PIRATES","Wine",
"85629","ARGUESO","Wine",
"85629","ARIA","Wine",
"85629","ARIA DI CAIAROSSA","Wine",
"85629","ARIANNA","Wine",
"85629","ARINDO","Wine",
"85629","ARINZANO","Wine",
"85629","ARIONE","Wine",
"85629","ARISTA","Wine",
"85629","ARIZONA HARD WITH VODKA","Low Alcohol Beverage",
"85629","ARLAUX","Wine",
"85629","ARMAND DE BRIGNAC","Wine",
"85629","ARNALDO CAPRAI","Wine",
"85629","ARNISTON BAY INFUSIONS","Wine",
"85629","ARPARTADO","Wine",
"85629","ARROGANT FROG","Wine",
"85629","ARROWOOD","Wine",
"85629","ARROYO DEL SOL","Wine",
"85629","ART OF EARTH","Wine",
"85629","ART OF THE COOPER","Wine",
"85629","ARTE LATINO","Wine",
"85629","ARTES DEL SUR","Wine",
"85629","ARTFUL VINE","Wine",
"85629","ARTIE","Wine",
"85629","ARTISAN VINTNERS","Wine",
"85629","ARTISAN VINTNERS GUILD","Wine",
"85629","ARTISAN WINERY","Wine",
"85629","ARTISTA","Wine",
"85629","ASABIRAKI","Wine",
"85629","ASAHI SHUZO","Wine",
"85629","ASHBRIDGE LANE","Wine",
"85629","ASHLEY HILL","Wine",
"85629","ASTICA","Wine",
"85629","ASTON DESCHAMPS","Wine",
"85629","ASTRA BELLA","Wine",
"85629","ASTRATTA","Wine",
"85629","ATALAYA","Wine",
"85629","ATALON","Wine",
"85629","ATHENA","Wine",
"85629","ATLAS BEAR","Wine",
"85629","ATOMIC BOSS","Wine",
"85629","ATREVIDO","Wine",
"85629","ATTEMS","Wine",
"85629","ATTO PRIMO","Wine",
"85629","AU CONTRAIRE","Wine",
"85629","AU VODKA CO","Low Alcohol Beverage",
"85629","AUBERT L","Wine",
"85629","AUBERT LEFAS VIGNERON","Wine",
"85629","AUBERT VIGNOBLES","Wine",
"85629","AUGUST SEBASTIANI","Wine",
"85629","AURA","Wine",
"85629","AURA DI VALERIE","Wine",
"85629","AURELIAN","Wine",
"85629","AURORE DE DAUZAC","Wine",
"85629","AUROS","Wine",
"85629","AUSTIN HOPE","Wine",
"85629","AUSTIN VALE","Wine",
"85629","AUTOMOTO","Wine",
"85629","AUTORITAS","Wine",
"85629","AVA GRACE","Wine",
"85629","AVAILABLE","Wine",
"85629","AVALINE","Wine",
"85629","AVALON","Wine",
"85629","AVELEDA","Wine",
"85629","AVISSI","Wine",
"85629","AVVIATO","Wine",
"85629","AXIS","Wine",
"85629","AY CARUMBA","Wine",
"85629","AZIENDA AGRICOLA BOCELLI","Wine",
"85629","AZUR","Wine",
"85629","AZURE BAY WINES","Wine",
"85629","AZZIMATO","Wine",
"85629","AZZURRA","Wine",
"85629","B HAPPY WINE COMPANY","Wine",
"85629","B LEMON SPRITZ","Wine",
"85629","BABS","Wine",
"85629","BABY DOLL","Wine",
"85629","BACA","Wine",
"85629","BACHELOR","Wine",
"85629","BACHELORETTE","Wine",
"85629","BACIATO DAL SOL","Wine",
"85629","BACON","Wine",
"85629","BAD DOG RANCH","Wine",
"85629","BADIA A COLTIBUONO","Wine",
"85629","BAGLIO DI GRISI","Wine",
"85629","BAGUERI","Wine",
"85629","BAILEYANA","Wine",
"85629","BALANCE OF POWER","Wine",
"85629","BALBI VINEYARD","Wine",
"85629","BALKAN CREST","Wine",
"85629","BALLANTRAE WINE MERCHANTS","Wine",
"85629","BALLARD LANE","Wine",
"85629","BALLUN","Wine",
"85629","BALTIMORE ORIOLES","Wine",
"85629","BAMBOLINO","Wine",
"85629","BANDANA","Wine",
"85629","BANDIT","Wine",
"85629","BANFI","Wine",
"85629","BANJO BLUES","Wine",
"85629","BANROCK STATION","Wine",
"85629","BANSHEE","Wine",
"85629","BAR DOG","Wine",
"85629","BARBED WIRE","Wine",
"85629","BARCELOS","Wine",
"85629","BARKING SHEEP","Wine",
"85629","BARON ALBERT","Wine",
"85629","BARON DE BRANE","Wine",
"85629","BARON DE CHALLET","Wine",
"85629","BARON DE CHIREL","Wine",
"85629","BARON DE LUZE","Wine",
"85629","BARON DES CHARTRONS","Wine",
"85629","BARON DES TOURS","Wine",
"85629","BARON PATRICK DE LADOUCETTE","Wine",
"85629","BARON PHILIPPE DE ROTHSCHILD","Wine",
"85629","BARON VALROME","Wine",
"85629","BARONE","Wine",
"85629","BARONE MONTALTO","Wine",
"85629","BARONNE DE VIGNONET","Wine",
"85629","BARRE FRERES","Wine",
"85629","BARREL BOX","Wine",
"85629","BARREL BURNER","Wine",
"85629","BARRYMORE","Wine",
"85629","BARWANG","Wine",
"85629","BASEDOW","Wine",
"85629","BASKOLI","Wine",
"85629","BATASIOLO","Wine",
"85629","BATAVIA WINE CELLARS","Wine",
"85629","BATCH NO 198","Wine",
"85629","BATIK","Wine",
"85629","BAY BRIDGE","Wine",
"85629","BAYLISS & FORTUNE VINEYARDS","Wine",
"85629","BAYVIEW CELLARS","Wine",
"85629","BE MINE","Wine",
"85629","BE MY","Wine",
"85629","BE ORMEAU","Wine",
"85629","BEACH BAG","Wine",
"85629","BEACH DOGS","Wine",
"85629","BEACH JUICE LAB","Low Alcohol Beverage",
"85629","BEACH WHISKEY CO","Low Alcohol Beverage",
"85629","BEACON RESERVE","Wine",
"85629","BEAR ON BIKE","Wine",
"85629","BEARBOAT CA","Wine",
"85629","BEAUTY IN CHAOS","Wine",
"85629","BEC HARDY","Wine",
"85629","BECKON","Wine",
"85629","BEE LIGHTLY","Wine",
"85629","BEE YOU","Wine",
"85629","BEE'S BOX","Wine",
"85629","BEL COLLE","Wine",
"85629","BEL ORMEAU","Wine",
"85629","BEL SOGNO","Wine",
"85629","BELAIRE CREEK","Wine",
"85629","BELL MOUNTAIN","Wine",
"85629","BELL'AGIO","Wine",
"85629","BELLA BELLINA","Wine",
"85629","BELLA FIORE","Wine",
"85629","BELLA UNION","Wine",
"85629","BELLE","Wine",
"85629","BELLE AMBIANCE","Wine",
"85629","BELLE GROVE","Wine",
"85629","BELLE PROVENCALE","Wine",
"85629","BELLE ROSE","Wine",
"85629","BELLEVUE SEILLAN","Wine",
"85629","BELLINGHAM","Wine",
"85629","BELLISSIMA","Wine",
"85629","BELMONDO","Wine",
"85629","BELMONTI","Wine",
"85629","BELPOGGIO","Wine",
"85629","BELVINO","Wine",
"85629","BENACCETTO","Wine",
"85629","BENANTI","Wine",
"85629","BENOIT XII","Wine",
"85629","BENTON GROVE","Wine",
"85629","BENVOLIO","Wine",
"85629","BENZIGER","Wine",
"85629","BENZIGER FAMILY WINERY","Wine",
"85629","BENZIGER IMAGERY SERIES","Wine",
"85629","BERAIL LAGARDE","Wine",
"85629","BERGERON ESTATE","Wine",
"85629","BERGSTROM","Wine",
"85629","BERLUCCHI","Wine",
"85629","BERNARD BURGAUD","Wine",
"85629","BERNARD GUY","Wine",
"85629","BERNE","Wine",
"85629","BERRY BOMB","Wine",
"85629","BERTANI","Wine",
"85629","BESITOS WINERY","Wine",
"85629","BESO DEL SOL","Wine",
"85629","BEV","Wine",
"85629","BEWITCHED","Wine",
"85629","BEX","Wine",
"85629","BEYERSKLOOF","Wine",
"85629","BEYOND LOVE","Wine",
"85629","BEZEL","Wine",
"85629","BIAGIO TANGO VINO","Wine",
"85629","BIBI GRAETZ","Wine",
"85629","BIBO","Wine",
"85629","BIELER FAMILY","Wine",
"85629","BIELER PERE ET FILS","Wine",
"85629","BIEN NACIDO VINEYARDS","Wine",
"85629","BIG BRIGHT IDEA","Wine",
"85629","BIG HAND","Wine",
"85629","BIG HOUSE","Wine",
"85629","BIG MACHINE","Low Alcohol Beverage",
"85629","BIG MACHINE VODKA","Low Alcohol Beverage",
"85629","BIG MAX","Wine",
"85629","BIG SHOTS","Wine",
"85629","BIGGY ROCKER","Wine",
"85629","BIGI","Wine",
"85629","BILLAUD SIMON","Wine",
"85629","BILLINGS FARM","Wine",
"85629","BILTMORE","Wine",
"85629","BILTMORE ESTATE","Wine",
"85629","BING BANG","Wine",
"85629","BIONDI SANTI","Wine",
"85629","BIOTIFULFOX","Wine",
"85629","BIRDS ON A WIRE","Wine",
"85629","BIRDSONG","Wine",
"85629","BISANZIO","Wine",
"85629","BISCAYE BAIE","Wine",
"85629","BISCHOFLICHE WEINGUTER TRIER","Wine",
"85629","BISOL","Wine",
"85629","BISON RIDGE","Wine",
"85629","BITE HARD","Wine",
"85629","BIVIO","Wine",
"85629","BIXIA","Wine",
"85629","BLACK BIRCH","Wine",
"85629","BLACK BOX","Wine",
"85629","BLACK BURGUNDY THOUSAND OAKS","Wine",
"85629","BLACK HOLE VINEYARDS","Wine",
"85629","BLACK OPAL","Wine",
"85629","BLACK POINT","Wine",
"85629","BLACK SLATE","Wine",
"85629","BLACK STALLION ESTATE WINERY","Wine",
"85629","BLACKBERET","Wine",
"85629","BLACKSTONE","Wine",
"85629","BLANC DE BLEU","Wine",
"85629","BLANC DE LYNCH BAGES","Wine",
"85629","BLANK CANVAS","Wine",
"85629","BLASON D'ISSAN","Wine",
"85629","BLASON DE L'EVANGILE","Wine",
"85629","BLEU ROCK VINEYARDS","Wine",
"85629","BLIND TASTE","Wine",
"85629","BLISS","Low Alcohol Beverage",
"85629","BLOC & BARREL","Wine",
"85629","BLOCK 50","Wine",
"85629","BLOCK RED","Wine",
"85629","BLOCK WHITE","Wine",
"85629","BLOKE","Wine",
"85629","BLOOMDUST","Wine",
"85629","BLOSSOM HILL COLLECTION","Wine",
"85629","BLOSSOM HILL WINERY","Wine",
"85629","BLUE FISH","Wine",
"85629","BLUE JEAN","Wine",
"85629","BLUE MARLIN","Wine",
"85629","BLUE NUN","Wine",
"85629","BLUE RIDGE WINERY","Wine",
"85629","BLUE SEIRINA","Wine",
"85629","BLUE'S CORNER","Wine",
"85629","BLUES POINT","Wine",
"85629","BLUFELD","Wine",
"85629","BOARDWALK","Wine",
"85629","BOCCE","Wine",
"85629","BOCELLI","Wine",
"85629","BOCELLI 1831","Wine",
"85629","BODEGA BELGRANO","Wine",
"85629","BODEGA DE SAN ANTONIO","Wine",
"85629","BODEGA FOSTER","Wine",
"85629","BODEGA NORTON","Wine",
"85629","BODEGA Y VINEDOS MAURICIO LORCA","Wine",
"85629","BODEGAS BAI GORRI","Wine",
"85629","BODEGAS BELGRANO","Wine",
"85629","BODEGAS BERCEO","Wine",
"85629","BODEGAS CAMPILLO","Wine",
"85629","BODEGAS CARCHELO","Wine",
"85629","BODEGAS CERROSOL","Wine",
"85629","BODEGAS FONTANA","Wine",
"85629","BODEGAS FUENTESPINA","Wine",
"85629","BODEGAS FUNDADOR","Wine",
"85629","BODEGAS LOS PINOS","Wine",
"85629","BODEGAS MORCA","Wine",
"85629","BODEGAS PAGOS DE ARAIZ","Wine",
"85629","BODEGAS PALACIO","Wine",
"85629","BODEGAS RODA","Wine",
"85629","BODEGAS VERDUGUEZ","Wine",
"85629","BODINI","Wine",
"85629","BODYGUARD","Wine",
"85629","BOGLE FAMILY VINEYARDS","Wine",
"85629","BOGLE VINEYARDS","Wine",
"85629","BOGONI","Wine",
"85629","BOHEMIAN","Wine",
"85629","BOISSIERE","Wine",
"85629","BOLD BULL","Wine",
"85629","BOLD VINE","Wine",
"85629","BOLDLY GO","Wine",
"85629","BOLLA","Wine",
"85629","BOLLICINI","Wine",
"85629","BOLLINI","Wine",
"85629","BOMZZ WINE COCKTAILS","Wine",
"85629","BON MAS","Wine",
"85629","BONDI BLUE","Wine",
"85629","BONESHAKER","Wine",
"85629","BONIZIO","Wine",
"85629","BONVERRE","Wine",
"85629","BOOK CLUB","Wine",
"85629","BOOKER VINEYARD","Wine",
"85629","BOONAROO","Wine",
"85629","BOOTLEG","Wine",
"85629","BORDEAUX COLLECTION TRI VIN","Wine",
"85629","BORGHINI","Wine",
"85629","BORGO CONVENTI","Wine",
"85629","BORGO MAGREDO","Wine",
"85629","BORIE MANOUX","Wine",
"85629","BORN FAB","Wine",
"85629","BORN WILD","Wine",
"85629","BORNE OF FIRE","Wine",
"85629","BOSCARELLI","Wine",
"85629","BOSCHENDAL","Wine",
"85629","BOTA BOX VINEYARDS","Wine",
"85629","BOTA MINI","Wine",
"85629","BOTTEGA","Wine",
"85629","BOTTEGA VINAIA","Wine",
"85629","BOTTLEROCKET SPRITZ","Wine",
"85629","BOUCHARD PERE & FILS","Wine",
"85629","BOUCHIE CHATELLIER","Wine",
"85629","BOUDINAUD","Wine",
"85629","BOUGIE","Wine",
"85629","BOULDER BANK","Wine",
"85629","BOUQUET DE MONBRISON","Wine",
"85629","BOUVET LADUBAY","Wine",
"85629","BOWERS HARBOR VINEYARDS","Wine",
"85629","BOX STAR","Wine",
"85629","BOX WIZE","Wine",
"85629","BOXI","Wine",
"85629","BOYA","Wine",
"85629","BRACCO","Wine",
"85629","BRAIDENWOOD ESTATES","Wine",
"85629","BRAMANTE COSIMI","Wine",
"85629","BRAMPTON","Wine",
"85629","BRANCOTT","Wine",
"85629","BRANCOTT ESTATE","Wine",
"85629","BRANCOTT VINEYARDS","Wine",
"85629","BRANDLIN","Wine",
"85629","BRASS RABBIT","Wine",
"85629","BRAVA TERRA","Wine",
"85629","BRAVEHEART","Wine",
"85629","BRAVIUM","Wine",
"85629","BRAVURA","Wine",
"85629","BRAZIN","Wine",
"85629","BREAD & BUTTER","Wine",
"85629","BREEZETTE","Wine",
"85629","BRENDEL","Wine",
"85629","BRESFORD WINES","Wine",
"85629","BREWER CLIFTON","Wine",
"85629","BRIGHT SPIRITS SHINE","Wine",
"85629","BRIGHTLANDS","Wine",
"85629","BRILLIANT","Wine",
"85629","BRILLO SOLAR","Wine",
"85629","BROKE ESTATES","Wine",
"85629","BROOK HOLLOW","Wine",
"85629","BROWN BROTHERS","Wine",
"85629","BROWNIE POINTS","Wine",
"85629","BRUMEUX","Wine",
"85629","BRUN ESTATE","Wine",
"85629","BRUNO GIACOSA","Wine",
"85629","BUBBLES TONIGHT","Wine",
"85629","BUBBLY CELEBRATION","Wine",
"85629","BUBO","Wine",
"85629","BUCA DI BEPPO","Wine",
"85629","BUCHLI STATION","Wine",
"85629","BUCKELEY'S","Wine",
"85629","BUCKET LIST","Wine",
"85629","BUDHAGIRL","Wine",
"85629","BUEHLER VINEYARDS","Wine",
"85629","BUENA VISTA","Wine",
"85629","BUGLIONI","Wine",
"85629","BUISSON BATTAULT","Wine",
"85629","BULGARIANA","Wine",
"85629","BUMBLEBEE","Wine",
"85629","BUNDLE UP","Wine",
"85629","BUONA STELLA","Wine",
"85629","BURGESS CELLARS","Wine",
"85629","BUSHIDO","Wine",
"85629","BUTTER BOMB","Wine",
"85629","BUTTERFIELD STATION","Wine",
"85629","BUTTERNUT","Wine",
"85629","BUTTERY BOMB","Wine",
"85629","BUTTONS","Wine",
"85629","BYRON","Wine",
"85629","BYRON VINEYARD & WINERY","Wine",
"85629","BZ CELLARS","Wine",
"85629","CA DEI FRATI","Wine",
"85629","CA DONINI","Wine",
"85629","CA WINECRAFT","Wine",
"85629","CA' BERTOLDI","Wine",
"85629","CA' DI RAJO","Wine",
"85629","CA' MAIOL","Wine",
"85629","CA' MONTINI","Wine",
"85629","CA'DEL BOSCO","Wine",
"85629","CA'MARCANDA","Wine",
"85629","CA'MONTINI","Wine",
"85629","CABALLERO DE PLATA","Wine",
"85629","CABIN FEVER","Wine",
"85629","CABREO","Wine",
"85629","CABULOUS","Wine",
"85629","CABUTTO","Wine",
"85629","CADEAUX","Wine",
"85629","CADIS","Wine",
"85629","CADORO","Wine",
"85629","CAFAGGIO","Wine",
"85629","CAFE AGAVE","Wine",
"85629","CAFE DE SANTO","Wine",
"85629","CAKEBREAD CELLARS","Wine",
"85629","CALADAN","Wine",
"85629","CALATRASI","Wine",
"85629","CALEB'S","Wine",
"85629","CALI VINO","Wine",
"85629","CALICE DE FAUGERES","Wine",
"85629","CALIFORNIA 37","Wine",
"85629","CALIFORNIA CONSPIRACY CELLARS","Wine",
"85629","CALIFORNIA CRUSH","Wine",
"85629","CALIFORNIA DREAM","Wine",
"85629","CALIFORNIA ROOTS","Wine",
"85629","CALIFORNIA TRADITIONS","Wine",
"85629","CALIFORNIA'S JEWEL COLLECTION","Wine",
"85629","CALINA","Wine",
"85629","CALISTA","Wine",
"85629","CALISTOGA CELLARS","Wine",
"85629","CALITERRA","Wine",
"85629","CALLAWAY","Wine",
"85629","CALLAWAY COASTAL","Wine",
"85629","CALLE AZUL","Wine",
"85629","CALLIA","Wine",
"85629","CALLIE COLLECTION","Wine",
"85629","CALLING ALL ANGELS","Wine",
"85629","CALON SEGUR","Wine",
"85629","CALVANO","Wine",
"85629","CAMBIASO","Wine",
"85629","CAMBRIA","Wine",
"85629","CAMELOT VINEYARDS","Wine",
"85629","CAMERON HUGHES","Wine",
"85629","CAMILA","Wine",
"85629","CAMINADA","Wine",
"85629","CAMINO CALIXO","Wine",
"85629","CAMPANETA","Wine",
"85629","CAMPO AL MARE","Wine",
"85629","CAMPO DI FIORI","Wine",
"85629","CAMPO DI SASSO","Wine",
"85629","CAMPO ROJA ESPANA","Wine",
"85629","CAMPO VIEJO","Wine",
"85629","CAN BLAU","Wine",
"85629","CANADIAN WICKET","Wine",
"85629","CANALS CANALS","Wine",
"85629","CANDELLS","Wine",
"85629","CANDIDO","Wine",
"85629","CANDLE VINEYARDS","Wine",
"85629","CANDOR","Wine",
"85629","CANEI","Wine",
"85629","CANNED OREGON","Wine",
"85629","CANON 13","Wine",
"85629","CANOPY HILL","Wine",
"85629","CANTAGRILLOS","Wine",
"85629","CANTINA DEL CASTELLO","Wine",
"85629","CANTINA DI MONTALCINO","Wine",
"85629","CANTINA DI ROSA","Wine",
"85629","CANTINA DI SOAVE","Wine",
"85629","CANTINA GIRLAN","Wine",
"85629","CANTINE DI MARCO","Wine",
"85629","CANTINE INTORCIA","Wine",
"85629","CANTORA","Wine",
"85629","CANTUS","Wine",
"85629","CANVAS","Wine",
"85629","CAP ROYAL","Wine",
"85629","CAPARZO","Wine",
"85629","CAPATAZ","Wine",
"85629","CAPENSIS","Wine",
"85629","CAPOSALDO","Wine",
"85629","CAPRI","Wine",
"85629","CAPRICCIO","Wine",
"85629","CAPRICCIO SPIRITS CO","Low Alcohol Beverage",
"85629","CAPRICCIO TAKE OUT COCKTAILS","Wine",
"85629","CAPTURE WINES","Wine",
"85629","CARA A CARA","Wine",
"85629","CARAVAN","Wine",
"85629","CARDINAL ZIN","Wine",
"85629","CARDINALE","Wine",
"85629","CARICATURE","Wine",
"85629","CARMAZZI","Wine",
"85629","CARMEL ROAD","Wine",
"85629","CARMENET","Wine",
"85629","CARMES DE RIEUSSEC","Wine",
"85629","CARNEROS CREEK","Wine",
"85629","CARNEROS SPRINGS","Wine",
"85629","CARNISSI","Wine",
"85629","CARO","Wine",
"85629","CARPE DIEM","Wine",
"85629","CARRAMAR ESTATE","Wine",
"85629","CARRETE","Wine",
"85629","CARRUADES DE LAFITE","Wine",
"85629","CARTA VIEJA","Wine",
"85629","CARTLIDGE & BROWNE","Wine",
"85629","CARYS","Wine",
"85629","CASA AZUL","Low Alcohol Beverage",
"85629","CASA CANTINA","Wine",
"85629","CASA DEI FAVERI","Wine",
"85629","CASA FARIVE","Wine",
"85629","CASA FERREIRINHA","Wine",
"85629","CASA NATAL","Wine",
"85629","CASA SILVA","Wine",
"85629","CASA VALDUGA","Wine",
"85629","CASA VINICOLA BRUNO GIACOSA","Wine",
"85629","CASABELLA","Wine",
"85629","CASADO MORALES","Wine",
"85629","CASAL GARCIA","Wine",
"85629","CASAL THAULERO","Wine",
"85629","CASALEIRO","Wine",
"85629","CASALS","Wine",
"85629","CASAMATTA","Wine",
"85629","CASARENA","Wine",
"85629","CASARSA","Wine",
"85629","CASASMITH","Wine",
"85629","CASINO DELLE VIE","Wine",
"85629","CASK & BARREL","Wine",
"85629","CASS","Wine",
"85629","CASS WINERY","Wine",
"85629","CASTEL FIRMIAN","Wine",
"85629","CASTELGIOCONDO","Wine",
"85629","CASTELGREVE","Wine",
"85629","CASTELLANI","Wine",
"85629","CASTELLO BANFI","Wine",
"85629","CASTELLO DEL TERRICCIO","Wine",
"85629","CASTELLO DELLA SALA","Wine",
"85629","CASTELLO DI MONASTERO","Wine",
"85629","CASTELLO DI QUERCETO","Wine",
"85629","CASTELLO DI VERRAZZANO","Wine",
"85629","CASTELLO DI VOLPAIA","Wine",
"85629","CASTELLO FONTERUTOLI","Wine",
"85629","CASTELLO MONTAUTO","Wine",
"85629","CASTELLO NIPOZZANO","Wine",
"85629","CASTELLO POMINO","Wine",
"85629","CASTELNAU DE SUDUIRAUT","Wine",
"85629","CASTIGLION DEL BOSCO","Wine",
"85629","CASTIGLIONI","Wine",
"85629","CASTILLO DE LOGRONO","Wine",
"85629","CASTILLO DE MOLINA","Wine",
"85629","CASTILLO MONTE LA REINA","Wine",
"85629","CASTILLO SAN SIMON","Wine",
"85629","CASTILLO YGAY","Wine",
"85629","CAT HOLLOW","Cider",
"85629","CAT TAILS","Wine",
"85629","CATALINA SOUNDS","Wine",
"85629","CAVAS HILL","Wine",
"85629","CAVATINA PREMIUM","Wine",
"85629","CAVE & COVE","Wine",
"85629","CAVES ALIANCA","Wine",
"85629","CAVES DES PAPES","Wine",
"85629","CAVIRO","Wine",
"85629","CAVIT","Wine",
"85629","CAVIT ADVENT CALENDAR","Wine",
"85629","CAVORY","Wine",
"85629","CAYWOOD","Wine",
"85629","CECCHETTI SEBASTIANI","Wine",
"85629","CECCHI","Wine",
"85629","CEDAR + SALMON","Wine",
"85629","CEDARVILLE VINEYARD","Wine",
"85629","CEDERBERG","Wine",
"85629","CEFIRO","Wine",
"85629","CELANI FAMILY VINEYARDS","Wine",
"85629","CELEBRATE FRIENDS","Wine",
"85629","CELEBRATE WITH SPARKLE","Wine",
"85629","CELEBRITY CELLARS","Wine",
"85629","CELLA","Wine",
"85629","CELLAR BOX","Wine",
"85629","CELLAR FOUR79","Wine",
"85629","CELLAR NO 8","Wine",
"85629","CELLER BARCELONA","Wine",
"85629","CELLER FRANCISCO CASTILLO","Wine",
"85629","CELLERS CAPAFONS OSSO","Wine",
"85629","CELLERS FUENTES","Wine",
"85629","CELLIER DES PRINCES COTES DU RHONE","Wine",
"85629","CENSE","Wine",
"85629","CENTINE","Wine",
"85629","CENTURY CELLARS","Wine",
"85629","CENYTH","Wine",
"85629","CEPPAIANO","Wine",
"85629","CERES FR","Wine",
"85629","CERETTO","Wine",
"85629","CERRUTI CELLARS","Wine",
"85629","CERULLI IRELLI SPINOZZI","Wine",
"85629","CEU DO NORTE","Wine",
"85629","CHACRA","Wine",
"85629","CHACRAS","Wine",
"85629","CHAGUAL","Wine",
"85629","CHAINED MELODY","Wine",
"85629","CHAKRAS","Wine",
"85629","CHALK HILL","Wine",
"85629","CHALONE VINEYARD","Wine",
"85629","CHAMP DE REVES","Wine",
"85629","CHAMPAGNE BARONS DE ROTHSCHILD","Wine",
"85629","CHAMPAGNE BOIZEL","Wine",
"85629","CHAMPAGNE HENRIOT","Wine",
"85629","CHAMPAGNE MANDOIS","Wine",
"85629","CHAMPAGNE NOMINE RENARD","Wine",
"85629","CHAMPAGNE SABINE GODME","Wine",
"85629","CHAMPS ANCIENS","Wine",
"85629","CHAMPS DE FOIN","Wine",
"85629","CHANDELIER","Wine",
"85629","CHANDON","Wine",
"85629","CHANTEFLEUR","Wine",
"85629","CHAPELLE DE POTENSAC","Wine",
"85629","CHARAMBA","Wine",
"85629","CHARDONYEAH","Wine",
"85629","CHARLES & CHARLES","Wine",
"85629","CHARLES DEBOURGES","Wine",
"85629","CHARLES HEIDSIECK","Wine",
"85629","CHARLES MONTAINE","Wine",
"85629","CHARLES SMITH FAMILY","Wine",
"85629","CHARONGE","Wine",
"85629","CHASE CREEK WINE","Wine",
"85629","CHASE LIMOGERE","Wine",
"85629","CHATEAU ALEXANDRE","Wine",
"85629","CHATEAU AME DE VIAUD","Wine",
"85629","CHATEAU ANGELUS","Wine",
"85629","CHATEAU ASCENSION","Wine",
"85629","CHATEAU BALLAN LARQUETTE","Wine",
"85629","CHATEAU BARACAN","Wine",
"85629","CHATEAU BARBEYROLLES","Wine",
"85629","CHATEAU BARON BELLEVUE","Wine",
"85629","CHATEAU BARRAIL LAUSSAC","Wine",
"85629","CHATEAU BAS","Wine",
"85629","CHATEAU BASTOR LAMONTAGNE","Wine",
"85629","CHATEAU BEAU SEJOUR BECOT","Wine",
"85629","CHATEAU BEAUMONT","Wine",
"85629","CHATEAU BEAUREGARD DUCASSE","Wine",
"85629","CHATEAU BEAUSEJOUR","Wine",
"85629","CHATEAU BEL AIR GLORIA","Wine",
"85629","CHATEAU BELEGRAVE","Wine",
"85629","CHATEAU BELLE GARDE","Wine",
"85629","CHATEAU BELLE VUE","Wine",
"85629","CHATEAU BELLEFONT BELCIER","Wine",
"85629","CHATEAU BELLEGRAVE","Wine",
"85629","CHATEAU BELLEVUE","Wine",
"85629","CHATEAU BELLEVUE D'AMECOURT","Wine",
"85629","CHATEAU BELLEVUE PEYCHARNEAU","Wine",
"85629","CHATEAU BERBILLOT","Wine",
"85629","CHATEAU BERNON BECOT","Wine",
"85629","CHATEAU BERTHENON","Wine",
"85629","CHATEAU BEYCHEVELLE","Wine",
"85629","CHATEAU BILTMORE","Wine",
"85629","CHATEAU BLAIGNAN","Wine",
"85629","CHATEAU BOUSCAUT","Wine",
"85629","CHATEAU BOYD CANTENAC","Wine",
"85629","CHATEAU BRANAIRE","Wine",
"85629","CHATEAU BRANE CANTENAC","Wine",
"85629","CHATEAU BRILLETTE","Wine",
"85629","CHATEAU BROUSTET","Wine",
"85629","CHATEAU BROWN","Wine",
"85629","CHATEAU BROWN LAMARTINE","Wine",
"85629","CHATEAU CABRIERES","Wine",
"85629","CHATEAU CALON SEGUR","Wine",
"85629","CHATEAU CAMENSAC","Wine",
"85629","CHATEAU CANON","Wine",
"85629","CHATEAU CANON CLOS CANON","Wine",
"85629","CHATEAU CANON LA GAFFELIERE","Wine",
"85629","CHATEAU CANTELOUP LESTAGE","Wine",
"85629","CHATEAU CANTEMERLE","Wine",
"85629","CHATEAU CANTENAC BROWN","Wine",
"85629","CHATEAU CANUET","Wine",
"85629","CHATEAU CAP DE BIOLET","Wine",
"85629","CHATEAU CAP DE FAUGERES","Wine",
"85629","CHATEAU CAPBERN","Wine",
"85629","CHATEAU CAPET DUVERGER","Wine",
"85629","CHATEAU CARBONNIEUX","Wine",
"85629","CHATEAU CARLMAGNUS","Wine",
"85629","CHATEAU CASCADAIS","Wine",
"85629","CHATEAU CASTEGENS","Wine",
"85629","CHATEAU CAZAL VIEL","Wine",
"85629","CHATEAU CAZEAUX","Wine",
"85629","CHATEAU CERTAN MARZELLE","Wine",
"85629","CHATEAU CHAMBEAU","Wine",
"85629","CHATEAU CHANTALOUETTE","Wine",
"85629","CHATEAU CHANTEMERLE","Wine",
"85629","CHATEAU CHARMAIL","Wine",
"85629","CHATEAU CHASSE SPLEEN","Wine",
"85629","CHATEAU CHEVAL BLANC","Wine",
"85629","CHATEAU CITRAN","Wine",
"85629","CHATEAU CIVRAC LAGRANGE","Wine",
"85629","CHATEAU CLARKE","Wine",
"85629","CHATEAU CLAUSS","Wine",
"85629","CHATEAU CLERC MILON","Wine",
"85629","CHATEAU CLINET","Wine",
"85629","CHATEAU CLOS L'EGLISE","Wine",
"85629","CHATEAU CONE TAILLASSON SABOURIN","Wine",
"85629","CHATEAU CORBIN","Wine",
"85629","CHATEAU CORDEILLAN BAGES","Wine",
"85629","CHATEAU CORMEIL FIGEAC","Wine",
"85629","CHATEAU COS D'ESTOURNEL","Wine",
"85629","CHATEAU COTE DE BALEAU","Wine",
"85629","CHATEAU COTE MONTPEZAT","Wine",
"85629","CHATEAU COURAC","Wine",
"85629","CHATEAU COUTET","Wine",
"85629","CHATEAU CRISP","Wine",
"85629","CHATEAU CROIX CARDINALE","Wine",
"85629","CHATEAU CROIX FIGEAC","Wine",
"85629","CHATEAU CROIX MOUTON","Wine",
"85629","CHATEAU D'AIGUILHE","Wine",
"85629","CHATEAU D'ANICE","Wine",
"85629","CHATEAU D'AQUERIA","Wine",
"85629","CHATEAU D'ARCHE","Wine",
"85629","CHATEAU D'ARGADENS","Wine",
"85629","CHATEAU D'ARMAILHAC","Wine",
"85629","CHATEAU D'ARSAC","Wine",
"85629","CHATEAU D'ARTHUS","Wine",
"85629","CHATEAU D'EPIRE","Wine",
"85629","CHATEAU D'ESCLANS","Wine",
"85629","CHATEAU D'ISSAN","Wine",
"85629","CHATEAU D'YQUEM","Wine",
"85629","CHATEAU DALLAU","Wine",
"85629","CHATEAU DASSAULT","Wine",
"85629","CHATEAU DAUZAC","Wine",
"85629","CHATEAU DE BEAULIEU","Wine",
"85629","CHATEAU DE BELCIER","Wine",
"85629","CHATEAU DE BERNE","Wine",
"85629","CHATEAU DE BERTINEAU","Wine",
"85629","CHATEAU DE CAMARSAC","Wine",
"85629","CHATEAU DE CANDALE","Wine",
"85629","CHATEAU DE CHAMBOUREAU","Wine",
"85629","CHATEAU DE DRACY","Wine",
"85629","CHATEAU DE FIEUZAL","Wine",
"85629","CHATEAU DE FONSALETTE","Wine",
"85629","CHATEAU DE FRANCS","Wine",
"85629","CHATEAU DE GOULAINE","Wine",
"85629","CHATEAU DE GREZELS","Wine",
"85629","CHATEAU DE JAU","Wine",
"85629","CHATEAU DE L'OISELINIERE","Wine",
"85629","CHATEAU DE LA CHAIZE","Wine",
"85629","CHATEAU DE LA COSTE","Wine",
"85629","CHATEAU DE LA COUR D'ARGENT","Wine",
"85629","CHATEAU DE LA VIEILLE TOUR","Wine",
"85629","CHATEAU DE LAMARQUE","Wine",
"85629","CHATEAU DE LAUNAY","Wine",
"85629","CHATEAU DE LAUSSAC","Wine",
"85629","CHATEAU DE LAVILLE","Wine",
"85629","CHATEAU DE LYDE","Wine",
"85629","CHATEAU DE MACARD","Wine",
"85629","CHATEAU DE MALIGNY","Wine",
"85629","CHATEAU DE MALLE","Wine",
"85629","CHATEAU DE MALLERET","Wine",
"85629","CHATEAU DE PERRON","Wine",
"85629","CHATEAU DE PEZ","Wine",
"85629","CHATEAU DE PIC","Wine",
"85629","CHATEAU DE PITRAY","Wine",
"85629","CHATEAU DE PONCIE","Wine",
"85629","CHATEAU DE PRESSAC","Wine",
"85629","CHATEAU DE RIBEBON","Wine",
"85629","CHATEAU DE ROQUEBRUNE","Wine",
"85629","CHATEAU DE SAINT PEY","Wine",
"85629","CHATEAU DE SAINT PHILIPPE","Wine",
"85629","CHATEAU DE SALES","Wine",
"85629","CHATEAU DE SEIZE","Wine",
"85629","CHATEAU DE VAUDIEU","Wine",
"85629","CHATEAU DE VILLAMBIS","Wine",
"85629","CHATEAU DES ARNAUDS","Wine",
"85629","CHATEAU DES BACHELARDS","Wine",
"85629","CHATEAU DES CRES RICARDS","Wine",
"85629","CHATEAU DES GRAVES","Wine",
"85629","CHATEAU DES JACQUES","Wine",
"85629","CHATEAU DES LAURETS BARON","Wine",
"85629","CHATEAU DES LEOTINS","Wine",
"85629","CHATEAU DES ORMEAUX","Wine",
"85629","CHATEAU DES ROCHERS","Wine",
"85629","CHATEAU DES ROCHES","Wine",
"85629","CHATEAU DES TOURS","Wine",
"85629","CHATEAU DEYREM VALENTIN","Wine",
"85629","CHATEAU DOMI COURS","Wine",
"85629","CHATEAU DOYAC","Wine",
"85629","CHATEAU DU BEAU VALLON","Wine",
"85629","CHATEAU DU CAILLAU","Wine",
"85629","CHATEAU DU COUDRAY MONTPENSIER","Wine",
"85629","CHATEAU DU GLANA","Wine",
"85629","CHATEAU DU GRAND BERN","Wine",
"85629","CHATEAU DU GRAND MAINE","Wine",
"85629","CHATEAU DU LUC","Wine",
"85629","CHATEAU DU MARGAUX","Wine",
"85629","CHATEAU DU PEUIL","Wine",
"85629","CHATEAU DU PIN","Wine",
"85629","CHATEAU DU PORT","Wine",
"85629","CHATEAU DU RAGON","Wine",
"85629","CHATEAU DU RAUX","Wine",
"85629","CHATEAU DU TERTRE","Wine",
"85629","CHATEAU DU TRIGNON","Wine",
"85629","CHATEAU DUCRU BEAUCAILLOU","Wine",
"85629","CHATEAU DUHART MILON","Wine",
"85629","CHATEAU DULUC","Wine",
"85629","CHATEAU DURFORT VIVENS","Wine",
"85629","CHATEAU FAUGERES","Wine",
"85629","CHATEAU FAURIE DE SOUCHARD","Wine",
"85629","CHATEAU FAYAN","Wine",
"85629","CHATEAU FERRAN","Wine",
"85629","CHATEAU FERRIERE","Wine",
"85629","CHATEAU FEYTIT CLINET","Wine",
"85629","CHATEAU FIGEAC","Wine",
"85629","CHATEAU FINET","Wine",
"85629","CHATEAU FOMBRAUGE","Wine",
"85629","CHATEAU FONBADET","Wine",
"85629","CHATEAU FONFROIDE","Wine",
"85629","CHATEAU FONTESTEAU","Wine",
"85629","CHATEAU FONTJONCOUSE","Wine",
"85629","CHATEAU FOURCAS DUPRE","Wine",
"85629","CHATEAU FOURCAS HOSTEN","Wine",
"85629","CHATEAU FRANC COUPLET","Wine",
"85629","CHATEAU FUISSE","Wine",
"85629","CHATEAU GAILLARD","Wine",
"85629","CHATEAU GALAU","Wine",
"85629","CHATEAU GARDAT","Wine",
"85629","CHATEAU GAYON","Wine",
"85629","CHATEAU GAZIN","Wine",
"85629","CHATEAU GILLET","Wine",
"85629","CHATEAU GISCOURS","Wine",
"85629","CHATEAU GLORIA","Wine",
"85629","CHATEAU GLORIA ST JULIEN","Wine",
"85629","CHATEAU GODEAU DUCARPE","Wine",
"85629","CHATEAU GRAND BARRAIL LAMARZELLE FIGEAC","Wine",
"85629","CHATEAU GRAND MAYNE","Wine",
"85629","CHATEAU GRAND PASCAUD","Wine",
"85629","CHATEAU GRAND PUY DUCASSE","Wine",
"85629","CHATEAU GRAND PUY LACOSTE","Wine",
"85629","CHATEAU GRANGE NEUVE","Wine",
"85629","CHATEAU GRAVELIER","Wine",
"85629","CHATEAU GUEYDON","Wine",
"85629","CHATEAU GUIRAUD CHEVAL BLANC","Wine",
"85629","CHATEAU HANTEILLAN","Wine",
"85629","CHATEAU HARMONIE","Wine",
"85629","CHATEAU HAUT BAGES AVEROUS","Wine",
"85629","CHATEAU HAUT BAGES LIBERAL","Wine",
"85629","CHATEAU HAUT BAILLY","Wine",
"85629","CHATEAU HAUT BEAUSEJOUR","Wine",
"85629","CHATEAU HAUT BERGERON","Wine",
"85629","CHATEAU HAUT BERGEY","Wine",
"85629","CHATEAU HAUT BRION","Wine",
"85629","CHATEAU HAUT BRISSON","Wine",
"85629","CHATEAU HAUT CADET","Wine",
"85629","CHATEAU HAUT CANTELOUP","Wine",
"85629","CHATEAU HAUT COLOMBIER","Wine",
"85629","CHATEAU HAUT COTEAU","Wine",
"85629","CHATEAU HAUT L'EVEQUE","Wine",
"85629","CHATEAU HAUT LA VALETTE","Wine",
"85629","CHATEAU HAUT LANDON","Wine",
"85629","CHATEAU HAUT MAURAC","Wine",
"85629","CHATEAU HAUT MAURIN","Wine",
"85629","CHATEAU HAUT MONDAIN","Wine",
"85629","CHATEAU HAUT PASQUET","Wine",
"85629","CHATEAU HAUT PEYRUGUET","Wine",
"85629","CHATEAU HAUT PEZAT","Wine",
"85629","CHATEAU HAUT POURJAC","Wine",
"85629","CHATEAU HAUT ROCHER","Wine",
"85629","CHATEAU HAUT SOCIONDO","Wine",
"85629","CHATEAU HOCLET","Wine",
"85629","CHATEAU HOSANNA","Wine",
"85629","CHATEAU HUSSON","Wine",
"85629","CHATEAU IMPERIAL","Wine",
"85629","CHATEAU KIRWAN","Wine",
"85629","CHATEAU L'ANGELUS","Wine",
"85629","CHATEAU L'ECUYER","Wine",
"85629","CHATEAU L'EVANGILE","Wine",
"85629","CHATEAU LA BRANDE","Wine",
"85629","CHATEAU LA CAVE DU ROC","Wine",
"85629","CHATEAU LA CHAPELLE AUX MOINES","Wine",
"85629","CHATEAU LA COMMANDERIE","Wine",
"85629","CHATEAU LA COMMANDERIE DE SAINT GENIS","Wine",
"85629","CHATEAU LA COMMANDERIE DU BARDELET","Wine",
"85629","CHATEAU LA COURONNE","Wine",
"85629","CHATEAU LA COUSPAUDE","Wine",
"85629","CHATEAU LA CROIX ST ANDRE","Wine",
"85629","CHATEAU LA DEVINE","Wine",
"85629","CHATEAU LA FLEUR DE BOUARD","Wine",
"85629","CHATEAU LA FLEUR POURRET","Wine",
"85629","CHATEAU LA FON DU BERGER","Wine",
"85629","CHATEAU LA FRANCE","Wine",
"85629","CHATEAU LA FREYNELLE","Wine",
"85629","CHATEAU LA GOMERIE","Wine",
"85629","CHATEAU LA GRACE DIEU","Wine",
"85629","CHATEAU LA GRANDE NOVE","Wine",
"85629","CHATEAU LA GRANGE D'ORLEAN","Wine",
"85629","CHATEAU LA GURGUE","Wine",
"85629","CHATEAU LA HAUTE CLAYMORE","Wine",
"85629","CHATEAU LA JUSTICE","Wine",
"85629","CHATEAU LA LAGUNE","Wine",
"85629","CHATEAU LA MISSION HAUT BRION","Wine",
"85629","CHATEAU LA MISSION HAUT BRION GRAVES","Wine",
"85629","CHATEAU LA NERTHE","Wine",
"85629","CHATEAU LA PAWS","Wine",
"85629","CHATEAU LA PIERRIERE","Wine",
"85629","CHATEAU LA POINTE","Wine",
"85629","CHATEAU LA REVERENCE","Wine",
"85629","CHATEAU LA RIVIERE","Wine",
"85629","CHATEAU LA ROSE DU PIN","Wine",
"85629","CHATEAU LA SALLE","Wine",
"85629","CHATEAU LA SOULEGE","Wine",
"85629","CHATEAU LA TOUR CARNET","Wine",
"85629","CHATEAU LA TOUR DE BESSAN","Wine",
"85629","CHATEAU LA TOUR DE L'EVEQUE","Wine",
"85629","CHATEAU LA TOUR DE SEGUR","Wine",
"85629","CHATEAU LA TOUR FIGEAC","Wine",
"85629","CHATEAU LA TOUR HAUT BRION","Wine",
"85629","CHATEAU LABEGORCE","Wine",
"85629","CHATEAU LABEGORCE ZEDE","Wine",
"85629","CHATEAU LABOURE ROI","Wine",
"85629","CHATEAU LAFFITTE CARCASSET","Wine",
"85629","CHATEAU LAFFITTE LAUJAC","Wine",
"85629","CHATEAU LAFITE ROTHSCHILD","Wine",
"85629","CHATEAU LAFLEUR GAZIN","Wine",
"85629","CHATEAU LAFOND","Wine",
"85629","CHATEAU LAFONT MENAUT","Wine",
"85629","CHATEAU LAGRANGE","Wine",
"85629","CHATEAU LAJARRE","Wine",
"85629","CHATEAU LALANDE","Wine",
"85629","CHATEAU LALANDE BORIE","Wine",
"85629","CHATEAU LALANDE DE GRAVET","Wine",
"85629","CHATEAU LAMARGUE","Wine",
"85629","CHATEAU LAMOTHE BERGERON","Wine",
"85629","CHATEAU LAMOTHE VINCENT","Wine",
"85629","CHATEAU LANGOA BARTON","Wine",
"85629","CHATEAU LAQUIROU","Wine",
"85629","CHATEAU LARIBOTTE","Wine",
"85629","CHATEAU LAROQUE","Wine",
"85629","CHATEAU LARRIVAUX","Wine",
"85629","CHATEAU LASCOMBES","Wine",
"85629","CHATEAU LATASTE","Wine",
"85629","CHATEAU LATOUR","Wine",
"85629","CHATEAU LATOUR MARTILLAC","Wine",
"85629","CHATEAU LE BOSCQ","Wine",
"85629","CHATEAU LE CONE","Wine",
"85629","CHATEAU LE GRAND MOULIN","Wine",
"85629","CHATEAU LE MOULIN BASILEUS","Wine",
"85629","CHATEAU LE PAPE","Wine",
"85629","CHATEAU LE PRIEURE","Wine",
"85629","CHATEAU LE ROC","Wine",
"85629","CHATEAU LE ROUDIER","Wine",
"85629","CHATEAU LEOVILLE BARTON","Wine",
"85629","CHATEAU LEOVILLE LAS CASES","Wine",
"85629","CHATEAU LEOVILLE POYFERRE","Wine",
"85629","CHATEAU LES AUBIERS","Wine",
"85629","CHATEAU LES CARMES HAUT BRION","Wine",
"85629","CHATEAU LES DAMES DE LA RENARDIERE","Wine",
"85629","CHATEAU LES GARELLES","Wine",
"85629","CHATEAU LES GRANDS MARECHAUX","Wine",
"85629","CHATEAU LES GRAVIERES","Wine",
"85629","CHATEAU LES JUSTICES","Wine",
"85629","CHATEAU LES ORMES DE PEZ","Wine",
"85629","CHATEAU LES PASQUETS","Wine",
"85629","CHATEAU LES PINS","Wine",
"85629","CHATEAU LES TROIS CROIX","Wine",
"85629","CHATEAU LES VIEILLES MURAILLES","Wine",
"85629","CHATEAU LHORENS","Wine",
"85629","CHATEAU LIEUJEAN","Wine",
"85629","CHATEAU LILIAN LADOUYS","Wine",
"85629","CHATEAU LISTRAN","Wine",
"85629","CHATEAU LONGUEVILLE AU BARON DE PICHON LONGUEVILLE","Wine",
"85629","CHATEAU LOUDENNE","Wine",
"85629","CHATEAU LOUIS","Wine",
"85629","CHATEAU LUCHEY HALDE","Wine",
"85629","CHATEAU LUSSEAU","Wine",
"85629","CHATEAU LYNCH BAGES","Wine",
"85629","CHATEAU MACQUIN","Wine",
"85629","CHATEAU MAGDELAINE","Wine",
"85629","CHATEAU MAILLET","Wine",
"85629","CHATEAU MAISON BLANCHE","Wine",
"85629","CHATEAU MALARTIC LAGRAVIERE","Wine",
"85629","CHATEAU MALIJAY","Wine",
"85629","CHATEAU MALLARD LES ROUSSEAUX","Wine",
"85629","CHATEAU MALMAISON","Wine",
"85629","CHATEAU MARCHAND","Wine",
"85629","CHATEAU MARGAUX","Wine",
"85629","CHATEAU MARJOSSE","Wine",
"85629","CHATEAU MARQUIS D'ALESME","Wine",
"85629","CHATEAU MARQUIS DE CALON","Wine",
"85629","CHATEAU MARQUIS DE TERME","Wine",
"85629","CHATEAU MARTIN","Wine",
"85629","CHATEAU MATERRE","Wine",
"85629","CHATEAU MAUCOIL","Wine",
"85629","CHATEAU MAUSSE","Wine",
"85629","CHATEAU MENAUT","Wine",
"85629","CHATEAU MEYNEY","Wine",
"85629","CHATEAU MINUTY","Wine",
"85629","CHATEAU MIQUEL","Wine",
"85629","CHATEAU MIQUEU","Wine",
"85629","CHATEAU MOINE MARTIN","Wine",
"85629","CHATEAU MONBOUSQUET","Wine",
"85629","CHATEAU MONGRAVEY","Wine",
"85629","CHATEAU MONSAN ESTEBE","Wine",
"85629","CHATEAU MONT REDON","Wine",
"85629","CHATEAU MONTROSE","Wine",
"85629","CHATEAU MORIN","Wine",
"85629","CHATEAU MOULIN DE LA BRIDANE","Wine",
"85629","CHATEAU MOULIN DE VIGNOLLE","Wine",
"85629","CHATEAU MOULIN DES RICHARDS","Wine",
"85629","CHATEAU MOULIN DU CADET","Wine",
"85629","CHATEAU MOULINET","Wine",
"85629","CHATEAU MOUTON ROTHSCHILD","Wine",
"85629","CHATEAU NENIN","Wine",
"85629","CHATEAU NOAILLAC","Wine",
"85629","CHATEAU ODILON","Wine",
"85629","CHATEAU OLIVIER","Wine",
"85629","CHATEAU ORMES DE PEZ","Wine",
"85629","CHATEAU PALMER","Wine",
"85629","CHATEAU PALOUMEY","Wine",
"85629","CHATEAU PAPE CLEMENT","Wine",
"85629","CHATEAU PATRIS QUERRE","Wine",
"85629","CHATEAU PAUL MAS","Wine",
"85629","CHATEAU PAVIE","Wine",
"85629","CHATEAU PAVIE MACQUIN","Wine",
"85629","CHATEAU PECH LATT","Wine",
"85629","CHATEAU PEDESCLAUX","Wine",
"85629","CHATEAU PETIT CLOS DU ROY","Wine",
"85629","CHATEAU PETIT FIGEAC","Wine",
"85629","CHATEAU PETIT FREYLON","Wine",
"85629","CHATEAU PETIT ROUBIE","Wine",
"85629","CHATEAU PEY DE PONT","Wine",
"85629","CHATEAU PEYMOUTON","Wine",
"85629","CHATEAU PEYRASSOL","Wine",
"85629","CHATEAU PEYREDON LAGRAVETTE","Wine",
"85629","CHATEAU PHELAN SEGUR","Wine",
"85629","CHATEAU PIBRAN","Wine",
"85629","CHATEAU PICARD","Wine",
"85629","CHATEAU PICHON BARON","Wine",
"85629","CHATEAU PICHON COMTESEE","Wine",
"85629","CHATEAU PICHON COMTESSE","Wine",
"85629","CHATEAU PICHON LONGUEVILLE COMTESSE DE LALANDE","Wine",
"85629","CHATEAU PICON","Wine",
"85629","CHATEAU PICQUE CAILLOU","Wine",
"85629","CHATEAU PLAIZIRS","Wine",
"85629","CHATEAU PLANERES","Wine",
"85629","CHATEAU PLANTEY","Wine",
"85629","CHATEAU PONT DE MOUQUET","Wine",
"85629","CHATEAU PONTET CANET","Wine",
"85629","CHATEAU POTENSAC","Wine",
"85629","CHATEAU POUGET","Wine",
"85629","CHATEAU POUJEAUX","Wine",
"85629","CHATEAU PREUILLAC","Wine",
"85629","CHATEAU PUY BLANQUET","Wine",
"85629","CHATEAU PUY BOYREIN","Wine",
"85629","CHATEAU PUY CASTERA","Wine",
"85629","CHATEAU QUINTUS","Wine",
"85629","CHATEAU RASQUE","Wine",
"85629","CHATEAU RAUZAN GASSIES","Wine",
"85629","CHATEAU RAUZAN SEGLA","Wine",
"85629","CHATEAU RAYAS","Wine",
"85629","CHATEAU REINE BLANCHE","Wine",
"85629","CHATEAU RESPIDE MEDEVILLE","Wine",
"85629","CHATEAU REYNELLA","Wine",
"85629","CHATEAU RICHEBON","Wine",
"85629","CHATEAU RIEUSSEC","Wine",
"85629","CHATEAU ROC DE BECOT","Wine",
"85629","CHATEAU ROC DU PIN","Wine",
"85629","CHATEAU ROCHERS BELLEVUE","Wine",
"85629","CHATEAU ROL VALENTIN","Wine",
"85629","CHATEAU ROLAND LA GARDE","Wine",
"85629","CHATEAU ROLLAN DE BY","Wine",
"85629","CHATEAU ROQUEFEUILLE","Wine",
"85629","CHATEAU ROQUEFORT","Wine",
"85629","CHATEAU ROQUEGRAVE","Wine",
"85629","CHATEAU ROUSSET CAILLAU","Wine",
"85629","CHATEAU SABY","Wine",
"85629","CHATEAU SAINT ANDRE CORBIN","Wine",
"85629","CHATEAU SAINT GEORGES","Wine",
"85629","CHATEAU SAINT GERMAIN","Wine",
"85629","CHATEAU SAINT HUBERT","Wine",
"85629","CHATEAU SAINT PIERRE","Wine",
"85629","CHATEAU SAINT SULPICE","Wine",
"85629","CHATEAU SAINTAYME","Wine",
"85629","CHATEAU SAINTE COLOMBE","Wine",
"85629","CHATEAU SAINTE MARGUERITE","Wine",
"85629","CHATEAU SEIGNEURIE DE MURVIEL","Wine",
"85629","CHATEAU SENEJAC","Wine",
"85629","CHATEAU SIAURAC","Wine",
"85629","CHATEAU SIMARD","Wine",
"85629","CHATEAU SIRAN","Wine",
"85629","CHATEAU SMITH HAUT LAFITTE","Wine",
"85629","CHATEAU SOCIANDO MALLET","Wine",
"85629","CHATEAU SOUVERAIN","Wine",
"85629","CHATEAU STE MICHELLE","Wine",
"85629","CHATEAU TAILLEFER","Wine",
"85629","CHATEAU TALBOT","Wine",
"85629","CHATEAU TERRES DES GRANGES","Wine",
"85629","CHATEAU TESSENDEY","Wine",
"85629","CHATEAU TEYNAC","Wine",
"85629","CHATEAU TEYSSIER","Wine",
"85629","CHATEAU THOMAS","Wine",
"85629","CHATEAU TIMBERLAY","Wine",
"85629","CHATEAU TOUR CALON","Wine",
"85629","CHATEAU TOUR DU HAUT MOULIN","Wine",
"85629","CHATEAU TOUR DU ROCH MILON","Wine",
"85629","CHATEAU TOUR HAUT CAUSSAN","Wine",
"85629","CHATEAU TOUR LEOGNAN","Wine",
"85629","CHATEAU TOUR PIBRAN","Wine",
"85629","CHATEAU TOUR SAINT CHRISTOPHE","Wine",
"85629","CHATEAU TOURNEFEUILLE","Wine",
"85629","CHATEAU TOUZIGNAN","Wine",
"85629","CHATEAU TRIANON","Wine",
"85629","CHATEAU TRIMOULET","Wine",
"85629","CHATEAU TRONQUOY LALANDE","Wine",
"85629","CHATEAU TROPLONG MONDOT","Wine",
"85629","CHATEAU TROUPIAN","Wine",
"85629","CHATEAU TUILERIE PLAISANCE","Wine",
"85629","CHATEAU VAL JOANIS","Wine",
"85629","CHATEAU VIEUX CHEVROL","Wine",
"85629","CHATEAU VIEUX MAILLET","Wine",
"85629","CHATEAU VIEUX MAURAC","Wine",
"85629","CHATEAU VIEUX ROBIN","Wine",
"85629","CHATEAU VIGNOT","Wine",
"85629","CHATEAU VILLA BEL AIR","Wine",
"85629","CHATEAU VILLARS","Wine",
"85629","CHATEAU WOLTNER","Wine",
"85629","CHATREAU DUHART MILON","Wine",
"85629","CHE GAUCHO","Wine",
"85629","CHECKERBOARD VINEYARDS","Wine",
"85629","CHEMISTRY","Wine",
"85629","CHENE BLEU","Wine",
"85629","CHERISHED MEMORIES","Wine",
"85629","CHERRIES & RAINBOWS","Wine",
"85629","CHEURLIN","Wine",
"85629","CHEURLIN THOMAS","Wine",
"85629","CHEVAL DES ANDES","Wine",
"85629","CHIARANDA","Wine",
"85629","CHIC BARCELONA","Wine",
"85629","CHICKEN RUN","Wine",
"85629","CHIETENO","Wine",
"85629","CHIKURIN","Wine",
"85629","CHILDRESS VINEYARDS","Wine",
"85629","CHILL OUT","Wine",
"85629","CHIMAYO RED CHILE WINE","Wine",
"85629","CHIMERA TAIL","Wine",
"85629","CHIMNEY ROCK","Wine",
"85629","CHIVITE","Wine",
"85629","CHIYOMUSUBI SAKE BREWERY CO","Wine",
"85629","CHIYONOSONO","Wine",
"85629","CHLOE","Wine",
"85629","CHOCKSTONE","Wine",
"85629","CHOCO NOIR","Wine",
"85629","CHOCOLATE BAR","Wine",
"85629","CHOP SHOP","Wine",
"85629","CHOX","Wine",
"85629","CHOYA","Wine",
"85629","CHRISTIAN MOREAU PERE & FILS","Wine",
"85629","CHRISTIAN MOUEIX","Wine",
"85629","CHRISTOPHE PERROT MINOT","Wine",
"85629","CHRONIC CELLARS","Wine",
"85629","CIAO","Wine",
"85629","CICINIS","Wine",
"85629","CIEL BLEU","Wine",
"85629","CIEL BLEU D'AQUITAINE","Wine",
"85629","CIELO D'ORO","Wine",
"85629","CIGAR","Wine",
"85629","CILLAR DE SILOS","Wine",
"85629","CINZANO","Wine",
"85629","CIRCUMFERENCE","Wine",
"85629","CIRCUS BY L'OSTAL CAZES","Wine",
"85629","CIRQUE DU SOLEIL","Wine",
"85629","CISCO","Wine",
"85629","CITIZEN REPUBLIC","Wine",
"85629","CITRIO","Wine",
"85629","CITTO","Wine",
"85629","CK CELLARS","Wine",
"85629","CLAFFEY'S FROZEN COCKTAILS","Wine",
"85629","CLAFFEY'S SELTZER COCKTAILS","Wine",
"85629","CLAR DEL BOSC","Wine",
"85629","CLASSIC CRUISE","Wine",
"85629","CLASSIC SERIES WINEMAKERS SELECTIONS","Wine",
"85629","CLAU DE NELL","Wine",
"85629","CLAUDE MANCIATE","Wine",
"85629","CLAY CREEK VINEYARDS","Wine",
"85629","CLAY STATION","Wine",
"85629","CLEAR BOTTLE BAY","Wine",
"85629","CLEARWATER COVE","Wine",
"85629","CLENDENEN FAMILY VINEYARDS","Wine",
"85629","CLENDENEN FAMILY VINTNERS","Wine",
"85629","CLICK AND DRINK","Wine",
"85629","CLIFFHANGER","Wine",
"85629","CLIFFORD BAY","Wine",
"85629","CLIMBING","Wine",
"85629","CLINK AND DRINK","Wine",
"85629","CLONE 7","Wine",
"85629","CLOS CABRIERE","Wine",
"85629","CLOS DE NAPA","Wine",
"85629","CLOS DE TART","Wine",
"85629","CLOS DES LUNES","Wine",
"85629","CLOS DES TEMPLIERS","Wine",
"85629","CLOS DU BOIS","Wine",
"85629","CLOS DU MARQUIS","Wine",
"85629","CLOS DU VAL","Wine",
"85629","CLOS FOURTET","Wine",
"85629","CLOS GRANGENEUVE","Wine",
"85629","CLOS MARSALETTE","Wine",
"85629","CLOS PEGASE","Wine",
"85629","CLOS POGGIALE","Wine",
"85629","CLOS REISSIER","Wine",
"85629","CLOUD CHASER","Wine",
"85629","CLOUD VALLEY","Wine",
"85629","CLOUD WATCHER","Wine",
"85629","CLOUDFALL","Wine",
"85629","CLOUDVEIL VINEYARDS","Wine",
"85629","CLOVER HILL","Wine",
"85629","CLUB MIX","Wine",
"85629","CMV","Wine",
"85629","CO CARNE","Wine",
"85629","COASTAL COCKTAILS","Wine",
"85629","COASTAL PASSAGE","Wine",
"85629","COASTAL RIDGE WINERY","Wine",
"85629","COASTAL VIBES","Wine",
"85629","COASTAL VINES","Wine",
"85629","COASTAL VINTNERS","Wine",
"85629","COBBLER CREEK","Wine",
"85629","COCCA DI PAPA","Wine",
"85629","COCKTAIL CRAFTERS","Wine",
"85629","COCO","Low Alcohol Beverage",
"85629","COCO RICO","Wine",
"85629","COCOBON","Wine",
"85629","COL D'ORCIA","Wine",
"85629","COL DE SALICI","Wine",
"85629","COL DI SASSO","Wine",
"85629","COL SOLARE","Wine",
"85629","COLAVITA","Wine",
"85629","COLLABORATION","Wine",
"85629","COLLAGE","Wine",
"85629","COLLAZZI","Wine",
"85629","COLLECTION DES ANGES","Wine",
"85629","COLLECTIVE GOOD","Wine",
"85629","COLLEGIATA","Wine",
"85629","COLLEPINO","Wine",
"85629","COLLINI","Wine",
"85629","COLLUSION","Wine",
"85629","COLOMBINI","Wine",
"85629","COLONY","Wine",
"85629","COLORES DEL SOL","Wine",
"85629","COLOUR VOLANT","Wine",
"85629","COLUMBIA CREST","Wine",
"85629","COMENGE","Wine",
"85629","COMPILATION","Wine",
"85629","COMPLICATED","Wine",
"85629","COMPOSITION","Wine",
"85629","COMTE DE BLIGNAC","Wine",
"85629","COMTE DE LA CHEVALIERE","Wine",
"85629","COMTE DE TASSIN","Wine",
"85629","COMTE LAFOND","Wine",
"85629","CON CARNE","Wine",
"85629","CONCANNON","Wine",
"85629","CONCENTRIC CIRCLES","Wine",
"85629","CONCERTO DI FONTERUTELI","Wine",
"85629","CONCHA Y TORO","Wine",
"85629","CONDADO REAL","Wine",
"85629","CONDE DE TORGAR","Wine",
"85629","CONDE DE VALDEMAR","Wine",
"85629","CONDES DE ALBAREI","Wine",
"85629","CONDESA DE LEGANZA","Wine",
"85629","CONFECTIONER'S WINE","Wine",
"85629","CONFETTI","Wine",
"85629","CONFIDENCES DE PRIEURE LICHINE","Wine",
"85629","CONN CREEK","Wine",
"85629","CONNETABLE TALBOT","Wine",
"85629","CONO SUR","Wine",
"85629","CONTE GUICCIARDINI","Wine",
"85629","CONTEMASSI","Wine",
"85629","CONTESSA ANNALISA","Wine",
"85629","CONTESSA DI CASTIGLIONE","Wine",
"85629","CONTI FORMENTINI","Wine",
"85629","CONTRABAND VINEYARDS","Wine",
"85629","CONTRADA SANTO SPIRITO DI PASSOPISCIARO","Wine",
"85629","COOK'S","Wine",
"85629","COOKOOTHAMA","Wine",
"85629","COOL BREEZE","Wine",
"85629","COOL CAT","Wine",
"85629","COOPER & THIEF CELLARMASTERS","Wine",
"85629","COOPERS CROSSING","Wine",
"85629","COPA DEL REY","Wine",
"85629","COPAIN","Wine",
"85629","COPPER CORKSCREW","Wine",
"85629","COPPER CORNER VINEYARDS","Wine",
"85629","COPPER GROUSE","Wine",
"85629","COPPER SWIFT","Wine",
"85629","COPPO","Wine",
"85629","CORAGGIO","Wine",
"85629","CORAL","Wine",
"85629","CORALIA","Wine",
"85629","CORBETT CANYON","Wine",
"85629","CORDERO","Wine",
"85629","CORDERO DI MONTEZEMOLO","Wine",
"85629","CORDINA","Wine",
"85629","CORIMBO","Wine",
"85629","CORKS AND CONFETTI","Wine",
"85629","CORONATO","Wine",
"85629","CORRALILLO","Wine",
"85629","CORTE GARDONI","Wine",
"85629","CORTE GIARA","Wine",
"85629","CORTONESI","Wine",
"85629","COS D'ESTOURNEL","Wine",
"85629","COSENTINO WINERY","Wine",
"85629","COSME PALACIO","Wine",
"85629","COSTA & PAMPA","Wine",
"85629","COSTELLO VINEYARDS","Wine",
"85629","COTARELLA","Wine",
"85629","COTE MAS","Wine",
"85629","COTES DE FEMME","Wine",
"85629","COUNTRY CLUB OF FAIRFAX","Wine",
"85629","COUNTRY CRUSH FRUIT WINE COMPANY","Wine",
"85629","COURNOBLE","Wine",
"85629","COVALLI","Wine",
"85629","COWGIRL SISTERHOOD","Wine",
"85629","COZY WINE VIBES","Wine",
"85629","COZY WINTER WISHES","Wine",
"85629","COZY WINTER WISHES, MERRY AND BRIGHT","Wine",
"85629","CR","Wine",
"85629","CR SOUL","Wine",
"85629","CRAFTERS UNION","Wine",
"85629","CRAFTSMEN","Wine",
"85629","CRAGGY RANGE","Wine",
"85629","CRAIGMOOR","Wine",
"85629","CRANDALL BROOKS","Wine",
"85629","CRANE LAKE","Wine",
"85629","CRANSWICK ESTATE","Wine",
"85629","CRAPULA","Wine",
"85629","CRAYFISH COVE","Wine",
"85629","CRAZY ABOUT LOVE","Wine",
"85629","CRAZY FOR LOVE","Wine",
"85629","CREATIVE JUICE","Wine",
"85629","CRIBARI","Wine",
"85629","CRITICAL THINKER","Wine",
"85629","CROCKETT","Wine",
"85629","CROFT","Wine",
"85629","CROIX DE MARSAN","Wine",
"85629","CROOKED PATH","Wine",
"85629","CROSER","Wine",
"85629","CROSSPOINT","Wine",
"85629","CROWDED HOUSE","Wine",
"85629","CROWN POINT","Wine",
"85629","CROWNED BEAST","Wine",
"85629","CRUIN","Wine",
"85629","CRUSH","Wine",
"85629","CRUSHED IT","Wine",
"85629","CRUZ ANDINA","Wine",
"85629","CRYPTIC","Wine",
"85629","CRYSTA","Wine",
"85629","CRYSTAL PEAK","Wine",
"85629","CUARTO DOMINIO","Wine",
"85629","CUCINA MISTA","Wine",
"85629","CUL DE SAC","Wine",
"85629","CULT WINE COMPANY","Wine",
"85629","CUMULUS HIDEAWAY","Wine",
"85629","CUPCAKE","Wine",
"85629","CURIOUS BEAST","Wine",
"85629","CURIOUS TWIST","Wine",
"85629","CURSIVE","Wine",
"85629","CURTIS","Wine",
"85629","CUSUMANO","Wine",
"85629","CUVAGE","Wine",
"85629","CUVAISON","Wine",
"85629","CUVEE","Wine",
"85629","CUVEE A'DAIR","Wine",
"85629","CUVEE BENEDIKT","Wine",
"85629","CUVEE HORTENSE","Wine",
"85629","CUVEE MYTHIQUE","Wine",
"85629","CUVEE SAINTE VIERGE","Wine",
"85629","CUVEE SAUVAGE","Wine",
"85629","CYCLES CLEMENT","Wine",
"85629","CYCLES FALCON","Wine",
"85629","CYPRESS","Wine",
"85629","D H LESCOMBES","Wine",
"85629","D MINOR","Wine",
"85629","D'ARMANVILLE","Wine",
"85629","D'ORSAY","Wine",
"85629","DA VINCI VINEYARDS","Wine",
"85629","DACHSHUND","Wine",
"85629","DACHSHUND BUBBLES","Wine",
"85629","DAD WATER","Low Alcohol Beverage",
"85629","DAGROMIS","Wine",
"85629","DAKEL","Wine",
"85629","DAL FIUME & ALBERICI","Wine",
"85629","DAL FORNO ROMANO","Wine",
"85629","DALKEITH","Wine",
"85629","DALLA VALLE","Wine",
"85629","DALLAS CONTE","Wine",
"85629","DALMAU","Wine",
"85629","DAME DE BOUARD","Wine",
"85629","DAMN GOOD","Wine",
"85629","DANCING HARES VINEYARD","Wine",
"85629","DANCING LIGHTS","Wine",
"85629","DANDELIONE","Wine",
"85629","DANFIELD CREEK","Wine",
"85629","DANICA","Wine",
"85629","DANIEL DUSOLEIL","Wine",
"85629","DANIEL ET GERARD VINET","Wine",
"85629","DANJEAN BERTHOUX","Wine",
"85629","DANNY SEO PHILOSOPHY","Wine",
"85629","DANZANTE","Wine",
"85629","DAOU VINEYARDS","Wine",
"85629","DARCIE KENT VINEYARDS","Wine",
"85629","DAREMORE","Wine",
"85629","DARIOUSH","Wine",
"85629","DARK HARVEST","Wine",
"85629","DASHWOOD","Wine",
"85629","DASSAI","Wine",
"85629","DASSAI BLUE","Wine",
"85629","DAVID BRUCE","Wine",
"85629","DAVID JAMES","Wine",
"85629","DAVIES & GAMBLE","Wine",
"85629","DAVIES VINEYARDS","Wine",
"85629","DAVIOS","Wine",
"85629","DAVIS BYNUM","Wine",
"85629","DAY DREAMER","Wine",
"85629","DE LA COSTA","Wine",
"85629","DE LA CRUZ","Wine",
"85629","DE RESTIA","Wine",
"85629","DEADBOLT","Wine",
"85629","DEAKIN ESTATE","Wine",
"85629","DEALTO AMO","Wine",
"85629","DEALY LANE","Wine",
"85629","DEARLY BELOVED","Wine",
"85629","DECOPAS","Wine",
"85629","DEEP EDDY","Low Alcohol Beverage",
"85629","DEEP PURPLE","Wine",
"85629","DEER VALLEY","Wine",
"85629","DEKREME CUVEE","Wine",
"85629","DEL MAR","Wine",
"85629","DEL MAR WINE SELTZER","Wine",
"85629","DELAFORCE","Wine",
"85629","DELANEY BLUE","Wine",
"85629","DELAS FRERES","Wine",
"85629","DELECTUS","Wine",
"85629","DELICATO FAMILY SELECTION","Wine",
"85629","DELICATO FAMILY VINEYARDS","Wine",
"85629","DELICATO MONTEREY","Wine",
"85629","DELICATO VINEYARDS","Wine",
"85629","DELLA ROBBIA","Wine",
"85629","DELMOTTE","Wine",
"85629","DELTA VINEYARD","Wine",
"85629","DEOR","Wine",
"85629","DEPT 66","Wine",
"85629","DESCENDANCE","Wine",
"85629","DESSILANI","Wine",
"85629","DESTINATION","Wine",
"85629","DESTINATION WINE ADVENT TASTING TOUR","Wine",
"85629","DETAILS","Wine",
"85629","DETAILS BY SIGNEGAL","Wine",
"85629","DEVIL'S MARBLES","Wine",
"85629","DEVIL'S ROCK","Wine",
"85629","DEWEY CRUSH","Low Alcohol Beverage",
"85629","DI LORENZO","Wine",
"85629","DIAMA","Wine",
"85629","DIAMANTE","Wine",
"85629","DIAMOND G","Wine",
"85629","DIAMOND OAKS","Wine",
"85629","DIANA","Wine",
"85629","DIATOM","Wine",
"85629","DICELLO","Wine",
"85629","DICKSON'S MILL","Wine",
"85629","DIME","Wine",
"85629","DINNER WITH FRIENDS","Wine",
"85629","DIORA","Wine",
"85629","DIRECTOR'S","Wine",
"85629","DIRTY BLONDE","Wine",
"85629","DISCOVERIES","Wine",
"85629","DISENO","Wine",
"85629","DISHEVELED TAILOR","Wine",
"85629","DISTANT BAY","Wine",
"85629","DISTRICT 7","Wine",
"85629","DIVERSION","Wine",
"85629","DIVIDED DIVIDED","Wine",
"85629","DIVINE PONDERING","Wine",
"85629","DIXIE FLYER VINEYARDS","Wine",
"85629","DOBBES FAMILY ESTATE","Wine",
"85629","DOG HOUSE","Wine",
"85629","DOLCE","Wine",
"85629","DOLCE SOLE","Wine",
"85629","DOLCEZZA","Wine",
"85629","DOLLY","Wine",
"85629","DOLUM ESTATES","Wine",
"85629","DOM FREITAS","Wine",
"85629","DOM PERIGNON","Wine",
"85629","DOM RUINART","Wine",
"85629","DOMAINE A'DAIR","Wine",
"85629","DOMAINE ALAIN PARET","Wine",
"85629","DOMAINE ALANTE","Wine",
"85629","DOMAINE ANDERSON","Wine",
"85629","DOMAINE ANDRE BRUNEL","Wine",
"85629","DOMAINE ARMAND ROUSSEAU PERE & FILS","Wine",
"85629","DOMAINE BEAU MISTRAL","Wine",
"85629","DOMAINE BERTAGNA","Wine",
"85629","DOMAINE BORIE DE MAUREL","Wine",
"85629","DOMAINE BRETON","Wine",
"85629","DOMAINE BRU-BACHE","Wine",
"85629","DOMAINE CAMBOS","Wine",
"85629","DOMAINE CARMIGNAN","Wine",
"85629","DOMAINE CARNEROS","Wine",
"85629","DOMAINE CAUHAPE","Wine",
"85629","DOMAINE CHANDON","Wine",
"85629","DOMAINE CHARBAY","Wine",
"85629","DOMAINE CHARLES AUDOIN","Wine",
"85629","DOMAINE CHATELAIN","Wine",
"85629","DOMAINE CHEVALIER","Wine",
"85629","DOMAINE CHRISTIAN MOREAU PERE & FILS","Wine",
"85629","DOMAINE CHRISTOPHE PERROT MINOT","Wine",
"85629","DOMAINE COFFINET DUVERNAY","Wine",
"85629","DOMAINE COMTE PERALDI","Wine",
"85629","DOMAINE COTEAU","Wine",
"85629","DOMAINE D'ANTUGNAC","Wine",
"85629","DOMAINE DE BEAURENARD","Wine",
"85629","DOMAINE DE BORDENEUVE","Wine",
"85629","DOMAINE DE BROGLIE","Wine",
"85629","DOMAINE DE CHEVALIER","Wine",
"85629","DOMAINE DE COMPOSTELLE","Wine",
"85629","DOMAINE DE COURTILLET","Wine",
"85629","DOMAINE DE L'ILE","Wine",
"85629","DOMAINE DE LA BECASSONNE","Wine",
"85629","DOMAINE DE LA DEYDIERE","Wine",
"85629","DOMAINE DE LA FERTE","Wine",
"85629","DOMAINE DE LA JALOUSIE","Wine",
"85629","DOMAINE DE LA ROMANEE CONTI","Wine",
"85629","DOMAINE DE LA RONCIERE","Wine",
"85629","DOMAINE DE LA SOLITUDE","Wine",
"85629","DOMAINE DE MARTIALIS","Wine",
"85629","DOMAINE DE MONTRABECH","Wine",
"85629","DOMAINE DE NALYS","Wine",
"85629","DOMAINE DE POUY","Wine",
"85629","DOMAINE DE RICAUD","Wine",
"85629","DOMAINE DE ROSIERS","Wine",
"85629","DOMAINE DE SACY","Wine",
"85629","DOMAINE DE SAINT GUIRONS","Wine",
"85629","DOMAINE DE TAMARY","Wine",
"85629","DOMAINE DE TRIENNES","Wine",
"85629","DOMAINE DENIS MORTET","Wine",
"85629","DOMAINE DES JONQUIERS","Wine",
"85629","DOMAINE DES PERDRIX","Wine",
"85629","DOMAINE DES QUATRE VENTS","Wine",
"85629","DOMAINE DES SAUMADES","Wine",
"85629","DOMAINE DES TOURS","Wine",
"85629","DOMAINE DIOCHON","Wine",
"85629","DOMAINE DU CHATEAU DE PULIGNY MONTRACHET","Wine",
"85629","DOMAINE DU DUC DE MAGENTA","Wine",
"85629","DOMAINE DU MAGE","Wine",
"85629","DOMAINE DU NOZAY","Wine",
"85629","DOMAINE DU PAVILLON MERCUROL","Wine",
"85629","DOMAINE DUJAC","Wine",
"85629","DOMAINE DUPUY DE LOME","Wine",
"85629","DOMAINE ETXEGARAYA","Wine",
"85629","DOMAINE FAIVELEY","Wine",
"85629","DOMAINE FERRET","Wine",
"85629","DOMAINE FRANCOIS MIKULSKI","Wine",
"85629","DOMAINE GEORGES GLANTENAY","Wine",
"85629","DOMAINE GLANTENAY","Wine",
"85629","DOMAINE HENRI BOILLOT","Wine",
"85629","DOMAINE HENRI PERROT MINOT","Wine",
"85629","DOMAINE J A FERRET","Wine",
"85629","DOMAINE JACOURETTE","Wine",
"85629","DOMAINE JACQUES PRIEUR","Wine",
"85629","DOMAINE JEAN JACQUES CONFURON","Wine",
"85629","DOMAINE JOLLY","Wine",
"85629","DOMAINE JOLLY ET FILS","Wine",
"85629","DOMAINE L'OUSTALNAU","Wine",
"85629","DOMAINE LA BOUTINIERE","Wine",
"85629","DOMAINE LA CHEVALIERE","Wine",
"85629","DOMAINE LA ROCHELLE","Wine",
"85629","DOMAINE LA SANGLIERE","Wine",
"85629","DOMAINE LAROCHE","Wine",
"85629","DOMAINE LAROQUE","Wine",
"85629","DOMAINE LAURIER","Wine",
"85629","DOMAINE LE CLOS NOLY","Wine",
"85629","DOMAINE LE FAGOLET","Wine",
"85629","DOMAINE LEFLAIVE","Wine",
"85629","DOMAINE LES COMBES","Wine",
"85629","DOMAINE LES MONTS FOURNOIS","Wine",
"85629","DOMAINE LIGNERES","Wine",
"85629","DOMAINE LUCIEN ALBRECHT","Wine",
"85629","DOMAINE MARQUIS DES PONTHEUX","Wine",
"85629","DOMAINE MICHEL GAY ET FILS","Wine",
"85629","DOMAINE MIQUEL","Wine",
"85629","DOMAINE MONTGONDAL","Wine",
"85629","DOMAINE MOREAU & FILS","Wine",
"85629","DOMAINE MOREY COFFINET","Wine",
"85629","DOMAINE NAPA","Wine",
"85629","DOMAINE PERROT MINOT","Wine",
"85629","DOMAINE PHILIPPE GIRARD","Wine",
"85629","DOMAINE RENE ROSTAING","Wine",
"85629","DOMAINE REVERDY DUCROUX","Wine",
"85629","DOMAINE ROSSIGNOL NICOLAS","Wine",
"85629","DOMAINE ROSTAING","Wine",
"85629","DOMAINE SAINT GREGORY","Wine",
"85629","DOMAINE SAINT LUC","Wine",
"85629","DOMAINE SAINT MARTIN DE LA GARRIGUE","Wine",
"85629","DOMAINE SAINT PREFERT","Wine",
"85629","DOMAINE SERRES MAZARD","Wine",
"85629","DOMAINE ST GEORGE","Wine",
"85629","DOMAINE STE MICHELLE","Wine",
"85629","DOMAINE SUMEIRE","Wine",
"85629","DOMAINE TERLATO & CHAPOUTIER","Wine",
"85629","DOMAINE TOURNON","Wine",
"85629","DOMAINE VERDIER","Wine",
"85629","DOMAINE ZIND HUMBRECHT","Wine",
"85629","DOMAINES LORGERIL","Wine",
"85629","DOMAINES OTT","Wine",
"85629","DOMAINES SCHLUMBERGER","Wine",
"85629","DOMAINTE COMTE PERALDI","Wine",
"85629","DOMECQ","Wine",
"85629","DOMENICA","Wine",
"85629","DOMINANT SEVEN","Wine",
"85629","DOMINI","Wine",
"85629","DOMINIO DEL SOTO","Wine",
"85629","DOMINION WINE CELLARS","Wine",
"85629","DOMINIQUE CORNIN","Wine",
"85629","DOMINO WINE CELLARS","Wine",
"85629","DOMINUS ESTATE","Wine",
"85629","DON & SONS","Wine",
"85629","DON LUCIANO","Wine",
"85629","DON MELCHOR","Wine",
"85629","DON OLEGARIO","Wine",
"85629","DON PASCUAL","Wine",
"85629","DON SIMON","Wine",
"85629","DON VIEJO","Wine",
"85629","DONA PAULA","Wine",
"85629","DONA TERESA VINEYARDS","Wine",
"85629","DONINI","Wine",
"85629","DONNA NOBILE","Wine",
"85629","DONNA OLIMPIA 1898","Wine",
"85629","DONNAFUGATA","Wine",
"85629","DONT BE SHELLFISH","Wine",
"85629","DOODLE","Wine",
"85629","DOPPIO PASSO","Wine",
"85629","DOUBLE DECKER","Wine",
"85629","DOUBLE DIAMOND","Wine",
"85629","DOUDET NAUDIN","Wine",
"85629","DOUGLAS GREEN","Wine",
"85629","DOWN UNDER","Wine",
"85629","DOWNTON ABBEY","Wine",
"85629","DRAMA","Wine",
"85629","DREAM #7","Wine",
"85629","DREAM LIFE","Wine",
"85629","DREAMS","Wine",
"85629","DREAMS OF SUMMER","Wine",
"85629","DROMOS","Wine",
"85629","DROPS OF JUPITER","Wine",
"85629","DRUID HILLS BY ALEXIS GEORGE","Wine",
"85629","DRUID WINES","Wine",
"85629","DRUMHELLER","Wine",
"85629","DRYLANDS","Wine",
"85629","DUBOS","Wine",
"85629","DUCA DI SARAGNANO","Wine",
"85629","DUCA DI VINCENZA","Wine",
"85629","DUCAROSSO","Wine",
"85629","DUCK COMMANDER","Wine",
"85629","DUCK POND","Wine",
"85629","DUELING PISTOLS","Wine",
"85629","DUETTO","Wine",
"85629","DUFF GORDON","Wine",
"85629","DUJAC FILS & PERE","Wine",
"85629","DULUC DE BRANAIRE DUCRU","Wine",
"85629","DUMOL","Wine",
"85629","DUMOL WINE COMPANY","Wine",
"85629","DUNNEWOOD","Wine",
"85629","DUO","Wine",
"85629","DUO MYTHIQUE","Wine",
"85629","DUPARC","Wine",
"85629","DUTTON GOLDFIELD","Wine",
"85629","DXG","Wine",
"85629","DYNASTY","Wine",
"85629","EARTH WISE","Wine",
"85629","EARTHGROWN","Wine",
"85629","EARTHQUAKE","Wine",
"85629","EASY GOING","Wine",
"85629","EBEIA","Wine",
"85629","ECHO BAY","Wine",
"85629","ECHO FALLS","Wine",
"85629","ECLAT DE SAUVIGNON","Wine",
"85629","ECO BALANCE","Wine",
"85629","EDDIE","Wine",
"85629","EDDIE MERLOT'S","Wine",
"85629","EDMEADES VINEYARDS","Wine",
"85629","EGON MULLER ZU SCHARZHOF","Wine",
"85629","EGRI BIKAVER","Wine",
"85629","EIGHT SIDES","Wine",
"85629","EIKO FUJI","Wine",
"85629","EL CAMPEON","Wine",
"85629","EL DOMADOR DEL VALLE","Wine",
"85629","EL NAVEGANTE","Wine",
"85629","EL NIDO","Wine",
"85629","EL PINO CLUB","Wine",
"85629","EL PORTILLO","Wine",
"85629","EL PRINCIPE DELAGUARDIA","Wine",
"85629","EL TERRANO","Wine",
"85629","EL TRACTOR","Wine",
"85629","ELECTRIC REINDEER","Wine",
"85629","ELECTRIC SKY","Wine",
"85629","ELEMENT AL WINES","Wine",
"85629","ELENA WALCH","Wine",
"85629","ELIJAH BY MANISCHEWITZ","Wine",
"85629","ELIOS","Wine",
"85629","ELODIAN","Wine",
"85629","ELVIO COGNO","Wine",
"85629","ELVIS PRESLEY WINE CELLARS","Wine",
"85629","EMBLEM","Wine",
"85629","EMBROIDERY","Wine",
"85629","EMERALD VALLEY VINEYARDS","Wine",
"85629","EMERGENCE","Wine",
"85629","EMERITUS VINEYARDS","Wine",
"85629","EMILE CHEYSSON","Wine",
"85629","EMOTION","Wine",
"85629","EMU WINE COMPANY","Wine",
"85629","ENCYCLOPEDIA","Wine",
"85629","ENDLESS JOY","Wine",
"85629","ENDROIT","Wine",
"85629","ENJOY THE SNOW","Wine",
"85629","ENRIQUE FOSTER","Wine",
"85629","ENROUTE","Wine",
"85629","ENTRE NOUS","Wine",
"85629","EOLO","Wine",
"85629","EOS","Wine",
"85629","EOS ESTATE","Wine",
"85629","EPICURIOUS","Wine",
"85629","EPISODE","Wine",
"85629","EQ","Wine",
"85629","EQUIFERA","Wine",
"85629","EQUUS","Wine",
"85629","ERASMO","Wine",
"85629","ERATH","Wine",
"85629","ERICH RUSSELL","Wine",
"85629","ERIKSON & CARADIN","Wine",
"85629","ERNIE ELS","Wine",
"85629","EROICA","Wine",
"85629","ERSOL","Wine",
"85629","ESCARPMENT","Wine",
"85629","ESPERTO","Wine",
"85629","ESPRIT DE SAINT SULPICE","Wine",
"85629","ESPRIT LEFLAIVE","Wine",
"85629","ESTANCIA","Wine",
"85629","ESTATE CELLARS","Wine",
"85629","ESTATE CELLARS BY INGLENOOK","Wine",
"85629","ESTATE OF THE ART","Wine",
"85629","ESTATE RAFFAELE","Wine",
"85629","ESTE","Wine",
"85629","ESTEIO","Wine",
"85629","ESTIVAL","Wine",
"85629","ESTO ES","Wine",
"85629","ETENIA","Wine",
"85629","ETERNALLY SILENCED","Wine",
"85629","ETHEREO","Wine",
"85629","ETIM","Wine",
"85629","ETNEIDE","Wine",
"85629","ETOILE","Wine",
"85629","EUFLORIA","Wine",
"85629","EVEN STEVEN","Wine",
"85629","EVENT HORIZON","Wine",
"85629","EVERCLEAR SPIRIT BASE","Low Alcohol Beverage",
"85629","EVERCLEAR WINE BASE","Wine",
"85629","EVERY SUMMER IS A NEW STORY","Wine",
"85629","EVOLUTION","Wine",
"85629","EVVAI","Wine",
"85629","EX POST FACTO","Wine",
"85629","EXCELLENT SELECTION","Wine",
"85629","EXOTTLE","Wine",
"85629","EXP","Wine",
"85629","EXPONENTIAL","Wine",
"85629","EY","Wine",
"85629","EYE CHART WINES","Wine",
"85629","FA LA LA LA","Wine",
"85629","FABLE RIDGE","Wine",
"85629","FABLE ROOTS","Wine",
"85629","FACADE","Wine",
"85629","FACHERO","Wine",
"85629","FAIRVALLEY","Wine",
"85629","FAIVELEY","Wine",
"85629","FALCHINI","Wine",
"85629","FALCONE","Wine",
"85629","FALESCO","Wine",
"85629","FALLETTO DI BRUNO GIACOSA","Wine",
"85629","FALLS STREET","Wine",
"85629","FAMIGLIA RIVETTI","Wine",
"85629","FAMILIA CARA","Wine",
"85629","FAMILLE BONVERRE","Wine",
"85629","FAMILLE BOUEY","Wine",
"85629","FAMILLE COULON","Wine",
"85629","FAMILLE JOLY","Wine",
"85629","FAMILLE NATTER","Wine",
"85629","FAMILLE THOMAS","Wine",
"85629","FAMILLE VINCENT","Wine",
"85629","FANCY FLOCK","Wine",
"85629","FANCY PANTS","Wine",
"85629","FANTESCA ESTATE & WINERY","Wine",
"85629","FAR MOUNTAIN","Wine",
"85629","FAR NIENTE","Wine",
"85629","FARALLON","Wine",
"85629","FARE FIASCO","Wine",
"85629","FARM & FARE","Wine",
"85629","FARM FRESH WINE COMPANY","Wine",
"85629","FARM NAPA VALLEY","Wine",
"85629","FARM TO TABLE","Wine",
"85629","FARMER'S MARKET WINE CO","Wine",
"85629","FARMERS OF WINE","Wine",
"85629","FARRIER","Wine",
"85629","FAT CAT CELLARS","Wine",
"85629","FAT MONK","Wine",
"85629","FATTORIA ALDOBRANDESCA","Wine",
"85629","FATTORIA DI GRIGNANO","Wine",
"85629","FATTORIA DI VALIANO","Wine",
"85629","FATTORIA LE PUPILLE","Wine",
"85629","FATTORIA LE SORGENTI","Wine",
"85629","FATTORIA SAN LEONINO","Wine",
"85629","FATTORIA SARDI","Wine",
"85629","FATTORIE MELINI","Wine",
"85629","FAUST","Wine",
"85629","FAUSTINO RIVERO ULECIA","Wine",
"85629","FAUVIST","Wine",
"85629","FEEL THE VIBE","Wine",
"85629","FELINES","Wine",
"85629","FELTON ROAD","Wine",
"85629","FERAUD BRUNEL","Wine",
"85629","FERN HILL ESTATE","Wine",
"85629","FERNAND PILLOT","Wine",
"85629","FERNLEAF","Wine",
"85629","FERRARI","Wine",
"85629","FERREIRA","Wine",
"85629","FERRUCCIO SGUBIN","Wine",
"85629","FESTIVAL 34","Wine",
"85629","FESTIVAL OF FROLICS","Wine",
"85629","FESTIVAL OF LIGHTS","Wine",
"85629","FESTIVE CELEBRATION","Wine",
"85629","FESTIVE FLUTES","Wine",
"85629","FESTIVE FUN","Wine",
"85629","FETE DES FLEURS","Wine",
"85629","FEUDI DI SAN GREGORIO","Wine",
"85629","FEUDO ARANCIO","Wine",
"85629","FEUDO MACCARI","Wine",
"85629","FEUDO MONACI","Wine",
"85629","FEUDO MONTONI","Wine",
"85629","FEUDO SARTANNA","Wine",
"85629","FEUDO ZIRTARI","Wine",
"85629","FEVRE FEVRE","Wine",
"85629","FICKLIN VINEYARDS","Wine",
"85629","FIDELITY","Wine",
"85629","FIELD & FARM","Wine",
"85629","FIELD THEORY","Wine",
"85629","FIESTA CASA CANTINA","Wine",
"85629","FIFTY SHADES OF GREY","Wine",
"85629","FIGLIO DI VITO","Wine",
"85629","FILI","Wine",
"85629","FILLABOA","Wine",
"85629","FINCA DE ZALAMENA","Wine",
"85629","FINCA FLICHMAN","Wine",
"85629","FINCA LA LINDA","Wine",
"85629","FINCA LA MONTESA","Wine",
"85629","FINCA LOS NOBLES","Wine",
"85629","FINCA N","Wine",
"85629","FINCA NUEVA","Wine",
"85629","FINCA PERDRIEL","Wine",
"85629","FINKE'S","Wine",
"85629","FIO A FIO","Wine",
"85629","FIREHOSE","Wine",
"85629","FIRESIDE ROASTING & TOASTING","Wine",
"85629","FIRESTEED","Wine",
"85629","FIRESTONE VINEYARD","Wine",
"85629","FIRST PRESS WINE CELLARS","Wine",
"85629","FIRSTLAND VINEYARDS","Wine",
"85629","FISH HOEK","Wine",
"85629","FISHER VINEYARDS","Wine",
"85629","FISHEYE","Wine",
"85629","FIVE FRIENDS","Wine",
"85629","FIVE RIVERS","Wine",
"85629","FIVEWISE","Wine",
"85629","FIZZ & FANCY","Wine",
"85629","FIZZ 56","Wine",
"85629","FIZZENZA","Wine",
"85629","FLAME LILY","Wine",
"85629","FLAVORBOMB","Wine",
"85629","FLEUR DE ROC","Wine",
"85629","FLEUR DU CAP","Wine",
"85629","FLEW THE COUP","Wine",
"85629","FLIGHT OF THE CONDOR","Wine",
"85629","FLINT & STEEL","Wine",
"85629","FLIPFLOP","Wine",
"85629","FLO WINE","Wine",
"85629","FLOCK","Wine",
"85629","FLOCKING FANTASTIC","Wine",
"85629","FLOR DE CAMPO","Wine",
"85629","FLOR DE GODA","Wine",
"85629","FLORAL PETAL","Wine",
"85629","FLORAL PETALS","Wine",
"85629","FLORES DE VERAO","Wine",
"85629","FLORIO","Wine",
"85629","FLORIOGRAPHY","Wine",
"85629","FLOURISHES","Wine",
"85629","FLOWER MOON","Wine",
"85629","FLOWERS","Wine",
"85629","FLUKE","Wine",
"85629","FLUTTER","Wine",
"85629","FLY BY","Wine",
"85629","FLYING TOMATO","Wine",
"85629","FOG & LIGHT","Wine",
"85629","FOG HEAD","Wine",
"85629","FOG THEORY","Wine",
"85629","FOGDOG","Wine",
"85629","FOLATRE","Wine",
"85629","FOLEY ESTATES VINEYARD & WINERY","Wine",
"85629","FOLEY JOHNSON","Wine",
"85629","FOLIE A DEUX","Wine",
"85629","FOLIE EN PROVENCE","Wine",
"85629","FOLIO WINEMAKERS STUDIO THE MICHAEL MONDAVIE FAMILY","Wine",
"85629","FOLK & FABLE","Wine",
"85629","FOLLOW THE WIND","Wine",
"85629","FOLLY OF THE BEAST","Wine",
"85629","FOLONARI","Wine",
"85629","FONSECA GUIMARAENS","Wine",
"85629","FONTAN DE FALLIERES","Wine",
"85629","FONTANA CANDIDA","Wine",
"85629","FONTANAFREDDA","Wine",
"85629","FONTE ALLA SELVA","Wine",
"85629","FONTERUTOLI","Wine",
"85629","FOOLISH OAK","Wine",
"85629","FOPPIANO VINEYARDS","Wine",
"85629","FOR BETTER OR WORSE","Wine",
"85629","FOREFATHERS","Wine",
"85629","FOREST GLEN","Wine",
"85629","FOREST SENTINEL","Wine",
"85629","FOREST VILLE","Wine",
"85629","FOREVER YOUNG","Wine",
"85629","FORMENTINI","Wine",
"85629","FORMOSA","Wine",
"85629","FORO","Wine",
"85629","FORREST","Wine",
"85629","FORSYTHE VINEYARDS","Wine",
"85629","FORTIUS","Wine",
"85629","FORTRESS","Wine",
"85629","FORTY SIX DIAMONDS","Wine",
"85629","FORTY-SIX DIAMONDS","Wine",
"85629","FORWARD KIDD","Wine",
"85629","FOSS MARAI","Wine",
"85629","FOUNTAIN GROVE","Wine",
"85629","FOUR CORNERS WINES","Wine",
"85629","FOUR EMUS","Wine",
"85629","FOUR SPOT","Wine",
"85629","FOUR VINES","Wine",
"85629","FOUR VIRTUES","Wine",
"85629","FOURGREEN WINE COMPANY","Wine",
"85629","FOURTH LEAF","Wine",
"85629","FOWLES WINE","Wine",
"85629","FOX BROOK","Wine",
"85629","FOXHORN VINEYARDS","Wine",
"85629","FOXMOOR VINEYARDS","Wine",
"85629","FOXRIDGE","Wine",
"85629","FRA GUERAU","Wine",
"85629","FRACTAL","Wine",
"85629","FRAGILE","Wine",
"85629","FRANCIS COPPOLA","Wine",
"85629","FRANCIS COPPOLA DIAMOND COLLECTION","Wine",
"85629","FRANCIS COPPOLA PRESENTS","Wine",
"85629","FRANCIS COPPOLA RESERVE","Wine",
"85629","FRANCIS FORD COPPOLA DIRECTOR'S CUT","Wine",
"85629","FRANCIS FORD COPPOLA PRESENTS","Wine",
"85629","FRANCIS FORD COPPOLA VENDETTA","Wine",
"85629","FRANCIS FORD COPPOLA WINERY","Wine",
"85629","FRANCISCAN","Wine",
"85629","FRANCISCAN OAKVILLE ESTATE","Wine",
"85629","FRANCO BIONDI SANTI","Wine",
"85629","FRANCOIS GAY","Wine",
"85629","FRANCOIS MIKULSKI","Wine",
"85629","FRANZ ANTON","Wine",
"85629","FRANZ KELLER","Wine",
"85629","FRANZIA","Wine",
"85629","FREEMARK ABBEY","Wine",
"85629","FREESEEKER","Wine",
"85629","FREESTONE","Wine",
"85629","FREESTYLING","Wine",
"85629","FREIXENET","Wine",
"85629","FRENCH BLUE","Wine",
"85629","FRENCH MAID","Wine",
"85629","FRENZY","Wine",
"85629","FRESCA FRIZZANTE","Wine",
"85629","FRESCO","Wine",
"85629","FRESCOBALDI","Wine",
"85629","FRESH CRAFT","Wine",
"85629","FRESH VINE","Wine",
"85629","FRIEDRICH WILHELM GYMNASIUM","Wine",
"85629","FRIGHT NIGHT CELLARS","Wine",
"85629","FRINGE COLLECTIVE","Wine",
"85629","FRIZECCO","Wine",
"85629","FROM OUR GNOME TO YOURS","Wine",
"85629","FROM THE FARM","Wine",
"85629","FROM US","Wine",
"85629","FRONTERA","Wine",
"85629","FRUIT & FLOWER","Wine",
"85629","FRUITASIA","Wine",
"85629","FRUITPRINT","Wine",
"85629","FRUNZA","Wine",
"85629","FRUSION WINE COMPANY","Wine",
"85629","FRUTTUOSA","Wine",
"85629","FRUZZO","Wine",
"85629","FU KI","Wine",
"85629","FUBAR","Wine",
"85629","FUCHSIA","Wine",
"85629","FUEL BY FRANZIA","Wine",
"85629","FUKU CHITOSE","Wine",
"85629","FUKUCHO","Wine",
"85629","FULL CIRCLE CA","Wine",
"85629","FUN WINE","Wine",
"85629","FUSEE","Wine",
"85629","FYI","Wine",
"85629","G & D","Wine",
"85629","G H MUMM & CIE","Wine",
"85629","GA ROSSI DI MEDELANA","Wine",
"85629","GACHA","Wine",
"85629","GADERIAN WINE","Wine",
"85629","GAGA","Wine",
"85629","GAJA","Wine",
"85629","GALCIBAR","Wine",
"85629","GALERIE","Wine",
"85629","GALLERIE","Wine",
"85629","GAMBLER'S GHOST","Wine",
"85629","GAME OF THRONES","Wine",
"85629","GAMEDAY","Low Alcohol Beverage",
"85629","GAMELA","Wine",
"85629","GANCIA","Wine",
"85629","GARDET","Wine",
"85629","GARNET","Wine",
"85629","GARY FARRELL","Wine",
"85629","GASLIGHTER","Wine",
"85629","GATHER & GRACE","Wine",
"85629","GAZE","Wine",
"85629","GEARBOX","Wine",
"85629","GEAUX VINEYARDS","Wine",
"85629","GEHRICKE","Wine",
"85629","GEMTREE","Wine",
"85629","GEN 5","Wine",
"85629","GENAGRICOLA","Wine",
"85629","GEOMETRIC TREES","Wine",
"85629","GEORGE WASHINGTON VANDERBILT","Wine",
"85629","GET JOLLY, BY GOLLY","Wine",
"85629","GIA COPPOLA","Wine",
"85629","GIACOSA FRATELLI","Wine",
"85629","GIANT STEPS","Wine",
"85629","GIARRUSSO FAMILY WINERY","Wine",
"85629","GIESEN","Wine",
"85629","GIESEN WINE ESTATE","Wine",
"85629","GIFFT","Wine",
"85629","GIGI ROSSO","Wine",
"85629","GILDED RIDGE","Wine",
"85629","GILIA","Wine",
"85629","GIOL","Wine",
"85629","GIORDANO","Wine",
"85629","GIORGIO & GIANNI","Wine",
"85629","GIOTTOS","Wine",
"85629","GIOVANNA TANTINI","Wine",
"85629","GIOVANNI ROSSO","Wine",
"85629","GIRARD","Wine",
"85629","GIRL & DRAGON","Wine",
"85629","GISCOURS","Wine",
"85629","GIULIANA","Wine",
"85629","GLAMOUR","Wine",
"85629","GLASS MOUNTAIN","Wine",
"85629","GLASS MOUNTAIN QUARRY","Wine",
"85629","GLASSPORT","Wine",
"85629","GLAZEBROOK","Wine",
"85629","GLEN ELLEN","Wine",
"85629","GLITCH","Wine",
"85629","GLITTERING GOLD","Wine",
"85629","GLORIA FERRER","Wine",
"85629","GLORIOSO","Wine",
"85629","GLOWING DAY","Wine",
"85629","GLUTTONY","Wine",
"85629","GNARLY HEAD","Wine",
"85629","GNAUGHTY VINES WINE CELLARS","Wine",
"85629","GNOME AND GARDEN","Wine",
"85629","GNOME FOR THE HOLIDAYS","Wine",
"85629","GNOME IS WHERE THE HEART IS","Wine",
"85629","GNOME ON THE RANGE","Wine",
"85629","GODWIN","Wine",
"85629","GOLD SEAL","Wine",
"85629","GOLDEN BEAR","Wine",
"85629","GOLDEN EVENING","Wine",
"85629","GOLDEN GATE VINTNERS","Wine",
"85629","GOLDEN GLASS WINE","Wine",
"85629","GOLDEN HOOK","Wine",
"85629","GOLDEN MARGARITA","Wine",
"85629","GOLDEN TOMORROW","Wine",
"85629","GOLDEN WEST","Wine",
"85629","GOLDFEATHER","Wine",
"85629","GOLDSCHMIDT VINEYARDS","Wine",
"85629","GONFRIER FRERES","Wine",
"85629","GOOD DAUGHTER","Wine",
"85629","GOOD TIMES GOOD CHEER","Wine",
"85629","GOOSEBUMP","Wine",
"85629","GOOSENECK VINEYARDS","Wine",
"85629","GORETTI","Wine",
"85629","GORGONA","Wine",
"85629","GOSLINGS","Low Alcohol Beverage",
"85629","GOSSET","Wine",
"85629","GOTA DE ARENA","Wine",
"85629","GOTHAM","Wine",
"85629","GOTT","Wine",
"85629","GOULAINE","Wine",
"85629","GOUNDREY","Wine",
"85629","GOZENSHU","Wine",
"85629","GRACA DA PEDRA","Wine",
"85629","GRACE LANE","Wine",
"85629","GRAFFITO","Wine",
"85629","GRAN CHEF","Wine",
"85629","GRAN CORONAS","Wine",
"85629","GRAN ISLA","Wine",
"85629","GRAN MORAINE","Wine",
"85629","GRAN SELLO","Wine",
"85629","GRAN VIA 90","Wine",
"85629","GRAN VINO SANSON","Wine",
"85629","GRAND CHATEAU","Wine",
"85629","GRAND JARDIN","Wine",
"85629","GRAND NEZ","Wine",
"85629","GRAND VIN DE REIGNAC","Wine",
"85629","GRANDE PROVENCE","Wine",
"85629","GRANDEUR","Wine",
"85629","GRANS MURALLES","Wine",
"85629","GRANT BURGE","Wine",
"85629","GRAPE & VINE WINE COMPANY","Wine",
"85629","GRAPE AND GRAIN IMPORTS","Wine",
"85629","GRAPE THERAPY","Wine",
"85629","GRAPE WAGON","Wine",
"85629","GRAPES SQUARED","Wine",
"85629","GRATIEN & MEYER","Wine",
"85629","GRATON CELLARS","Wine",
"85629","GRAY FOX VINEYARDS","Wine",
"85629","GRAYMORE","Wine",
"85629","GRAZIE MILLE","Wine",
"85629","GRAZIOSI","Wine",
"85629","GREAT WESTERN","Wine",
"85629","GREEN LIP","Wine",
"85629","GREEN POINT","Wine",
"85629","GREEN TRUCK","Wine",
"85629","GREYSTONE CELLARS","Wine",
"85629","GRIZZLY FLAT","Wine",
"85629","GROMIS","Wine",
"85629","GROUNDED","Wine",
"85629","GROUNDSWELL VINEYARDS","Wine",
"85629","GROVE MILL","Wine",
"85629","GUARDA RIOS","Wine",
"85629","GUARITO","Low Alcohol Beverage",
"85629","GUAYABITA DEL PINAR","Low Alcohol Beverage",
"85629","GUAYABITA DEL PINAR & TUKOLA","Low Alcohol Beverage",
"85629","GUENOC","Wine",
"85629","GUILLAUME GONNET","Wine",
"85629","GUILLEMARD CLERC","Wine",
"85629","GUINIGI","Wine",
"85629","GUNBUN","Wine",
"85629","GUNDLACH BUNDSCHU","Wine",
"85629","GUY BRETON","Wine",
"85629","H3","Wine",
"85629","HACHINOHE","Wine",
"85629","HACIENDA DE ARINZANO","Wine",
"85629","HAHN","Wine",
"85629","HAHN WINERY","Wine",
"85629","HAKKAISAN","Wine",
"85629","HAKUSAN","Wine",
"85629","HALL","Wine",
"85629","HALTER RANCH","Wine",
"85629","HAND","Wine",
"85629","HANDCRAFT ARTISAN COLLECTION","Wine",
"85629","HANDS OF TIME","Wine",
"85629","HANDSOME DEVIL","Wine",
"85629","HANG LOOSE","Wine",
"85629","HANGTIME","Wine",
"85629","HANNA","Wine",
"85629","HAPPY HANUKKAH, 8 NIGHTS","Wine",
"85629","HAPPY HARVEST","Wine",
"85629","HAPPY HAUNTING","Wine",
"85629","HAPPY HOUR","Wine",
"85629","HAPPY MOMMY","Wine",
"85629","HAPPY NEW YEAR, CELEBRATE TOGETHER","Wine",
"85629","HAPPY NEW YEAR,FRESH START","Wine",
"85629","HAPPY PLACE","Wine",
"85629","HAPPY VALENTINE'S DAY","Wine",
"85629","HARAS","Wine",
"85629","HARASZTHY FAMILY CELLARS","Wine",
"85629","HARDYS","Wine",
"85629","HARE TODAY GONE TOMORROW","Wine",
"85629","HARLOW RIDGE","Wine",
"85629","HARMONY AND SOUL","Wine",
"85629","HARMONY AND SOUL AMERICAN","Wine",
"85629","HARRISON","Wine",
"85629","HARTFORD","Wine",
"85629","HARTFORD COURT","Wine",
"85629","HARTHILL FARMS","Wine",
"85629","HARVEST SUN","Wine",
"85629","HARVEYS","Wine",
"85629","HASHTAG #","Wine",
"85629","HATCH","Wine",
"85629","HATCH GREEN CHILE WINE","Wine",
"85629","HATTYUS TOKAJI","Wine",
"85629","HAUTE RED","Wine",
"85629","HAVE YOU SEEN MY CAT","Wine",
"85629","HAWK CREST","Wine",
"85629","HAWX RIVER VINEYARDS","Wine",
"85629","HAYES RANCH","Wine",
"85629","HAYNES VINEYARD","Wine",
"85629","HAYWOOD WINERY","Wine",
"85629","HDV","Wine",
"85629","HEAD TO HEAD","Wine",
"85629","HEADTURNER","Wine",
"85629","HEARTACHE","Wine",
"85629","HEARTSWOOD","Wine",
"85629","HEAVEN ON EARTH","Wine",
"85629","HEAVEN SAKE","Wine",
"85629","HEAVYWEIGHT","Wine",
"85629","HEIRBLOOM","Wine",
"85629","HEITZ CELLAR","Wine",
"85629","HEITZ WINE CELLARS","Wine",
"85629","HELFRICH","Wine",
"85629","HENKELL","Wine",
"85629","HENRI ABELE","Wine",
"85629","HENRI BOILLOT","Wine",
"85629","HENRI DARNAT","Wine",
"85629","HENRI GAILLARD","Wine",
"85629","HENRI MARCHANT","Wine",
"85629","HENRI PERRUSSET","Wine",
"85629","HENRI VERNIER","Wine",
"85629","HENRY DE VEZELAY","Wine",
"85629","HENRY PERRUSSET","Wine",
"85629","HERDING CATS","Wine",
"85629","HERE BY CHANCE","Wine",
"85629","HERE KITTY KITTY","Wine",
"85629","HERITAGE DE LA COUSPAUDE","Wine",
"85629","HERITAGE DE LE BOSCQ","Wine",
"85629","HERITAGE VILLAGE CELLARS","Wine",
"85629","HERITAGE VINEYARDS","Wine",
"85629","HERITANCE","Wine",
"85629","HERON","Wine",
"85629","HEROS","Wine",
"85629","HERRI MINA","Wine",
"85629","HERZOG VON NASSAU","Wine",
"85629","HESS","Wine",
"85629","HESS COLLECTION","Wine",
"85629","HI JINX","Wine",
"85629","HIBERNATE WITH ME","Wine",
"85629","HIBISCUS BREEZE","Wine",
"85629","HICKINBOTHAM","Wine",
"85629","HIDDEN CRUSH","Wine",
"85629","HIDDEN HOLLOW","Wine",
"85629","HIDDEN JEWEL COLLECTION","Wine",
"85629","HIDDEN VINES","Wine",
"85629","HIDEAWAY CREEK","Wine",
"85629","HIGH HEAVEN VINTNERS","Wine",
"85629","HIGH NOON","Low Alcohol Beverage",
"85629","HIGH NOON SUN SIPS","Wine",
"85629","HIGH TABLE","Wine",
"85629","HIGHLANDS FORTY ONE","Wine",
"85629","HILL & BLADE","Wine",
"85629","HIMMELSTIEGE","Wine",
"85629","HIPPOLYTE REVERDY","Wine",
"85629","HIPSTER HAYDEN","Wine",
"85629","HIVE & HONEY","Wine",
"85629","HOFFMAN GROVE","Wine",
"85629","HOGWASH","Wine",
"85629","HOLA AMIGO","Wine",
"85629","HOLIDAY MAGIC WINE ADVENT","Wine",
"85629","HOLIDAY SPARKLE","Wine",
"85629","HOLIDAY SWEATER WINE COLLECTION","Wine",
"85629","HOLIDAY TRADITIONS","Wine",
"85629","HOLIDAY VACATION","Wine",
"85629","HOLLY AND JOLLY","Wine",
"85629","HOLLY JOLLY","Wine",
"85629","HOLLY NOG","Wine",
"85629","HOLY GHOST","Wine",
"85629","HONDA SHOTEN","Wine",
"85629","HONORO VERA","Wine",
"85629","HOPE TREE","Wine",
"85629","HOPES END","Wine",
"85629","HORIZON DE LALONDE","Wine",
"85629","HORIZON DE LYNCH","Wine",
"85629","HORNITOS","Low Alcohol Beverage",
"85629","HORSE PLAY","Wine",
"85629","HORSEPLAY","Wine",
"85629","HORTON VINEYARDS","Wine",
"85629","HOTEL STARLINO","Wine",
"85629","HOU HOU SHU","Wine",
"85629","HOUGHTON","Wine",
"85629","HOUSE OF THE DRAGON","Wine",
"85629","HRM REX GOLIATH","Wine",
"85629","HUGEL ET FILS","Wine",
"85629","HUMBLE PIE","Wine",
"85629","HUNNI SOJU","Low Alcohol Beverage",
"85629","HUNT MCKAY","Wine",
"85629","HUNTER ASHBY","Wine",
"85629","HUNTER PARK","Wine",
"85629","HUNTERDON","Wine",
"85629","HUNTINGTON","Wine",
"85629","HWY 1","Wine",
"85629","I HEART","Wine",
"85629","I LOVE YOU","Wine",
"85629","I MILLE","Wine",
"85629","I SALTARI","Wine",
"85629","I'M","Wine",
"85629","IACOPO BIONDI SANTI","Wine",
"85629","IBZA KARABUNAR","Wine",
"85629","ICONOCLAST","Wine",
"85629","IDDA","Wine",
"85629","IDUS","Wine",
"85629","IGNATUS","Wine",
"85629","IL CONTE 1917","Wine",
"85629","IL DONATO","Wine",
"85629","IL FORNAIO","Wine",
"85629","IL PINO DI BISERNO","Wine",
"85629","IL POGGIONE","Wine",
"85629","IL SOLLEVATORE","Wine",
"85629","ILLUMINATION","Wine",
"85629","ILONA","Wine",
"85629","IMAGERY","Wine",
"85629","IMAGERY SPECIAL SELECT","Wine",
"85629","IMPECCABLE","Wine",
"85629","IN THE ZONE","Wine",
"85629","INCOGNITO","Wine",
"85629","INCONCEIVABLE WINES","Wine",
"85629","INDEPENDENCE WINE SERVICES","Wine",
"85629","INDIGENO","Wine",
"85629","INFAMOUS GOOSE","Wine",
"85629","INFILTRADO","Wine",
"85629","INFINE 1939","Wine",
"85629","INFLECTION","Wine",
"85629","INGLENOOK ESTATE CELLARS","Wine",
"85629","INK GRADE","Wine",
"85629","INKBLOT","Wine",
"85629","INNISFREE","Wine",
"85629","INNISKILLIN","Wine",
"85629","INSCRIPTION","Wine",
"85629","INSPIRACION VALDEMAR","Wine",
"85629","INSPIRATION","Wine",
"85629","INSURRECTION","Wine",
"85629","INTRINSIC","Wine",
"85629","INTUITION FR","Wine",
"85629","INVIVO","Wine",
"85629","INYCON","Wine",
"85629","IO","Wine",
"85629","IPPONGI","Wine",
"85629","IPSO FACTO VINO","Wine",
"85629","IRIS VINEYARDS","Wine",
"85629","IRON AND SAND","Wine",
"85629","IRON FEATHER","Wine",
"85629","IRON HORSE","Wine",
"85629","IRONSTONE","Wine",
"85629","IRONY","Wine",
"85629","ISABEL ROSE","Wine",
"85629","ISABEL VINEYARD","Wine",
"85629","ISABELA","Wine",
"85629","ISCAY","Wine",
"85629","IT","Wine",
"85629","IT'S A HEADSNAPPER","Wine",
"85629","IT'S BEARLY WINTER","Wine",
"85629","IT'S COLD OUTSIDE","Wine",
"85629","IT'SO","Wine",
"85629","ITALIAN SWISS COLONY","Wine",
"85629","ITAMI ONIGOROSHI","Wine",
"85629","IVAN TAMAS","Wine",
"85629","IVANA B SKINNY","Wine",
"85629","IVORY & BURT","Wine",
"85629","IZUMIBASHI","Wine",
"85629","IZUMO FUJI","Wine",
"85629","J BAUMER","Wine",
"85629","J BOUCHON","Wine",
"85629","J DAVIES","Wine",
"85629","J FRITZ WINERY","Wine",
"85629","J GARCIA","Wine",
"85629","J HARDEN X J SHED","Wine",
"85629","J J VINCENT","Wine",
"85629","J J VINCENT ET FILS","Wine",
"85629","J LOHR","Wine",
"85629","J ROGET","Wine",
"85629","J SUTTON","Wine",
"85629","J WILKES","Wine",
"85629","J WINE COMPANY","Wine",
"85629","JABOULET ISNARD","Wine",
"85629","JABU","Wine",
"85629","JACK'S HOUSE","Wine",
"85629","JACKAROO","Wine",
"85629","JACKS PEAK","Wine",
"85629","JACKSON TRIGGS","Wine",
"85629","JACOB'S CREEK","Wine",
"85629","JACOBSDAL","Wine",
"85629","JACOPO BIONDI SANTI","Wine",
"85629","JACQUES DUMONT","Wine",
"85629","JACQUES SELOSSE","Wine",
"85629","JADA VINEYARD","Wine",
"85629","JADIX","Wine",
"85629","JAKES FAULT","Wine",
"85629","JAM ON","Wine",
"85629","JAMBO","Wine",
"85629","JAMESTOWN CELLARS","Wine",
"85629","JAMIESON CANYON","Wine",
"85629","JAQK CELLARS","Wine",
"85629","JARDIN DE LUCULO","Wine",
"85629","JARGON","Wine",
"85629","JARHEAD","Wine",
"85629","JASCI & MARCHESANI","Wine",
"85629","JAUME SERRA","Wine",
"85629","JAYSON","Wine",
"85629","JC CALVET","Wine",
"85629","JEAN BERTEAU","Wine",
"85629","JEAN BOILLOT & FILS","Wine",
"85629","JEAN BOUCHARD","Wine",
"85629","JEAN LUC COLOMBO","Wine",
"85629","JEAN LUC DUBOIS","Wine",
"85629","JEAN MARC BROCARD","Wine",
"85629","JEAN PAUL THEVENET","Wine",
"85629","JEAN VINCENT","Wine",
"85629","JEFF RUNQUIST","Wine",
"85629","JEHAN EMONIN","Wine",
"85629","JELLY JAR","Wine",
"85629","JERMANN","Wine",
"85629","JESSUP CELLARS","Wine",
"85629","JESUS YLLERA","Wine",
"85629","JETT","Wine",
"85629","JETTLYNN WINERY","Wine",
"85629","JEWEL","Wine",
"85629","JEWEL BOX","Wine",
"85629","JEWEL COLLECTION","Wine",
"85629","JEWELRY BOX","Wine",
"85629","JIM BEAM","Low Alcohol Beverage",
"85629","JINGLE & MINGLE","Wine",
"85629","JINGLE & MINGLE 5 DAYS OF CABERNET SAUVIGNON","Wine",
"85629","JINGLE & MINGLE 5 DAYS OF ROSE","Wine",
"85629","JINGLE & MINGLE 6 DAYS OF SPARKLE","Wine",
"85629","JL CHAVE","Wine",
"85629","JLS","Wine",
"85629","JM GOBILLARD & FILS","Wine",
"85629","JOANIS","Wine",
"85629","JOAQUIN REBOLLEDO","Wine",
"85629","JOE BLOW WINE CELLARS","Wine",
"85629","JOE TO GO","Wine",
"85629","JOE'S CRAB SHACK","Wine",
"85629","JOEL ET SYLVIE CIROTTE","Wine",
"85629","JOEL GOTT","Wine",
"85629","JOHN ANTHONY","Wine",
"85629","JOIE DU VIN","Wine",
"85629","JOIY","Wine",
"85629","JONIVE","Wine",
"85629","JORDAN","Wine",
"85629","JOSE CUERVO","Wine",
"85629","JOSE CUERVO PLAYA MAR HARD SELTZER","Low Alcohol Beverage",
"85629","JOSE MARIA DA FONSECA","Wine",
"85629","JOSEP VENTOSA","Wine",
"85629","JOSEPH CASTAN","Wine",
"85629","JOSEPH FAIVELEY","Wine",
"85629","JOSEPH MELLOT","Wine",
"85629","JOSEPH PHELPS FREESTONE VINEYARDS","Wine",
"85629","JOSEPH PHELPS VINEYARDS","Wine",
"85629","JOSEPH SWAN VINEYARDS","Wine",
"85629","JOSEPH THOMAS","Wine",
"85629","JOSEPH'S","Wine",
"85629","JOTO","Wine",
"85629","JOURNEY","Wine",
"85629","JOURNEY & DISCOVERY","Wine",
"85629","JOURNEY & DISCOVERY FRANCE","Wine",
"85629","JOURNEY & DISCOVERY ITALY","Wine",
"85629","JOURNEY & DISCOVERY PORTUGAL","Wine",
"85629","JOURNEY & DISCOVERY SPAIN","Wine",
"85629","JOVIAL VINES","Wine",
"85629","JOVINO","Wine",
"85629","JOY TO WINES HOLIDAY COUNTDOWN COLLECTION","Wine",
"85629","JP CHENET","Wine",
"85629","JUAN GIL","Wine",
"85629","JUGGERNAUT","Wine",
"85629","JUICY DETAILS","Wine",
"85629","JUICY SPARKLE","Wine",
"85629","JULIAN CHIVITE","Wine",
"85629","JULIET","Wine",
"85629","JUNEBUG WINES","Wine",
"85629","JUST","Wine",
"85629","JUST BREATHE","Wine",
"85629","JUST PEACHY","Wine",
"85629","JUSTINO","Wine",
"85629","JUVENALS","Wine",
"85629","JUXTAPOZ","Wine",
"85629","K BRANDS","Wine",
"85629","K CELLARS","Wine",
"85629","K VINE","Wine",
"85629","K VINTNERS","Wine",
"85629","KAFE LUNA","Wine",
"85629","KAHLUA","Wine",
"85629","KALEIDOSCOPE","Wine",
"85629","KALLFELZ","Wine",
"85629","KANBARA","Wine",
"85629","KANGA RESERVE","Wine",
"85629","KANKANA","Wine",
"85629","KANONKOP","Wine",
"85629","KATE & CASSIE","Wine",
"85629","KATHERINE GOLDSCHMIDT","Wine",
"85629","KATHRYN HALL","Wine",
"85629","KATHY LYNSKEY WINES","Wine",
"85629","KATNOOK ESTATE","Wine",
"85629","KATO","Wine",
"85629","KATSUYAMA","Wine",
"85629","KAUTZ IRONSTONE VINEYARDS","Wine",
"85629","KAY BROTHERS AMERY VINEYARDS","Wine",
"85629","KC JONES","Wine",
"85629","KEEP","Wine",
"85629","KEEP IT CHILL","Wine",
"85629","KELLER GEISTER","Wine",
"85629","KELLY'S REVENGE","Wine",
"85629","KEMPTON CLARK","Wine",
"85629","KENDALL JACKSON","Wine",
"85629","KENDON ESTATE","Wine",
"85629","KENTIA","Wine",
"85629","KENWOOD","Wine",
"85629","KETTMEIR","Wine",
"85629","KEYNOTE","Wine",
"85629","KIJAFA","Wine",
"85629","KILBURG","Wine",
"85629","KILLER BEE","Wine",
"85629","KILLER JUICE","Wine",
"85629","KILLKA","Wine",
"85629","KIM CRAWFORD","Wine",
"85629","KINDERWOOD","Wine",
"85629","KING","Wine",
"85629","KING CHANCHO","Wine",
"85629","KING ESTATE","Wine",
"85629","KING FISH VINEYARDS","Wine",
"85629","KING PALM","Wine",
"85629","KING'S RANSOM","Wine",
"85629","KINSEN","Wine",
"85629","KINTON","Wine",
"85629","KIRKLAND RANCH","Wine",
"85629","KIRKLAND SIGNATURE","Low Alcohol Beverage",
"85629","KIRKLAND SIGNATURE","Wine",
"85629","KIRRALAA","Wine",
"85629","KITAYA","Wine",
"85629","KITH & KIN","Wine",
"85629","KLEINBOSCH","Wine",
"85629","KLINKER BRICK WINERY","Wine",
"85629","KLIPSUN","Wine",
"85629","KNAPPSTEIN","Wine",
"85629","KNIFE & FORK","Wine",
"85629","KNOTTY VINES","Wine",
"85629","KOI KARMA","Wine",
"85629","KOIMARISHUZO","Wine",
"85629","KOJIMAYA","Wine",
"85629","KOKUMI","Wine",
"85629","KOLOA RUM COMPANY","Low Alcohol Beverage",
"85629","KOMODO DRAGON","Wine",
"85629","KONO BARU","Wine",
"85629","KONTEKI","Wine",
"85629","KOOKSOONDANG","Wine",
"85629","KOPPAMURRA","Wine",
"85629","KOSTA BROWNE","Wine",
"85629","KOZ WINES","Wine",
"85629","KRAKEN","Low Alcohol Beverage",
"85629","KRESSMANN","Wine",
"85629","KRIS","Wine",
"85629","KRONENDAL","Wine",
"85629","KULA","Wine",
"85629","KULETO ESTATE","Wine",
"85629","KUMALA","Wine",
"85629","KUMBAYA","Wine",
"85629","KUMEU RIVER","Wine",
"85629","KURO KABUTO","Wine",
"85629","KUSAFIRI","Wine",
"85629","KYLIE MINOGUE","Wine",
"85629","L DE LAFFITTE LAUJAC","Wine",
"85629","L'ARDI","Wine",
"85629","L'ARTISTA","Wine",
"85629","L'ARTISTE","Wine",
"85629","L'ESPRIT DE CHEVALIER","Wine",
"85629","L'ESPRIT DU VENT","Wine",
"85629","L'HOSPITALET DE GAZIN","Wine",
"85629","L'OEIL","Wine",
"85629","L'OISEAU","Wine",
"85629","L'ORIGINAL","Wine",
"85629","L'OUTSIDER","Wine",
"85629","L'USINE","Wine",
"85629","LA BAUME","Wine",
"85629","LA BELLE","Wine",
"85629","LA BELLE CITADELLE","Wine",
"85629","LA BELMAN","Wine",
"85629","LA BRAVA","Wine",
"85629","LA CALONICA","Wine",
"85629","LA CASA DELL'ORCO","Wine",
"85629","LA CATRINA","Wine",
"85629","LA CHABLISIENNE","Wine",
"85629","LA CHAMBRE","Wine",
"85629","LA CHAPELLE DE HAUT BAGES LIBERAL","Wine",
"85629","LA CHAPELLE DE LA MISSION HAUT BRION","Wine",
"85629","LA CHAPELLE DE LAFON ROCHET","Wine",
"85629","LA CHAPELLE DE MEYNEY","Wine",
"85629","LA CHAPELLE DU BERRY","Wine",
"85629","LA COUR DES PAPES","Wine",
"85629","LA CREMA","Wine",
"85629","LA CROIX BONIS","Wine",
"85629","LA CROIX DE BEAUCAILLOU","Wine",
"85629","LA CUVEE MYTHIQUE","Wine",
"85629","LA DAME DE MONTROSE","Wine",
"85629","LA DEMOISELLE DE SOCIANDO MALLET","Wine",
"85629","LA DEVISE DE LILIAN","Wine",
"85629","LA DI DA","Wine",
"85629","LA FAMIGLIA","Wine",
"85629","LA FAMIGLIA DI ROBERT MONDAVI","Wine",
"85629","LA FLEUR DE BOUARD","Wine",
"85629","LA FLEUR DU CHATEAU BEAUREGARD DUCASSE","Wine",
"85629","LA FORGE ESTATE","Wine",
"85629","LA FUERZA","Wine",
"85629","LA FUGA","Wine",
"85629","LA GIOIOSA","Wine",
"85629","LA GOZADA","Wine",
"85629","LA GRANDE NOVE","Wine",
"85629","LA GRANGE DES COMBES","Wine",
"85629","LA GRANGE NEUVE DE FIGEAC","Wine",
"85629","LA GRAVETTE DE CERTAN","Wine",
"85629","LA JOTA","Wine",
"85629","LA LUS","Wine",
"85629","LA MADELEINE","Wine",
"85629","LA MANNELLA","Wine",
"85629","LA MERIKA","Wine",
"85629","LA MONDOTTE","Wine",
"85629","LA PAILLOTE","Wine",
"85629","LA PERLINA","Wine",
"85629","LA PIALADE","Wine",
"85629","LA PILLON","Wine",
"85629","LA POUSSIE","Wine",
"85629","LA REGOLA","Wine",
"85629","LA RONCAIA","Wine",
"85629","LA SANGLIERE","Wine",
"85629","LA SCOLCA","Wine",
"85629","LA TASCA","Wine",
"85629","LA TERRA","Wine",
"85629","LA TERRE","Wine",
"85629","LA UNICA","Wine",
"85629","LA VALETTE","Wine",
"85629","LA VENDIMIA","Wine",
"85629","LACOSTE BORIE","Wine",
"85629","LACROIX MARTILLAC","Wine",
"85629","LADIES WHO SHOOT THEIR LUNCH","Wine",
"85629","LADOUCETTE","Wine",
"85629","LADY IN RED","Wine",
"85629","LADY KILLER","Wine",
"85629","LADY LA FEMME","Wine",
"85629","LAELY","Wine",
"85629","LAGARDE","Wine",
"85629","LAGUNILLA","Wine",
"85629","LAKE ROAD","Wine",
"85629","LAKESHORE FARMS TRADING COMPANY","Wine",
"85629","LAKESHORE WINERY","Wine",
"85629","LAKESPRING","Wine",
"85629","LALANDE BELLEVUE","Wine",
"85629","LALEURE PIOT","Wine",
"85629","LAMAIONE","Wine",
"85629","LAMB'S VALLEY","Wine",
"85629","LAMBERTI","Wine",
"85629","LAMOLE DI LAMOLE","Wine",
"85629","LANCASTER ESTATE","Wine",
"85629","LANCERS","Wine",
"85629","LANDER JENKINS","Wine",
"85629","LANDFORM","Wine",
"85629","LANDING PLACE","Wine",
"85629","LANDSKROON","Wine",
"85629","LANGTRY","Wine",
"85629","LANSON","Wine",
"85629","LANZERAC","Wine",
"85629","LAPIS LAZULI WINERY & VINEYARDS","Wine",
"85629","LARKSPUR","Wine",
"85629","LAROCHE","Wine",
"85629","LAROQUE","Wine",
"85629","LARSON FAMILY WINERY","Wine",
"85629","LAS CAMPANAS","Wine",
"85629","LAS MORAS","Wine",
"85629","LASSEGUE","Wine",
"85629","LATISTA","Wine",
"85629","LATITUDE 40","Wine",
"85629","LATITUDE 44","Wine",
"85629","LAUREL & BAY","Wine",
"85629","LAUREL BAY","Wine",
"85629","LAURENZ V","Wine",
"85629","LAVAU","Wine",
"85629","LAVILA","Wine",
"85629","LAVIS","Wine",
"85629","LAZY ARROW RANCH","Wine",
"85629","LAZY CREEK VINEYARDS","Wine",
"85629","LE BARON DE MALLERET","Wine",
"85629","LE BELIER","Wine",
"85629","LE BONHEUR","Wine",
"85629","LE BRUT DU FOUDRE 56","Wine",
"85629","LE CARILLON DE L'ANGELUS","Wine",
"85629","LE CLARENCE DE HAUT BRION","Wine",
"85629","LE CLEMENTIN DU PAPE CLEMENT","Wine",
"85629","LE CLOS JORDANNE","Wine",
"85629","LE COTEAU","Wine",
"85629","LE DRAGON DE QUINTUS","Wine",
"85629","LE FAUX FROG","Wine",
"85629","LE FREAK","Wine",
"85629","LE GALLAIS","Wine",
"85629","LE GARENNE","Wine",
"85629","LE GRAND COURTAGE","Wine",
"85629","LE JAJA DE JAU","Wine",
"85629","LE JOYAU","Wine",
"85629","LE MOMENT","Wine",
"85629","LE MOULIN CHAPITRE","Wine",
"85629","LE MURAIE","Wine",
"85629","LE NOBLE","Wine",
"85629","LE PETIT CHEVAL","Wine",
"85629","LE PETIT CHEVALIER","Wine",
"85629","LE PETIT CLOS","Wine",
"85629","LE PETIT HAUT LAFITTE","Wine",
"85629","LE PETIT XAVIER","Wine",
"85629","LE PROPRIETAIRE ALAIN GAYDA","Wine",
"85629","LE RELAIS DE DURFORT VIVENS","Wine",
"85629","LE RIME","Wine",
"85629","LE ROSE D'AZUR","Wine",
"85629","LE ROSEY","Wine",
"85629","LE SAUTERNES DE CASTELNAU","Wine",
"85629","LE SILLAGE DE MALARTIC","Wine",
"85629","LE TREMBLE","Wine",
"85629","LE VOLTE","Wine",
"85629","LEA","Wine",
"85629","LEAP OF FAITH","Wine",
"85629","LEAPING GRAPES","Wine",
"85629","LEAPING HORSE","Wine",
"85629","LEDA","Wine",
"85629","LEDOMAINE","Wine",
"85629","LEDUCQ VINEYARDS","Wine",
"85629","LEFTIE","Wine",
"85629","LEGACY","Wine",
"85629","LEGADO FERNANDO GUEDES","Wine",
"85629","LEGATO","Wine",
"85629","LEGEND","Wine",
"85629","LEGRAS & HAAS","Wine",
"85629","LEONARD DE SAINT AUBIN","Wine",
"85629","LEONARD KREUSCH","Wine",
"85629","LEONARDINI","Wine",
"85629","LEPRINCE","Wine",
"85629","LES ALLEES DE CANTEMERLE","Wine",
"85629","LES CARRIERES DE MEZY","Wine",
"85629","LES CHAMPS D'OR","Wine",
"85629","LES CLOS DE PAULILLES","Wine",
"85629","LES DEUX RIVES","Wine",
"85629","LES DOMAINES PAUL MAS","Wine",
"85629","LES DOMANIERS","Wine",
"85629","LES FIEFS DE LAGRANGE","Wine",
"85629","LES FLORETS","Wine",
"85629","LES FORTS DE LATOUR","Wine",
"85629","LES GALETS DE SAUVETERRE","Wine",
"85629","LES GLORIES","Wine",
"85629","LES GRANDES CABANES","Wine",
"85629","LES GRIFFONS DE PICHON BARON","Wine",
"85629","LES HAUTS DE GRAMENON","Wine",
"85629","LES HAUTS DE MILLY","Wine",
"85629","LES HAUTS DE SMITH","Wine",
"85629","LES LATIS","Wine",
"85629","LES MINES","Wine",
"85629","LES PAGODES DE COS","Wine",
"85629","LES PAGODES DE COS PRATS","Wine",
"85629","LES PELERINS DE LAFON ROCHET","Wine",
"85629","LES PETIT GRAINS","Wine",
"85629","LES SARRINS","Wine",
"85629","LES TERRASSES DE L'AYGUES","Wine",
"85629","LES TOURELLES DE LONGUEVILLE","Wine",
"85629","LES TOURS DE BEAUMONT","Wine",
"85629","LES VERRIERES","Wine",
"85629","LES VIEUX CEPAGES","Wine",
"85629","LES VIGNERONS DE LA MEDITERRANEE","Wine",
"85629","LES VIGNERONS DE SEPTIMANIE","Wine",
"85629","LES VIGNERONS DES COTEAUX D'AVIGNON","Wine",
"85629","LES VIGNERONS DU VAL D'ORBIEU","Wine",
"85629","LES VINES DE CRUS","Wine",
"85629","LES VINS DE LEONARD","Wine",
"85629","LET GOOD BE","Wine",
"85629","LET'S JUST DANCE","Wine",
"85629","LIBERATED","Wine",
"85629","LIBERTY SCHOOL","Wine",
"85629","LICEIRAS","Wine",
"85629","LIDIO CARRARO","Wine",
"85629","LIFE IS TOO SHORT TO DRINK BORING WINE","Wine",
"85629","LIFEVINE","Wine",
"85629","LIFTED","Wine",
"85629","LIGHT HORSE","Wine",
"85629","LIGHTLY","Wine",
"85629","LIGHTNING STRIKES AGAIN","Wine",
"85629","LIL' RASCAL","Wine",
"85629","LILA","Wine",
"85629","LILLET","Wine",
"85629","LILO","Wine",
"85629","LIME A RITA","Wine",
"85629","LIMONESCO","Wine",
"85629","LINCOURT VINEYARDS","Wine",
"85629","LINDAUER","Wine",
"85629","LINEAGE VINEYARDS","Wine",
"85629","LINGER","Wine",
"85629","LINKS DRINKS","Low Alcohol Beverage",
"85629","LION HEARTED","Wine",
"85629","LION TAMER","Wine",
"85629","LIONNE ROYALE","Wine",
"85629","LIONS DE SUDUIRAUT","Wine",
"85629","LIONS RIDGE","Wine",
"85629","LIQUID LIGHT","Wine",
"85629","LISA'S WINERY TEST FRANCHISE","Wine",
"85629","LIT WINE COCKTAILS","Wine",
"85629","LITHOGRAPH","Wine",
"85629","LITTLE BLACK DRESS","Wine",
"85629","LITTLE BOOMEY","Wine",
"85629","LITTLE CHICA","Wine",
"85629","LITTLE DITTY","Wine",
"85629","LITTLE JONATHAN WINERY","Wine",
"85629","LIUTO","Wine",
"85629","LIVE A LITTLE","Wine",
"85629","LIVE A LOT","Wine",
"85629","LIVE LIFE UNCORKED","Wine",
"85629","LIVIO FELLUGA","Wine",
"85629","LLAMA QUEEN","Wine",
"85629","LO DUCA","Wine",
"85629","LO FI APERTIFS","Wine",
"85629","LO TENGO","Wine",
"85629","LO-FI SPRITZ","Wine",
"85629","LOCATOUR","Wine",
"85629","LOCK & KEY","Wine",
"85629","LOCO LOPEZ","Wine",
"85629","LOCO POR TI","Wine",
"85629","LOCO SIN TI","Wine",
"85629","LODEZ","Wine",
"85629","LODI RED","Wine",
"85629","LOFT","Wine",
"85629","LOFTHOUSE","Wine",
"85629","LOKOYA","Wine",
"85629","LOLAILO","Wine",
"85629","LOLLI","Wine",
"85629","LOLO","Wine",
"85629","LOMBARDINI","Wine",
"85629","LONG BOAT","Wine",
"85629","LONG NECK","Wine",
"85629","LONG STRIDE","Wine",
"85629","LONGEVITY","Wine",
"85629","LONGFORD ESTATE","Wine",
"85629","LORANE VALLEY","Wine",
"85629","LOREDONA","Wine",
"85629","LORENZO MELANI","Wine",
"85629","LORGERIL","Wine",
"85629","LORIKEET","Wine",
"85629","LOS ALISOS WINERY","Wine",
"85629","LOS CABOS","Wine",
"85629","LOS CARDOS","Wine",
"85629","LOS NEVADOS","Wine",
"85629","LOSE YOURSELF IN THE VIBE","Wine",
"85629","LOST ANGEL","Wine",
"85629","LOST CITY","Wine",
"85629","LOST HORIZONS","Wine",
"85629","LOST POET","Wine",
"85629","LOT 365 VINEYARD","Wine",
"85629","LOTE 44","Wine",
"85629","LOTTO","Wine",
"85629","LOUIS JADOT","Wine",
"85629","LOUIS METAIREAU","Wine",
"85629","LOUIS MOULIN","Wine",
"85629","LOUIS ROEDERER","Wine",
"85629","LOVE AND HOPE","Wine",
"85629","LOVE LANGUAGE","Wine",
"85629","LOVE NOIR","Wine",
"85629","LOVE OLIVIA","Wine",
"85629","LOVEBLOCK","Wine",
"85629","LOVEBUG HUG","Wine",
"85629","LOVELAND VINEYARDS","Wine",
"85629","LOYAL FRIEND","Wine",
"85629","LOYAL LOLA","Wine",
"85629","LTD","Wine",
"85629","LUC BELAIRE","Wine",
"85629","LUCA","Wine",
"85629","LUCE","Wine",
"85629","LUCE DEL SOLE","Wine",
"85629","LUCENTE","Wine",
"85629","LUCIEN ALBRECHT","Wine",
"85629","LUCIEN DESCHAUX","Wine",
"85629","LUCIENNE","Wine",
"85629","LUCINDA & MILLIE","Wine",
"85629","LUCKY DUCK","Wine",
"85629","LUCKY ONE","Low Alcohol Beverage",
"85629","LUCKY STAR","Wine",
"85629","LUCOTTO","Wine",
"85629","LUIGI BOSCA","Wine",
"85629","LUIGI RIGHETTI","Wine",
"85629","LUIS FELIPE EDWARDS","Wine",
"85629","LUIS GURPEGUI","Wine",
"85629","LUIS GURPEGUI MUGA","Wine",
"85629","LUKE WINES","Wine",
"85629","LULU B","Wine",
"85629","LUMEN GATE","Wine",
"85629","LUNA BRILLANTE","Wine",
"85629","LUNA DE ORO","Wine",
"85629","LUNA DEL SUR","Wine",
"85629","LUNA NUDA","Wine",
"85629","LUNA ROSA","Wine",
"85629","LUNARDI","Wine",
"85629","LUNETTA","Wine",
"85629","LUNTA","Wine",
"85629","LUPI REALI","Wine",
"85629","LUSH SLUSH","Wine",
"85629","LUXURY EDITION","Wine",
"85629","LVP","Wine",
"85629","LYLO","Wine",
"85629","LYNSOLENCE","Wine",
"85629","LYRICA","Wine",
"85629","LYS DE VOLAN","Wine",
"85629","M BY MICHAEL MONDAVI","Wine",
"85629","M CHAPOUTIER","Wine",
"85629","M G VALLEJO","Wine",
"85629","M HASLINGER & FILS","Wine",
"85629","M TRINCHERO","Wine",
"85629","MA COPINE","Wine",
"85629","MA MIE","Wine",
"85629","MABOROSHI","Wine",
"85629","MACARON VINEYARDS","Wine",
"85629","MACK'S","Wine",
"85629","MACKINAW","Wine",
"85629","MAD CRUSH","Wine",
"85629","MAD GENIUS","Wine",
"85629","MAD HATTER","Wine",
"85629","MAD HOUSEWIFE","Wine",
"85629","MADAME LIBERTE","Wine",
"85629","MADDALENA VINEYARD","Wine",
"85629","MADE BY JAMES","Wine",
"85629","MADISON","Wine",
"85629","MADISON MEADOWS","Wine",
"85629","MAELI","Wine",
"85629","MAGGIE WINE CELLARS","Wine",
"85629","MAGGY HAWK","Wine",
"85629","MAGNA ALIQUAM","Wine",
"85629","MAGNUM VS","Wine",
"85629","MAGRUDERS","Wine",
"85629","MAHLER BESSE","Wine",
"85629","MAIN STREET WINERY","Wine",
"85629","MAISON BELLES COTES","Wine",
"85629","MAISON BOUACHON","Wine",
"85629","MAISON DE MADELEINE","Wine",
"85629","MAISON DU LAC","Wine",
"85629","MAISON FERY MEUNIER","Wine",
"85629","MAISON HENRI DU CHAMPS","Wine",
"85629","MAISON MARCEL","Wine",
"85629","MAISON NO9","Wine",
"85629","MAISON SAVAS","Wine",
"85629","MAJESTAD","Wine",
"85629","MAKE IT SPARKLE","Wine",
"85629","MAKING SEASONS BRIGHT WINTER WINE BOX","Wine",
"85629","MAKING SPIRITS BRIGHT","Wine",
"85629","MAKKU","Wine",
"85629","MALIBU","Low Alcohol Beverage",
"85629","MALIJAY","Wine",
"85629","MALONEY'S","Wine",
"85629","MAMA","Wine",
"85629","MAMERTINO","Wine",
"85629","MAMMA MIA","Wine",
"85629","MANDRAROSSA","Wine",
"85629","MANDRIOLA DE LISBOA","Wine",
"85629","MANGIAVINO","Wine",
"85629","MANGO MANGO","Wine",
"85629","MANISCHEWITZ","Wine",
"85629","MANO CICLO","Wine",
"85629","MANOTSURU","Wine",
"85629","MANTENSEI","Wine",
"85629","MANTEO","Wine",
"85629","MAPOCHO","Wine",
"85629","MAR DEL SUR","Wine",
"85629","MARC BREDIF","Wine",
"85629","MARC JOMAIN","Wine",
"85629","MARC MOREY","Wine",
"85629","MARCEL VINCENT","Wine",
"85629","MARCHESE ANTINORI","Wine",
"85629","MARCHESE DI PANI","Wine",
"85629","MARCHESI DE FRESCOBALDI","Wine",
"85629","MARCHESI MAZZEI","Wine",
"85629","MARCLIFFE","Wine",
"85629","MARCO ABELLA","Wine",
"85629","MARCO BONFANTE","Wine",
"85629","MARCUS JAMES","Wine",
"85629","MARI ANA","Wine",
"85629","MARIELLA","Wine",
"85629","MARIENBERG","Wine",
"85629","MARIETTA CELLARS","Wine",
"85629","MARITANA","Wine",
"85629","MARIUS","Wine",
"85629","MARK NICHOLAS","Wine",
"85629","MARK WEST","Wine",
"85629","MARKHAM VINEYARDS","Wine",
"85629","MARKSTONE","Wine",
"85629","MARLBOROUGH ESTATE RESERVE","Wine",
"85629","MARLBOROUGH RIDGE","Wine",
"85629","MARQUES DE ARIENZO","Wine",
"85629","MARQUES DE CARRION","Wine",
"85629","MARQUES DE GRINON","Wine",
"85629","MARQUES DE LA CONCORDIA","Wine",
"85629","MARQUES DE LA VINA","Wine",
"85629","MARQUES DE LARA","Wine",
"85629","MARQUES DE MURRIETA","Wine",
"85629","MARQUES DE RISCAL","Wine",
"85629","MARQUES DE VALCARLOS","Wine",
"85629","MARQUES DE VIZHOJA","Wine",
"85629","MARQUES DEL ATRIO","Wine",
"85629","MARQUES GRINON","Wine",
"85629","MARQUIS DE BERN","Wine",
"85629","MARQUIS DE CALON","Wine",
"85629","MARQUIS DE GOULAINE","Wine",
"85629","MARQUIS DE JOUENNES","Wine",
"85629","MARQUIS DE PERLADE","Wine",
"85629","MARQUIS DE TALANDIER","Wine",
"85629","MARQUIS DE TERME","Wine",
"85629","MARRASO","Wine",
"85629","MARTIN RAY","Wine",
"85629","MARTIN SORET","Wine",
"85629","MARTINBOROUGH VINEYARD","Wine",
"85629","MARTINEZ","Wine",
"85629","MARTINEZ GASSIOT","Wine",
"85629","MARTINI & PRATI","Wine",
"85629","MARTINI MASTERS","Wine",
"85629","MARVELOUS","Wine",
"85629","MARWOOD","Wine",
"85629","MAS CRISTINE","Wine",
"85629","MAS DE L'ABUNDANCIA","Wine",
"85629","MAS DE LA DAME","Wine",
"85629","MAS DE MASOS","Wine",
"85629","MAS DES AVEYLANS","Wine",
"85629","MAS JAUME","Wine",
"85629","MASCHIO","Wine",
"85629","MASCHIO DEI CAVALIERI","Wine",
"85629","MASI","Wine",
"85629","MASON CELLARS","Wine",
"85629","MASOS D'EN CUBELLS","Wine",
"85629","MASOTTINA","Wine",
"85629","MASSERIA DEL FAUNO","Wine",
"85629","MASSERIA SUPRENO","Wine",
"85629","MASSETO","Wine",
"85629","MASSICAN","Wine",
"85629","MASSIMINO","Cider",
"85629","MASSIMO","Wine",
"85629","MASSON VINEYARDS","Wine",
"85629","MASTER PLAN VINEYARDS","Wine",
"85629","MASTROBERARDINO","Wine",
"85629","MATANZAS CREEK WINERY","Wine",
"85629","MATARIKI","Wine",
"85629","MATCHSTICK","Wine",
"85629","MATEUS","Wine",
"85629","MATIAS RICCITELLI","Wine",
"85629","MATT TAYLOR WINES","Wine",
"85629","MAVERICK WINE GROUP","Wine",
"85629","MAXWELL CREEK","Wine",
"85629","MAYCAS DEL LIMARI","Wine",
"85629","MAYFLY","Wine",
"85629","MAYOR DE CASTILLA","Wine",
"85629","MAYORAL","Wine",
"85629","MAYRO MURDICK","Wine",
"85629","MAYU","Wine",
"85629","MAZZEI","Wine",
"85629","MAZZONI","Wine",
"85629","MCBRIDE SISTERS COLLECTIONS","Wine",
"85629","MCDOWELL VALLEY CELLARS","Wine",
"85629","MCDOWELL VALLEY VINEYARDS","Wine",
"85629","MCGUIGAN","Wine",
"85629","MD 20/20","Wine",
"85629","MEADOW MOON","Wine",
"85629","MEADOWCREEK","Wine",
"85629","MEANDERING MAZE","Wine",
"85629","MEDICI ERMETE","Wine",
"85629","MEDITRINA","Wine",
"85629","MEDUSA","Wine",
"85629","MEERLUST","Wine",
"85629","MELINI","Wine",
"85629","MEMBER'S MARK","Wine",
"85629","MENAGE A TROIS","Wine",
"85629","MENDEL","Wine",
"85629","MENDELSON","Wine",
"85629","MENDOCINO FOG","Wine",
"85629","MENDOCINO VINEYARDS","Wine",
"85629","MENDOCINO WINE COMPANY","Wine",
"85629","MENDOZA NIGHTS","Wine",
"85629","MENDOZA VINEYARDS","Wine",
"85629","MENUISIER","Wine",
"85629","MERCER","Wine",
"85629","MERCER BROS","Wine",
"85629","MERCER CANYONS","Wine",
"85629","MERCER FAMILY VINEYARDS","Wine",
"85629","MERF","Wine",
"85629","MERIDIA SP","Wine",
"85629","MERMAID WINERY","Wine",
"85629","MERMOSA","Wine",
"85629","MERRIAM VINEYARDS","Wine",
"85629","MERRIER THAN EVER","Wine",
"85629","MERRILY","Wine",
"85629","MERRY CHRISTMAS, CHERISHED MEMENTOS","Wine",
"85629","MERRYVALE","Wine",
"85629","MERUS","Wine",
"85629","MESSENGERS OF NATURE","Wine",
"85629","MESSER DEL FAUNO","Wine",
"85629","METHOD","Wine",
"85629","METIS","Wine",
"85629","METRIA","Wine",
"85629","METZ ROAD","Wine",
"85629","MEZY","Wine",
"85629","MEZZACORONA","Wine",
"85629","MIA'S PLAYGROUND","Wine",
"85629","MICHAEL DAVID WINERY","Wine",
"85629","MICHAEL SERVIN","Wine",
"85629","MICHEL LAROCHE","Wine",
"85629","MICHEL LYNCH","Wine",
"85629","MICHELE CASTELLANI","Wine",
"85629","MICHELE CHIARLO","Wine",
"85629","MICHELLE LOOSEN","Wine",
"85629","MICKEY FINN'S","Wine",
"85629","MIDDLE SISTER","Wine",
"85629","MIDNIGHT BLACK","Wine",
"85629","MIDNIGHT HOUR","Wine",
"85629","MIEUX","Wine",
"85629","MIGUEL AIME POUGET","Wine",
"85629","MILAGRES","Wine",
"85629","MILESTONE","Wine",
"85629","MILFLORES","Wine",
"85629","MILLE BOLLE","Wine",
"85629","MILLE E UNA NOTTE","Wine",
"85629","MILLE GRADI","Wine",
"85629","MILLER FAMILY WINE COMPANY","Wine",
"85629","MILLTON","Wine",
"85629","MILTON CELLARS","Wine",
"85629","MIMI'S HOUSE WINE","Wine",
"85629","MIND & BODY","Wine",
"85629","MINIMALISTA","Wine",
"85629","MINUTE MAID SPIKED","Wine",
"85629","MINUTY","Wine",
"85629","MIONETTO","Wine",
"85629","MIRABELLE CELLARS","Wine",
"85629","MIRALTA","Wine",
"85629","MIRIDIA","Wine",
"85629","MISCHIEF & MAYHEM","Wine",
"85629","MISS ANAIS","Wine",
"85629","MISSING LINK","Wine",
"85629","MISTERO","Wine",
"85629","MISTLE TOE CELLARS","Wine",
"85629","MISTLETOE MAGIC WINE COLLECTION","Wine",
"85629","MISTURA UNICA","Wine",
"85629","MISUTO","Wine",
"85629","MITCHELL","Wine",
"85629","MITSUTAKE","Wine",
"85629","MIXED UP","Wine",
"85629","MODERN CONTOUR","Wine",
"85629","MODERN HOUSE WINE","Wine",
"85629","MODERN MOTIF","Wine",
"85629","MOET & CHANDON","Wine",
"85629","MOGEN DAVID","Wine",
"85629","MOLISSIMO","Wine",
"85629","MOM WATER","Low Alcohol Beverage",
"85629","MON FRERE WINERY","Wine",
"85629","MONBELLO","Wine",
"85629","MONBRISON","Wine",
"85629","MONDORO","Wine",
"85629","MONKEY BAY","Wine",
"85629","MONOGAMY","Wine",
"85629","MONROSSO","Wine",
"85629","MONSANTO","Wine",
"85629","MONSTER MASH","Wine",
"85629","MONT ALBANO","Wine",
"85629","MONTCADI","Wine",
"85629","MONTE DE SERRA","Wine",
"85629","MONTE FRASCATI","Wine",
"85629","MONTE VANNOS","Wine",
"85629","MONTECILLO","Wine",
"85629","MONTEFIORE","Wine",
"85629","MONTEGUELFO","Wine",
"85629","MONTENISA","Wine",
"85629","MONTEREY CANYON","Wine",
"85629","MONTERUSTICO","Wine",
"85629","MONTES","Wine",
"85629","MONTESIERRA","Wine",
"85629","MONTEVINA","Wine",
"85629","MONTFOLLET LE VALENTIN","Wine",
"85629","MONTGRAS","Wine",
"85629","MONTHAVEN","Wine",
"85629","MONTORO E SEVOLE","Wine",
"85629","MOONSHADOW","Wine",
"85629","MOORE CELLARS","Wine",
"85629","MOOSE LAKE WINE CO","Wine",
"85629","MOREY BLANC","Wine",
"85629","MORGAN","Wine",
"85629","MORLANDA","Wine",
"85629","MORNING BIRD VINES","Wine",
"85629","MORNING STAR","Wine",
"85629","MORRO BAY VINEYARDS","Wine",
"85629","MOSCABERRI","Wine",
"85629","MOSCAMANGO","Wine",
"85629","MOSCAPESCA","Wine",
"85629","MOSCATINO","Wine",
"85629","MOSCATO BELLA","Wine",
"85629","MOSELLAND","Wine",
"85629","MOSKETTO","Wine",
"85629","MOTTO","Wine",
"85629","MOULIN DE DUHART","Wine",
"85629","MOULINET","Wine",
"85629","MOUNT MAROMA","Wine",
"85629","MOUNT NELSON","Wine",
"85629","MOUNT PEAK WINERY","Wine",
"85629","MOUNT VEEDER WINERY","Wine",
"85629","MOUNTFORD ESTATE","Wine",
"85629","MOVA","Wine",
"85629","MOVENDO","Wine",
"85629","MOVIA","Wine",
"85629","MOZAIK","Wine",
"85629","MOZAIK IT","Wine",
"85629","MPX MAS DE MONISTROL","Wine",
"85629","MT BEAUTIFUL","Wine",
"85629","MT BRAVE","Wine",
"85629","MT DIFFICULTY","Wine",
"85629","MT FURY","Wine",
"85629","MUCHO MAS","Wine",
"85629","MULLAN ROAD CELLARS","Wine",
"85629","MUMM CUVEE NAPA","Wine",
"85629","MUMM NAPA","Wine",
"85629","MUNDAKA","Wine",
"85629","MURPHY GOODE","Wine",
"85629","MURRIETA'S WELL","Wine",
"85629","MUSE WINES","Wine",
"85629","MUSIC FESTIVAL","Wine",
"85629","MUTT LYNCH WINERY","Wine",
"85629","MY 2 CENTS","Wine",
"85629","MY FAVORITE NEIGHBOR","Wine",
"85629","MYSTIC CLIFFS","Wine",
"85629","MYSTIFIED","Wine",
"85629","MYX FUSIONS","Wine",
"85629","NACRILA","Wine",
"85629","NADIA","Wine",
"85629","NANDU","Wine",
"85629","NAPA ANGEL","Wine",
"85629","NAPA BY N A P A","Wine",
"85629","NAPA CELLARS","Wine",
"85629","NAPA CREST","Wine",
"85629","NAPA RIDGE","Wine",
"85629","NAPANOOK","Wine",
"85629","NASIME","Wine",
"85629","NATHANSON CREEK","Wine",
"85629","NATIVA ECO WINES","Wine",
"85629","NATURA","Wine",
"85629","NATURA NOVAS MULTIPACK","Wine",
"85629","NATURALIS","Wine",
"85629","NAUTIGIRL","Wine",
"85629","NAVARRO CORREAS","Wine",
"85629","NAVELLE VINEYARDS","Wine",
"85629","NECTAR VALLEY","Wine",
"85629","NEIMAN MARCUS","Wine",
"85629","NEIRANO","Wine",
"85629","NELSON ESTATE","Wine",
"85629","NEPENTHE","Wine",
"85629","NEVIO","Wine",
"85629","NEW HEIGHTS","Wine",
"85629","NEW VAVIN","Wine",
"85629","NEW YORK YANKEES","Wine",
"85629","NEXT","Wine",
"85629","NEYEN","Wine",
"85629","NICK FALDO","Wine",
"85629","NICKEL & NICKEL","Wine",
"85629","NICKLAUS","Wine",
"85629","NICKNAME","Wine",
"85629","NICOLAS FEUILLATTE","Wine",
"85629","NICOLAS JAY","Wine",
"85629","NICOLAS JOLY","Wine",
"85629","NIEBAUM ESTATE","Wine",
"85629","NIELSON","Wine",
"85629","NIETO SENETINER","Wine",
"85629","NIGHT BIRD","Wine",
"85629","NIGHT HARVEST","Wine",
"85629","NIGHT LIGHTS","Wine",
"85629","NIGHT OWL","Wine",
"85629","NIGHT TO REMEMBER","Wine",
"85629","NIGHTFALL AM","Wine",
"85629","NIGHTFALL HU","Wine",
"85629","NIGHTFALL SP","Wine",
"85629","NIHON SAKARI","Wine",
"85629","NIMBUS","Wine",
"85629","NINE VINES","Wine",
"85629","NINER WINE ESTATES","Wine",
"85629","NINO FRANCO","Wine",
"85629","NIPOZZANO","Wine",
"85629","NIRO","Wine",
"85629","NITA","Wine",
"85629","NITTARDI","Wine",
"85629","NO","Wine",
"85629","NO PROB LLAMA","Wine",
"85629","NO3","Wine",
"85629","NOBILISSIMA","Wine",
"85629","NOBILO","Wine",
"85629","NOBLE OAK CELLARS","Wine",
"85629","NOBLE VINES","Wine",
"85629","NODUS","Wine",
"85629","NOEL VERSET","Wine",
"85629","NOGUCHI NAOHIKO","Wine",
"85629","NOMADICA","Wine",
"85629","NONCONFORMIST","Wine",
"85629","NORTH WIND CN","Wine",
"85629","NORTHSTAR WINERY","Wine",
"85629","NOSTRO VINO","Wine",
"85629","NOTABLE","Wine",
"85629","NOTES CA","Wine",
"85629","NOTTE ROSSA","Wine",
"85629","NOVUM","Wine",
"85629","NOVY","Wine",
"85629","NOW AND ZEN","Wine",
"85629","NOZZOLE","Wine",
"85629","NXNW","Wine",
"85629","O FILLO DA CONDESA","Wine",
"85629","O MAR","Wine",
"85629","O ORGANICS","Wine",
"85629","O TERRA","Wine",
"85629","O WINES","Wine",
"85629","O' CONNOR'S","Wine",
"85629","O'CONNERY'S","Wine",
"85629","O'SULLIVAN'S","Wine",
"85629","OAK CREEK","Wine",
"85629","OAK LAKE","Wine",
"85629","OAK LEAF VINEYARDS","Wine",
"85629","OASIS VINEYARDS","Wine",
"85629","OBERHOF WINE CELLARS","Wine",
"85629","OBERON","Wine",
"85629","OBSCURA","Wine",
"85629","OBVIOUSLY","Wine",
"85629","OCHAVADO","Wine",
"85629","OCHO DOS DOS","Wine",
"85629","OCTOPADA","Wine",
"85629","ODD LOT","Wine",
"85629","ODE COUPLE","Wine",
"85629","ODFJELL","Wine",
"85629","OGGI","Wine",
"85629","OGV","Wine",
"85629","OH ME OH MY MIMOSA","Wine",
"85629","OLD COLONY","Wine",
"85629","OLD FART'S WIFE","Wine",
"85629","OLD WORLD PLAYER","Wine",
"85629","OLD WORLD PLAYERS","Wine",
"85629","OLDE SAVANNAH","Wine",
"85629","OLIVER WINERY","Wine",
"85629","OLIVIER BERNSTEIN","Wine",
"85629","OLIVIER LEFLAIVE","Wine",
"85629","OMAKA SPRINGS","Wine",
"85629","ON THE ROCKS","Wine",
"85629","ONCE UPON A TIME","Wine",
"85629","ONCE UPON A VINE","Wine",
"85629","ONE MILLION CUTTINGS","Wine",
"85629","OOH LA LA","Wine",
"85629","OOPS","Wine",
"85629","OP BY OPERA PRIMA","Wine",
"85629","OPAQUE","Wine",
"85629","OPEN DOOR POLICY","Wine",
"85629","OPEN RANCH","Wine",
"85629","OPEN SKIES","Wine",
"85629","OPERA PRIMA","Wine",
"85629","OPERE TREVIGIANE","Wine",
"85629","OPTIK","Wine",
"85629","OPUS ONE","Wine",
"85629","ORATORIO","Wine",
"85629","ORBAIO","Wine",
"85629","ORENO","Wine",
"85629","ORIEL","Wine",
"85629","ORIEL ALMA DE LLICORELLA","Wine",
"85629","ORIEL COURANT","Wine",
"85629","ORIGAMI","Wine",
"85629","ORIGAMI SAKE","Wine",
"85629","ORIN SWIFT CELLARS","Wine",
"85629","ORNELLAIA","Wine",
"85629","OROGENY","Wine",
"85629","OROSZ GABOR","Wine",
"85629","OROYA","Wine",
"85629","ORTUGA","Wine",
"85629","ORUBE","Wine",
"85629","OSBORNE","Wine",
"85629","OSMOSIS","Wine",
"85629","OSOYOOS LAROSE","Wine",
"85629","OTHELLO","Wine",
"85629","OTHERS","Wine",
"85629","OTONAL","Wine",
"85629","OUI TU PEUX","Wine",
"85629","OUR CELLARS","Wine",
"85629","OURAGAN","Wine",
"85629","OURO VERDE","Wine",
"85629","OUTER SOUNDS","Wine",
"85629","OUTERBOUND","Wine",
"85629","OUTLIER","Wine",
"85629","OVATION","Wine",
"85629","OVERTURE","Wine",
"85629","OVR","Wine",
"85629","OZAWA SHUZO","Wine",
"85629","Off Centre","Wine",
"85629","P & P","Wine",
"85629","P S GARCIA","Wine",
"85629","PACIFIC GATE","Wine",
"85629","PACIFIC HEIGHTS","Wine",
"85629","PACIFIC RIM","Wine",
"85629","PACIFICANA","Wine",
"85629","PAGO CIMERA","Wine",
"85629","PAGOS DE ANGUIX","Wine",
"85629","PAHLMEYER","Wine",
"85629","PAINTED GATE","Wine",
"85629","PAINTED HILLS","Wine",
"85629","PAINTER BRIDGE","Wine",
"85629","PALACIOS REMONDO","Wine",
"85629","PALAGETTO","Wine",
"85629","PALAMON","Wine",
"85629","PALAZZO","Wine",
"85629","PALLONCINI","Wine",
"85629","PALMER & CO","Wine",
"85629","PALO ALTO","Wine",
"85629","PAMPANO","Wine",
"85629","PANDEMONIUM","Wine",
"85629","PANICAUT","Wine",
"85629","PANNONIA","Wine",
"85629","PANTHERA","Wine",
"85629","PAOLO TOSCANO","Wine",
"85629","PAPER DREAMS","Wine",
"85629","PAPI","Wine",
"85629","PAPIO","Wine",
"85629","PARACOMBE","Wine",
"85629","PARADISE CELLARS","Wine",
"85629","PARAMUS","Wine",
"85629","PARANOIA","Wine",
"85629","PARCELAS DE FAMILIA","Wine",
"85629","PARTY SWEATER","Wine",
"85629","PARXET","Wine",
"85629","PASARICA","Wine",
"85629","PASCAL JOLIVET","Wine",
"85629","PASCAL LALLEMENT","Wine",
"85629","PASCUAL TOSO","Wine",
"85629","PASO CREEK","Wine",
"85629","PASO HILLS VINEYARDS","Wine",
"85629","PASSERELLES","Wine",
"85629","PASTEL","Wine",
"85629","PASTELLO","Wine",
"85629","PASTOURELLE DE CLERC MILON","Wine",
"85629","PATA NEGRA","Wine",
"85629","PATRICK CLERGET","Wine",
"85629","PATRICK LESEC","Wine",
"85629","PATRIMONY","Wine",
"85629","PATZ & HALL","Wine",
"85629","PAUL CHENEAU","Wine",
"85629","PAUL MAS","Wine",
"85629","PAUL MASSON","Wine",
"85629","PAYOFF","Wine",
"85629","PAZO BARRANTES","Wine",
"85629","PAZO CASTRELO","Wine",
"85629","PAZO TORRE PENELAS","Wine",
"85629","PEACE LOVE & LIGHTS, CANDLES OF HOPE","Wine",
"85629","PEACEFUL BEND VINEYARD","Wine",
"85629","PEACEFUL FOREST","Wine",
"85629","PEAK SEEKER","Wine",
"85629","PEBBLE LANE","Wine",
"85629","PECAN BLUSH","Wine",
"85629","PELLEGRINO","Wine",
"85629","PENA ROBLE","Wine",
"85629","PENASCAL","Wine",
"85629","PENNER ASH","Wine",
"85629","PEPPER TREE","Wine",
"85629","PEPPERWOOD GROVE","Wine",
"85629","PERE ANSELME","Wine",
"85629","PERE VENTURA","Wine",
"85629","PERFORMER","Wine",
"85629","PERIQUITA","Wine",
"85629","PERLAPP","Wine",
"85629","PERMASUR","Wine",
"85629","PERREGRINE RIDGE","Wine",
"85629","PERRIER JOUET","Wine",
"85629","PERRIN + DOBBS VINEYARDS","Wine",
"85629","PERRY'S","Wine",
"85629","PERSEVERANCE","Wine",
"85629","PERTARINGA","Wine",
"85629","PERTINACE","Wine",
"85629","PESCEVINO","Wine",
"85629","PESSAGNO","Wine",
"85629","PESSIMIST","Wine",
"85629","PETALUMA","Wine",
"85629","PETER YEALANDS","Wine",
"85629","PETIT PAVEIL","Wine",
"85629","PEYRASSOL","Wine",
"85629","PFAFFL","Wine",
"85629","PHARAON","Wine",
"85629","PHIL LONG","Wine",
"85629","PHILIP SHAW","Wine",
"85629","PHILIPPONNAT","Wine",
"85629","PHOTOGRAPH","Wine",
"85629","PIAFF","Wine",
"85629","PICCINI","Wine",
"85629","PICCO","Wine",
"85629","PICKET FENCE","Wine",
"85629","PIEDRA DEL AGUILA","Wine",
"85629","PIERRE & PAUL","Wine",
"85629","PIERRE LE GRAND","Wine",
"85629","PIERRE MAREY ET FILS","Wine",
"85629","PIERRE MOREY","Wine",
"85629","PIETRAMAGGIO","Wine",
"85629","PIEVE SANTA RESTITUTA","Wine",
"85629","PIGHIN","Wine",
"85629","PIGNAN","Wine",
"85629","PILCROW","Wine",
"85629","PILEDRIVER","Wine",
"85629","PINACULO","Wine",
"85629","PINECROFT","Wine",
"85629","PININFARINA","Wine",
"85629","PINK & GOLD","Wine",
"85629","PINK DREAMS","Wine",
"85629","PINK POISE","Wine",
"85629","PINK TRUCK","Wine",
"85629","PINKY TRUCE","Wine",
"85629","PINO","Wine",
"85629","PINOPASSO","Wine",
"85629","PINOT ENVY","Wine",
"85629","PINOT EVIL","Wine",
"85629","PINX SKINNY TO GO COCKTAILS","Wine",
"85629","PIO CESARE","Wine",
"85629","PIPER HEIDSIECK","Wine",
"85629","PIPER SONOMA","Wine",
"85629","PIPERS","Wine",
"85629","PIQUE-NIQUE","Wine",
"85629","PIRANHA","Wine",
"85629","PITAGORA","Wine",
"85629","PITARS","Wine",
"85629","PKNT","Wine",
"85629","PLACIDO","Wine",
"85629","PLANET B","Wine",
"85629","PLANET OREGON","Wine",
"85629","PLANETA","Wine",
"85629","PLATINO IT","Wine",
"85629","PLATINO SP","Wine",
"85629","PLATYPUS CREEK","Wine",
"85629","PLAYA CANTINA","Wine",
"85629","PLAYWRIGHT","Wine",
"85629","PLUMERIA","Wine",
"85629","PLUMLOCO","Wine",
"85629","PLUMMY","Wine",
"85629","PLUSH","Wine",
"85629","PODERI MELINI","Wine",
"85629","PODERNUOVO A PALAZZONE","Wine",
"85629","POEMA","Wine",
"85629","POESIA","Wine",
"85629","POGGIO IL CASTELLARE","Wine",
"85629","POGGIO SALVI DI MONTALCINO","Wine",
"85629","POGGIO STELLA","Wine",
"85629","POINT TAKEN","Wine",
"85629","POISE","Wine",
"85629","POL REMY","Wine",
"85629","POL ROGER","Wine",
"85629","POLLO PAZZO","Wine",
"85629","POLVARO ORO","Wine",
"85629","POMEGRANATE","Wine",
"85629","POMELO","Wine",
"85629","POMPITA","Wine",
"85629","POOL HOUSE","Wine",
"85629","POP THE TOP","Wine",
"85629","POPCORN","Wine",
"85629","POPCRUSH","Wine",
"85629","POPPY MEADOW","Wine",
"85629","PORCH SWING","Wine",
"85629","PORTA PALO","Wine",
"85629","PORTA VITA","Wine",
"85629","PORTALE D'ASPRA","Wine",
"85629","PORTE STE GERMAINE","Wine",
"85629","PORTER & PLOT","Wine",
"85629","PORTFOLIO","Wine",
"85629","PORTILLO","Wine",
"85629","PORTRAIT OF A WALLFLOWER","Wine",
"85629","POST & BEAM","Wine",
"85629","POST & PADDOCK","Wine",
"85629","POUR DECISIONS","Wine",
"85629","PRA DELLA LUNA","Wine",
"85629","PRATS FRERES","Wine",
"85629","PRAYERS OF SINNERS AND SAINTS","Wine",
"85629","PREAMBULE","Wine",
"85629","PRECARIOUS","Wine",
"85629","PRECIOUS LIGHTS","Wine",
"85629","PREDATOR","Wine",
"85629","PRELIUS","Wine",
"85629","PRELUDE A GRAND PUY DUCASSE","Wine",
"85629","PREMIAT","Wine",
"85629","PREMIUS","Wine",
"85629","PREVAIL","Wine",
"85629","PRIEURE SAINT COME","Wine",
"85629","PRIMAL ROOTS","Wine",
"85629","PRIME CUT 55","Wine",
"85629","PRIMI","Wine",
"85629","PRIMUS","Wine",
"85629","PRINCE DE LYS","Wine",
"85629","PRINCE HILL VINEYARDS","Wine",
"85629","PRINCE MICHEL","Wine",
"85629","PRINCE MICHEL DE LEON","Wine",
"85629","PRINCE MICHEL DE NAPA","Wine",
"85629","PRINCE MICHEL DE RAPIDAN","Wine",
"85629","PRINCE MICHEL DE VIRGINIA","Wine",
"85629","PRINCIPAL","Wine",
"85629","PRINCIPATO","Wine",
"85629","PRINCIPESSA GAVIA","Wine",
"85629","PRINZ VON HESSEN","Wine",
"85629","PRINZ VON PREUSSEN WEINELLEREI","Wine",
"85629","PRIOR TERRAE","Wine",
"85629","PROMINENCE","Wine",
"85629","PROMISQOUS","Wine",
"85629","PROPER ETIQUETTE","Wine",
"85629","PROSIT NEUJAHR","Wine",
"85629","PROSPERO","Wine",
"85629","PROTEGE","Wine",
"85629","PROVISIONS WINE COMPANY","Wine",
"85629","PROXIMITY TWENTY SIX","Wine",
"85629","PRUNOTTO","Wine",
"85629","PSYCHE","Wine",
"85629","PUBLIC RADIO","Wine",
"85629","PUBLIX","Wine",
"85629","PUENTE AUSTRAL","Wine",
"85629","PUIATTI","Wine",
"85629","PUJANZA","Wine",
"85629","PUMPKIN SPICE","Wine",
"85629","PUNTO NINO","Wine",
"85629","PURA (CHILE)","Wine",
"85629","PURAMUN","Wine",
"85629","PURE PLAY","Wine",
"85629","PURE THE WINERY","Wine",
"85629","PURE WINE PLEASURE","Wine",
"85629","PUROS","Wine",
"85629","PURPLE COWBOY","Wine",
"85629","PYRAMID SCHEME","Wine",
"85629","PYROS","Wine",
"85629","Paper Boy","Wine",
"85629","QUAIL CREEK","Wine",
"85629","QUAIL VALLEY VINEYARDS","Wine",
"85629","QUARA","Wine",
"85629","QUATTRO THEORY","Wine",
"85629","QUEEN'S GAMBIT","Wine",
"85629","QUERCETO","Wine",
"85629","QUERCIA AL POGGIO","Wine",
"85629","QUEST","Wine",
"85629","QUICKFIRE","Wine",
"85629","QUINON DE VALMIRA","Wine",
"85629","QUINTA COLLECTION VARIETY BOX","Wine",
"85629","QUINTA DA AVELEDA","Wine",
"85629","QUINTA DA GARRIDA","Wine",
"85629","QUINTA DA ROMANEIRA","Wine",
"85629","QUINTA DO ATAIDE","Wine",
"85629","QUINTA DO CARMO","Wine",
"85629","QUINTA DO NOVAL","Wine",
"85629","QUINTA SARDONIA","Wine",
"85629","QUINTARA","Wine",
"85629","QUINTESSA","Wine",
"85629","QUORUM","Wine",
"85629","QUOTATION","Wine",
"85629","R A MERRY","Wine",
"85629","R H PHILLIPS VINEYARD","Wine",
"85629","R J REED LTD","Wine",
"85629","R2 WINE COMPANY","Wine",
"85629","R37","Wine",
"85629","RACER 68","Wine",
"85629","RACINES","Wine",
"85629","RACINES & TERROIRS","Wine",
"85629","RAEBURN","Wine",
"85629","RAGE","Wine",
"85629","RAIA OR","Wine",
"85629","RAILYARD WINES","Wine",
"85629","RAINSTORM","Wine",
"85629","RAMONA SINGER","Wine",
"85629","RAMOS PINTO","Wine",
"85629","RANCH 32","Wine",
"85629","RANCH RIDER SPIRITS CO","Low Alcohol Beverage",
"85629","RANCHO LA GLORIA","Wine",
"85629","RANDALL BRIDGE","Wine",
"85629","RANDALL MONROE","Wine",
"85629","RANSOM","Wine",
"85629","RAPIDAN RIVER","Wine",
"85629","RARE NORTH","Wine",
"85629","RASCAL","Wine",
"85629","RASCALLY RABBIT","Wine",
"85629","RATTI","Wine",
"85629","RAVAGE","Wine",
"85629","RAVAILLE ERMITAGE DU PIC ST LOUP","Wine",
"85629","RAVANAL","Wine",
"85629","RAVENSWOOD","Wine",
"85629","RAY OF LIGHT","Wine",
"85629","RAY'S CREEK VINEYARDS","Wine",
"85629","RAYMI","Wine",
"85629","RAYNE VIGNEAU","Wine",
"85629","RAYS OF LIGHT","Wine",
"85629","RAZA ARGENTINA","Wine",
"85629","RAZA DOLCE","Wine",
"85629","REAL WINE","Wine",
"85629","REALEZA","Wine",
"85629","REASON TO SPARKLE","Wine",
"85629","REATA","Wine",
"85629","REBEL COAST WINERY","Wine",
"85629","REBEL WINE","Wine",
"85629","REBELLIOUS","Wine",
"85629","REBUSITY","Wine",
"85629","RECANATI","Wine",
"85629","RECIPROCITY","Wine",
"85629","RECKLESS LOVE","Wine",
"85629","RECKLESS LOVE WINES","Wine",
"85629","RED BANDANA","Wine",
"85629","RED DIAMOND","Wine",
"85629","RED FLYER","Wine",
"85629","RED GUITAR","Wine",
"85629","RED SNAKE","Wine",
"85629","RED TRUCK","Wine",
"85629","RED VELVET BY CUPCAKE","Wine",
"85629","REDBUD","Wine",
"85629","REDCLIFFE","Wine",
"85629","REDWOOD HIGHWAY","Wine",
"85629","REFLECTION RIDGE","Wine",
"85629","REFLECTIVE WINGS","Wine",
"85629","REGALEALI","Wine",
"85629","REGINATO","Wine",
"85629","REGNARD","Wine",
"85629","REINDEER RANCH","Wine",
"85629","REJUVENATE","Wine",
"85629","RELATIVE","Wine",
"85629","RELAX","Wine",
"85629","REMOLE","Wine",
"85629","RENATO RATTI","Wine",
"85629","RENE BARBIER","Wine",
"85629","RENE DE LACRAY","Wine",
"85629","RENE ROSTAING","Wine",
"85629","RENWOOD","Wine",
"85629","REPLICA","Wine",
"85629","REPUBLIC OF WINE","Wine",
"85629","RESERVE DE L'AUBE","Wine",
"85629","RESERVE DE LA COMTESSE","Wine",
"85629","RESERVE DES AULEINES","Wine",
"85629","RESERVE DES BERTRANDS","Wine",
"85629","RESERVE DES ROCHERS","Wine",
"85629","RESERVE DU CHATEAU CROIX MOUTON","Wine",
"85629","RESERVE ST MARTIN","Wine",
"85629","RESONANCE","Wine",
"85629","REST IN PEACE","Wine",
"85629","RESTIVO","Wine",
"85629","RESTORATION","Wine",
"85629","RETRATO POR JEAN CLAUDE","Wine",
"85629","RETRO REWIND","Wine",
"85629","REVAH","Cider",
"85629","REVAH","Wine",
"85629","REVEL","Wine",
"85629","REVELEE","Wine",
"85629","REY DE COPAS","Wine",
"85629","REYNOLDS VINEYARDS","Wine",
"85629","RHIANNON","Wine",
"85629","RHINEFLUR","Wine",
"85629","RHUMBERO","Wine",
"85629","RHUMBERTO","Wine",
"85629","RIB SHACK","Wine",
"85629","RIBOLI FAMILY VINEYARD","Wine",
"85629","RICHARDS WILD IRISH ROSE","Wine",
"85629","RICKSHAW","Wine",
"85629","RIDDOCH","Wine",
"85629","RIDE","Wine",
"85629","RIDOLFI","Wine",
"85629","RIGATONI","Wine",
"85629","RIGHT HOOK","Wine",
"85629","RIHAKU","Wine",
"85629","RIMON WINERY","Wine",
"85629","RING RING","Wine",
"85629","RIO DULCE","Wine",
"85629","RIO SECO","Wine",
"85629","RIO VACA VINEYARDS","Wine",
"85629","RIOJA VEGA","Wine",
"85629","RIONDO","Wine",
"85629","RIPARIAN","Wine",
"85629","RISCAL 1860","Wine",
"85629","RISERVA DELLA FAMIGLIA","Wine",
"85629","RISQUE","Wine",
"85629","RITUAL","Wine",
"85629","RIUNITE","Wine",
"85629","RIVA DE LA ROSA","Wine",
"85629","RIVEFORT DE FRANCE","Wine",
"85629","RIVERA","Wine",
"85629","RNR","Wine",
"85629","ROAMER","Wine",
"85629","ROARING MEG","Wine",
"85629","ROBERT AUGUST","Wine",
"85629","ROBERT DE NOLA","Wine",
"85629","ROBERT MONDAVI","Wine",
"85629","ROBERT OATLEY","Wine",
"85629","ROBERT PEPI","Wine",
"85629","ROBERT SKALLI","Wine",
"85629","ROC DE L'ABBAYE","Wine",
"85629","ROC DES BOUTIRES","Wine",
"85629","ROCCA DELLE MACIE","Wine",
"85629","ROCHE GUILHEM","Wine",
"85629","ROCHIOLI","Wine",
"85629","ROCINANTE","Wine",
"85629","ROCK RABBIT","Wine",
"85629","ROCKBARE","Wine",
"85629","ROCKET WINERY","Wine",
"85629","ROCO","Wine",
"85629","RODNEY STRONG","Wine",
"85629","ROEDERER ESTATE","Wine",
"85629","ROESSLER","Wine",
"85629","ROGER LASSARAT","Wine",
"85629","ROKU","Wine",
"85629","ROLLING","Wine",
"85629","ROLLING HISTORY","Wine",
"85629","ROMAIN DUVERNAY","Wine",
"85629","ROMAN COPPOLA RESERVE","Wine",
"85629","ROMBAUER VINEYARDS","Wine",
"85629","ROMEL","Wine",
"85629","ROOT & RUBBLE","Wine",
"85629","ROOT 66","Wine",
"85629","ROOT AND VINE","Wine",
"85629","ROQUATELLE","Wine",
"85629","ROSA OBSCURA","Wine",
"85629","ROSARIO VERA","Wine",
"85629","ROSATELLO","Wine",
"85629","ROSCATO","Wine",
"85629","ROSE ALL DAY","Wine",
"85629","ROSE BAE","Wine",
"85629","ROSE D'ENFER","Wine",
"85629","ROSE D'OR","Wine",
"85629","ROSE DE LA SOLITUDE","Wine",
"85629","ROSEBLOOD D'ESTOUBLON","Wine",
"85629","ROSEHAVEN","Wine",
"85629","ROSELLE","Wine",
"85629","ROSENBLUM CELLARS","Wine",
"85629","ROSSO & BIANCO","Wine",
"85629","ROSSO FIORENTINO","Wine",
"85629","ROTARI","Wine",
"85629","ROTEM & MOUNIR SAOUMA","Wine",
"85629","ROTH ESTATE","Wine",
"85629","ROTHBURY ESTATE","Wine",
"85629","ROUGH DAY","Wine",
"85629","ROUND HILL","Wine",
"85629","ROUND POND ESTATE","Wine",
"85629","ROUNDHOUSE","Wine",
"85629","ROUTE 99","Wine",
"85629","ROUTESTOCK","Wine",
"85629","ROW BY ROW","Wine",
"85629","ROWEN","Wine",
"85629","ROXANNE","Wine",
"85629","ROYAL","Wine",
"85629","ROYAL OAKS RANCH","Wine",
"85629","ROYAL OYSTER","Wine",
"85629","ROYAL POST","Wine",
"85629","ROYAL PRINCE","Wine",
"85629","ROYAL TOKAJI","Wine",
"85629","ROYALE","Wine",
"85629","RUBICON ESTATE","Wine",
"85629","RUFFINO","Wine",
"85629","RUINART","Wine",
"85629","RUNNYMEDE","Wine",
"85629","RUSACK","Wine",
"85629","RUSSIAN STANDARD","Low Alcohol Beverage",
"85629","RUST EN VREDE","Wine",
"85629","RUTHERFORD ESTATE CELLARS","Wine",
"85629","RUTHERFORD HILL","Wine",
"85629","RUTHERFORD RANCH","Wine",
"85629","RUTHERFORD WINE COMPANY","Wine",
"85629","RYDER ESTATE","Wine",
"85629","RYOKO","Wine",
"85629","S A PRUM","Wine",
"85629","SABER","Wine",
"85629","SABLES D'AZUR","Wine",
"85629","SABOTAGE","Wine",
"85629","SACCARDI","Wine",
"85629","SACRED HILL","Wine",
"85629","SACRIFICIAL JOURNEY","Wine",
"85629","SADDLE MOUNTAIN","Wine",
"85629","SADDLEWORTH HILLS","Wine",
"85629","SAINT CLAIR FAMILY ESTATE","Wine",
"85629","SAINT SPRITZ","Wine",
"85629","SAKURA","Wine",
"85629","SALENTEIN","Wine",
"85629","SALEYA","Wine",
"85629","SALMON CREEK","Wine",
"85629","SALMON HARBOR","Wine",
"85629","SALMON'S LEAP","Wine",
"85629","SALMOS","Wine",
"85629","SALNEVAL","Wine",
"85629","SALTY BLONDE","Wine",
"85629","SALVANZA","Wine",
"85629","SALVARE","Wine",
"85629","SALVIANO","Wine",
"85629","SAMUEL SMITH'S","Cider",
"85629","SAN ANGELO","Wine",
"85629","SAN ANTONIO","Wine",
"85629","SAN ANTONIO WINERY","Wine",
"85629","SAN LEON","Wine",
"85629","SAN MICHELE","Wine",
"85629","SAN PATRIGNANO","Wine",
"85629","SAN PEDRO","Wine",
"85629","SAN SIMEON","Wine",
"85629","SANDALFORD","Wine",
"85629","SANDARA","Wine",
"85629","SANDEMAN","Wine",
"85629","SANDHOLDT","Wine",
"85629","SANFORD","Wine",
"85629","SANTA ALICIA","Wine",
"85629","SANTA ANITA","Wine",
"85629","SANTA CRISTINA","Wine",
"85629","SANTA DUC","Wine",
"85629","SANTA EMA","Wine",
"85629","SANTA FLORENTINA","Wine",
"85629","SANTA GABRIELA","Wine",
"85629","SANTA MARGHERITA","Wine",
"85629","SANTA MARINA","Wine",
"85629","SANTA MARTINA","Wine",
"85629","SANTA RITA","Wine",
"85629","SANTA ROSA","Wine",
"85629","SANTA SOFIA","Wine",
"85629","SANTANA","Wine",
"85629","SANTO IT","Wine",
"85629","SANTONINO","Wine",
"85629","SANTOS","Wine",
"85629","SANTOS SANGRIA","Wine",
"85629","SANZENO","Wine",
"85629","SAPIENS","Wine",
"85629","SARACINA","Wine",
"85629","SARGET DE GRUAUD LAROSE","Wine",
"85629","SARTORI","Wine",
"85629","SASSOREGALE","Wine",
"85629","SATURDAY RED","Wine",
"85629","SAUCE","Wine",
"85629","SAUVETAGE","Wine",
"85629","SAVE ME SAN FRANCISCO","Wine",
"85629","SAVED","Wine",
"85629","SAVONA","Wine",
"85629","SAWMILL CREEK","Wine",
"85629","SCARLET VINE","Wine",
"85629","SCATTERED PEAKS","Wine",
"85629","SCHARFFENBERGER","Wine",
"85629","SCHEID VINEYARDS","Wine",
"85629","SCHEUER VINEYARDS","Wine",
"85629","SCHLOSS JOHANNISBERG","Wine",
"85629","SCHLOSS REINHARTSHAUSEN","Wine",
"85629","SCHLOSS VOLLRADS","Wine",
"85629","SCHMITT SCHENK","Wine",
"85629","SCHMITT SOHNE","Wine",
"85629","SCHMITT SOHNE FAMILY WINES","Wine",
"85629","SCHMITT SOHNE WINES","Wine",
"85629","SCHRADER","Wine",
"85629","SCHRAMSBERG","Wine",
"85629","SCHUCKS","Wine",
"85629","SCOTT FAMILY ESTATE","Wine",
"85629","SCOUT WILD","Wine",
"85629","SCREW KAPPA NAPA","Wine",
"85629","SEA MONSTER","Wine",
"85629","SEA PHANTOM","Wine",
"85629","SEA RIDGE","Wine",
"85629","SEA SIREN","Wine",
"85629","SEA WAVE","Wine",
"85629","SEAGLASS","Wine",
"85629","SEASON'S TWEETINGS","Wine",
"85629","SEAVIEW","Wine",
"85629","SEAWORTH","Wine",
"85629","SEBASTIANI","Wine",
"85629","SECCO IT","Wine",
"85629","SECLUDED RETREAT","Wine",
"85629","SECRET DE FAMILLE","Wine",
"85629","SECRET DOOR","Wine",
"85629","SECRETS REVEALED","Wine",
"85629","SEDIMENTARY","Wine",
"85629","SEEBERGER","Wine",
"85629","SEEK & ESCAPE","Wine",
"85629","SEGURA VIUDAS","Wine",
"85629","SEIGNEUR DE LA TOUR","Wine",
"85629","SEIKYO","Wine",
"85629","SEIN","Wine",
"85629","SELAKS","Wine",
"85629","SELECTION RENE MANUEL","Wine",
"85629","SELLA & MOSCA","Wine",
"85629","SEMBRA UNA VESPA","Wine",
"85629","SENKIN SAKE BREWERY CO","Wine",
"85629","SENORIO DE LA ANTIGUA","Wine",
"85629","SENORIO DE LOS LLANOS","Wine",
"85629","SENTIDO DE BORO","Wine",
"85629","SEPPELT","Wine",
"85629","SEQUIN","Wine",
"85629","SEQUOIA GROVE","Wine",
"85629","SEQURA VIUDAS","Wine",
"85629","SERAFINI & VIDOTTO","Wine",
"85629","SERENITA BELLA","Wine",
"85629","SERIAL WINES","Wine",
"85629","SERIE IMPAR","Wine",
"85629","SERVE","Wine",
"85629","SESSHU OTOKOYAMA","Wine",
"85629","SETTESOLI","Wine",
"85629","SETTING SUN","Wine",
"85629","SETTLEMENT","Wine",
"85629","SEURIN","Wine",
"85629","SEVEN","Wine",
"85629","SEVEN DAUGHTERS","Wine",
"85629","SEVEN FALLS","Wine",
"85629","SEVEN SISTERS","Wine",
"85629","SEVEN SUNS","Wine",
"85629","SEVENTH MOON","Wine",
"85629","SEVILLANA","Wine",
"85629","SHADES","Wine",
"85629","SHADES OF BLUE","Wine",
"85629","SHADOW CREEK CELLARS","Wine",
"85629","SHADOW DANCE","Wine",
"85629","SHADOW HILL","Wine",
"85629","SHADOW SHOW","Wine",
"85629","SHANIA","Wine",
"85629","SHARK TRUST","Wine",
"85629","SHATTER","Wine",
"85629","SHAYA","Wine",
"85629","SHEEP STATION","Wine",
"85629","SHEEP THRILLS","Wine",
"85629","SHICHI HON YARI","Wine",
"85629","SHIMIZU NO MAI","Wine",
"85629","SHIMMIN CANYON VINEYARD","Wine",
"85629","SHINING HILL","Wine",
"85629","SHIOKAWA","Wine",
"85629","SHIRAKAWAGO","Wine",
"85629","SHIRAYUKI","Wine",
"85629","SHO CHIKU BAI","Wine",
"85629","SHOOTING STAR","Wine",
"85629","SHORESIDE","Wine",
"85629","SHOTTY'S","Wine",
"85629","SICANI","Wine",
"85629","SICHEL","Wine",
"85629","SIDE BY SIDE","Wine",
"85629","SIDECAR","Wine",
"85629","SIDERAL","Wine",
"85629","SIELO BLU","Wine",
"85629","SIEPI","Wine",
"85629","SIERRA MADRE VINEYARD","Wine",
"85629","SIERRA SANGRIA","Wine",
"85629","SIGN OF THE TIMES","Wine",
"85629","SIGNAL RIDGE","Wine",
"85629","SIGNATERRA","Wine",
"85629","SIGNATURE RESERVE CELLARS","Wine",
"85629","SIGNOR LUNA","Wine",
"85629","SIGNOS DE ORIGEN","Wine",
"85629","SILENT HUNTER","Wine",
"85629","SILK & SPICE","Wine",
"85629","SILTERRA","Wine",
"85629","SILVER BIRCH","Wine",
"85629","SILVER BUCKLE CELLARS","Wine",
"85629","SILVER GATE","Wine",
"85629","SILVER OAK","Wine",
"85629","SILVER PALM","Wine",
"85629","SILVER RAVEN","Wine",
"85629","SILVER TOTEM","Wine",
"85629","SILVERADO VINEYARDS","Wine",
"85629","SIMI","Wine",
"85629","SIMONETTE","Wine",
"85629","SIMPLE","Wine",
"85629","SIMPLY FRUIT","Wine",
"85629","SIMPLY NAKED","Wine",
"85629","SINCERITY","Wine",
"85629","SINEGAL","Wine",
"85629","SINO DA ROMANEIRA","Wine",
"85629","SIP 'N SAMPLE","Wine",
"85629","SIP'N WITH BLITZEN","Wine",
"85629","SIPPIN SPARKS","Wine",
"85629","SIRENA DEL MARE","Wine",
"85629","SIRIUS","Wine",
"85629","SIRSELL","Wine",
"85629","SISTER MOON","Wine",
"85629","SITRAL","Wine",
"85629","SIX DEGREES","Wine",
"85629","SIX STRING","Wine",
"85629","SIXTO","Wine",
"85629","SIXTY-FIVE & BROAD","Wine",
"85629","SKALLI DUPUIS 1920 GRAND VIN DU RHONE","Wine",
"85629","SKELETON","Wine",
"85629","SKINNYGIRL","Wine",
"85629","SKULL & BONES","Wine",
"85629","SKY'S THE LIMIT","Wine",
"85629","SKYFAIR","Wine",
"85629","SLAM DUNK","Wine",
"85629","SLOTH","Wine",
"85629","SLOW CHURN","Wine",
"85629","SLOW DANCER","Wine",
"85629","SLOW PRESS","Wine",
"85629","SLS","Wine",
"85629","SLY AS A FOX","Wine",
"85629","SMASHBERRY","Wine",
"85629","SMASHED GRAPES","Wine",
"85629","SMG CELLARS","Wine",
"85629","SMIRNOFF SINGLES","Wine",
"85629","SMITH & HOOK","Wine",
"85629","SMITH & PERRY","Wine",
"85629","SNAP DRAGON","Wine",
"85629","SNOQUALMIE VINEYARDS","Wine",
"85629","SNOW CRYSTALS","Wine",
"85629","SNOW DOVE","Wine",
"85629","SNOW FLURRIES","Wine",
"85629","SNOW FORT","Wine",
"85629","SNOW FUN","Wine",
"85629","SNOW MUCH FUN","Wine",
"85629","SNOWFLAKE DANCE","Wine",
"85629","SNOWFLAKE ENCORE","Wine",
"85629","SNOWY VILLAGE","Wine",
"85629","SNUGGLE SEASON","Wine",
"85629","SO VIN SE","Wine",
"85629","SOC AGR COLLI ASOLANI DE BEDIN ENRICO","Wine",
"85629","SOCIAL ENJOYMENTS","Wine",
"85629","SOCIOLOGIE","Wine",
"85629","SOFFIATO VIA","Wine",
"85629","SOFFOCONE DI VINCIGLIATA","Wine",
"85629","SOFIA","Wine",
"85629","SOIREE SIPPER","Wine",
"85629","SOKOL BLOSSER","Wine",
"85629","SOL DE IBIZA","Wine",
"85629","SOL RIO","Wine",
"85629","SOLA","Wine",
"85629","SOLA  SP","Wine",
"85629","SOLANES","Wine",
"85629","SOLAR DE LA VEGA","Wine",
"85629","SOLAR PLEXUS","Wine",
"85629","SOLEIL","Wine",
"85629","SOLEN","Wine",
"85629","SOLEO","Wine",
"85629","SOLINE","Wine",
"85629","SOLIVINO","Wine",
"85629","SOLLETICO","Wine",
"85629","SOLMAYOR","Wine",
"85629","SOLO REFLECTION","Wine",
"85629","SOLO REFLECTIONS","Wine",
"85629","SOLOMON HILLS","Wine",
"85629","SOLSTONE ESTATE","Wine",
"85629","SOME WINE","Wine",
"85629","SONGBIRD DUET","Wine",
"85629","SONGS ABOUT WINTER","Wine",
"85629","SONJA","Wine",
"85629","SONOMA CREST","Wine",
"85629","SONOMA HILL VINEYARDS","Wine",
"85629","SONOMA HILLS","Wine",
"85629","SONOMA RANCHES","Wine",
"85629","SONOMA VINEYARDS","Wine",
"85629","SONOROSO","Wine",
"85629","SOPHENIA","Wine",
"85629","SOPHIE BARON","Wine",
"85629","SOPHIE'S CELLARS","Wine",
"85629","SOPRA SOTTO","Wine",
"85629","SOTER VINEYARDS","Wine",
"85629","SOTO","Wine",
"85629","SOTO DE TORRES","Wine",
"85629","SOUL MATE","Wine",
"85629","SOUL OF THE SUN","Wine",
"85629","SOULFUL SMILE","Wine",
"85629","SOUND AND FURY","Wine",
"85629","SOUR SHOT","Wine",
"85629","SOUTHERN POINT","Wine",
"85629","SOUTHWEST WINES","Wine",
"85629","SPACE AGE","Wine",
"85629","SPACE COWBOY","Wine",
"85629","SPADINA","Wine",
"85629","SPALLETTI","Wine",
"85629","SPANISH SONS","Wine",
"85629","SPANISH VINES","Wine",
"85629","SPARKLE HOUSE","Wine",
"85629","SPARKLING CHEERS","Wine",
"85629","SPARKLING MAGIC","Wine",
"85629","SPARKLING ORNAMENT","Wine",
"85629","SPARKLING SPLENDOR","Wine",
"85629","SPASSO","Wine",
"85629","SPECIAL SELECTION BY CUPCAKE VINEYARDS","Wine",
"85629","SPECIALYST","Wine",
"85629","SPELLBOUND","Wine",
"85629","SPHERE","Wine",
"85629","SPIN THE BOTTLE","Wine",
"85629","SPLENDID","Wine",
"85629","SPLINTER PARTNERS","Wine",
"85629","SPOKEN BARREL","Wine",
"85629","SPRING MOUNTAIN VINEYARD","Wine",
"85629","SPRING VALLEY VINEYARD","Wine",
"85629","SPRINTER","Low Alcohol Beverage",
"85629","SPRITZ DEL CONTE","Wine",
"85629","SPRITZATTO","Wine",
"85629","SPYGLASS","Wine",
"85629","ST ANDREW'S WINERY","Wine",
"85629","ST ARMEL","Low Alcohol Beverage",
"85629","ST CLAIR WINERY","Wine",
"85629","ST FRANCIS","Wine",
"85629","ST GEORGS","Wine",
"85629","ST LORENZ","Wine",
"85629","ST SUPERY","Wine",
"85629","STACK WINES","Wine",
"85629","STACKS & STONES","Wine",
"85629","STAG'S LEAP WINE CELLARS","Wine",
"85629","STALKING HORSE","Wine",
"85629","STAR BRIGHT","Wine",
"85629","STARK RAVING","Wine",
"85629","STARLIGHT","Wine",
"85629","STARLIGHT WONDER","Wine",
"85629","STARMONT","Wine",
"85629","STASH","Wine",
"85629","STATELAND CELLARS","Wine",
"85629","STAY AT GNOME PARENTS","Wine",
"85629","STEADY STATE","Wine",
"85629","STEELE WINES","Wine",
"85629","STEELHEAD","Wine",
"85629","STEEP RIDGE","Wine",
"85629","STEEP'D","Wine",
"85629","STEIL","Wine",
"85629","STEILLAGE","Wine",
"85629","STELLA & HENRY","Wine",
"85629","STELLA ROSA","Wine",
"85629","STELLA ROYALE","Wine",
"85629","STELLAR ORGANICS","Wine",
"85629","STELVIO","Wine",
"85629","STEMMARI","Wine",
"85629","STEPHANE AVIRON","Wine",
"85629","STICKS","Wine",
"85629","STIMSON ESTATE CELLARS","Wine",
"85629","STLTO","Wine",
"85629","STOKES' GHOST","Wine",
"85629","STOLLER","Wine",
"85629","STOLLER FAMILY ESTATE","Wine",
"85629","STOLLER SWING","Wine",
"85629","STOMPING GROUND","Wine",
"85629","STONE BARN VINEYARDS","Wine",
"85629","STONE CELLARS","Wine",
"85629","STONE CREEK","Wine",
"85629","STONE FLY VINEYARD","Wine",
"85629","STONE HORSE CELLARS","Wine",
"85629","STONE'S ORIGINAL GINGER","Wine",
"85629","STONEGATE","Wine",
"85629","STONEHAVEN","Wine",
"85629","STONELEIGH","Wine",
"85629","STONESTREET","Wine",
"85629","STONIER","Wine",
"85629","STONY HILL VINEYARD","Wine",
"85629","STONYBROOK VINEYARDS","Wine",
"85629","STORMHOEK","Wine",
"85629","STORY BEGINS","Wine",
"85629","STRACCALI","Wine",
"85629","STRAWBERRY FIELDS","Wine",
"85629","STRUGGLING DEEP ROOTS","Wine",
"85629","STRUT KING","Wine",
"85629","STRUTTURA","Wine",
"85629","STUMBLING GOAT","Wine",
"85629","STURDY FOUNDATION","Wine",
"85629","SU YUEN","Wine",
"85629","SUBSTANCE","Wine",
"85629","SUENO","Wine",
"85629","SUFER GIRL","Wine",
"85629","SUGAR REEF","Wine",
"85629","SUMMER PEACH","Wine",
"85629","SUMMER WATER","Wine",
"85629","SUMMERLAND WINERY","Wine",
"85629","SUMMIT","Wine",
"85629","SUN SOAKED","Wine",
"85629","SUNDAY FUNDAY","Wine",
"85629","SUNNY WITH A CHANCE OF FLOWERS","Wine",
"85629","SUNSEEKER","Wine",
"85629","SUNSET PEAK","Wine",
"85629","SUNSET SOCIAL","Wine",
"85629","SURF POINT","Wine",
"85629","SURF SWIM","Wine",
"85629","SURFER GIRL","Wine",
"85629","SUTTER HOME","Wine",
"85629","SUVOROV VIN","Wine",
"85629","SWANSON VINEYARDS","Wine",
"85629","SWASHBUCKLER","Wine",
"85629","SWEET MARIE","Wine",
"85629","SWEET WINES LIMITED","Wine",
"85629","SWIFT DIVE","Wine",
"85629","SXS","Wine",
"85629","SYCAMORE LANE","Wine",
"85629","SYMPHONIE MAISON SAINTE MARGUERITE","Wine",
"85629","SYNTHESIS","Wine",
"85629","TABALI","Wine",
"85629","TABLAO","Wine",
"85629","TAHBILK","Wine",
"85629","TAIHEIKAI","Wine",
"85629","TAILLAN","Wine",
"85629","TAILOR MADE","Wine",
"85629","TAILWINDS","Wine",
"85629","TAITTINGER","Wine",
"85629","TAKANO BREWERY","Wine",
"85629","TAKARA","Wine",
"85629","TAKATENJIN","Wine",
"85629","TAKE A WINE ADVENTURE","Wine",
"85629","TAKEN","Wine",
"85629","TALAMONTI","Wine",
"85629","TALL DARK STRANGER","Wine",
"85629","TALL HORSE","Wine",
"85629","TALL TALES","Wine",
"85629","TALOMAS","Wine",
"85629","TALTARNI","Wine",
"85629","TALUS","Wine",
"85629","TALUS CELLARS","Wine",
"85629","TALUS COLLECTION","Wine",
"85629","TAMANOHIKARI","Wine",
"85629","TAMARI","Wine",
"85629","TANGENT","Wine",
"85629","TANGLEY OAKS","Wine",
"85629","TANTERRA","Wine",
"85629","TAPANAPPA","Wine",
"85629","TAPENA","Wine",
"85629","TAPIZ","Wine",
"85629","TAPROOT","Wine",
"85629","TARANTULA","Low Alcohol Beverage",
"85629","TARGET ADVENT 2022","Wine",
"85629","TARRAWATTA","Wine",
"85629","TARSUS","Wine",
"85629","TASTE","Wine",
"85629","TASTE THE TRUTH","Wine",
"85629","TASTY","Wine",
"85629","TATACHILLA","Wine",
"85629","TATENOKAWA","Wine",
"85629","TATIE","Wine",
"85629","TAUB FAMILY VINEYARDS","Wine",
"85629","TAVERNELLE","Wine",
"85629","TAVOLO MATTO","Wine",
"85629","TAYLOR","Wine",
"85629","TAYLOR CALIFORNIA CELLARS","Wine",
"85629","TAYLOR COUNTRY CELLARS","Wine",
"85629","TAYLOR FLADGATE","Wine",
"85629","TAZ","Wine",
"85629","TE MATA ESTATE","Wine",
"85629","TECHNIQUE","Wine",
"85629","TELEGRAPH HILL VINEYARDS","Wine",
"85629","TEMPLO","Wine",
"85629","TEMPRA TANTRUM","Wine",
"85629","TEMPUS TWO","Wine",
"85629","TEN TO LIFE","Wine",
"85629","TENBU","Wine",
"85629","TENET","Wine",
"85629","TENRYO","Wine",
"85629","TENSLEY","Wine",
"85629","TENUTA CASENUOVE","Wine",
"85629","TENUTA CASTELBUONO","Wine",
"85629","TENUTA DEL TERRICCIO","Wine",
"85629","TENUTA DI ARCENO","Wine",
"85629","TENUTA DI BISERNO","Wine",
"85629","TENUTA DI CEPPAIANO","Wine",
"85629","TENUTA DI GHIZZANO","Wine",
"85629","TENUTA LA NOVELLA","Wine",
"85629","TENUTA PERANO","Wine",
"85629","TENUTA POLVARO","Wine",
"85629","TENUTA REGALEALI","Wine",
"85629","TENUTA ROCCA","Wine",
"85629","TENUTA SAN GIORGIO","Wine",
"85629","TENUTA SAN GUIDO","Wine",
"85629","TENUTA SETTE CIELI","Wine",
"85629","TENUTA SETTE PONTI","Wine",
"85629","TENUTA VALLESELLE","Wine",
"85629","TENUTE GIROLAMO","Wine",
"85629","TENUTE LUNELLI","Wine",
"85629","TENUTE SILVIO NARDI","Wine",
"85629","TENZAN","Wine",
"85629","TEOREMA","Wine",
"85629","TERA BOX","Wine",
"85629","TERCET","Wine",
"85629","TERLATO","Wine",
"85629","TERLATO FAMILY VINEYARDS","Wine",
"85629","TERLATO VINEYARDS","Wine",
"85629","TERMINIM","Wine",
"85629","TERRA D'ORO","Wine",
"85629","TERRA NOVA","Wine",
"85629","TERRA VIVA","Wine",
"85629","TERRALE","Wine",
"85629","TERRAMARE","Wine",
"85629","TERRAS GAUDA","Wine",
"85629","TERRASSES DE CABRIO","Wine",
"85629","TERRASSOUS","Wine",
"85629","TERRAZAS DE LOS ANDES","Wine",
"85629","TERRE DAVINO","Wine",
"85629","TERRE DE PRINCES","Wine",
"85629","TERRE MORE","Wine",
"85629","TERREDAVINO","Wine",
"85629","TERROIR TERRIER","Wine",
"85629","TERUZZI & PUTHOD","Wine",
"85629","TESSERA","Wine",
"85629","TESTAMATTA","Wine",
"85629","TEXAS DE BRAZIL","Wine",
"85629","TGI FRIDAY'S","Wine",
"85629","THE BEACH HOUSE","Wine",
"85629","THE BERNARD SERIES","Wine",
"85629","THE BERRIO","Wine",
"85629","THE BUTCHERY","Wine",
"85629","THE CHAMPION","Wine",
"85629","THE COLLECTION","Wine",
"85629","THE CONDUCTOR","Wine",
"85629","THE COSMIC EGG","Wine",
"85629","THE CRIMINAL","Wine",
"85629","THE DREAMING TREE","Wine",
"85629","THE DROP","Wine",
"85629","THE FALL","Wine",
"85629","THE FAMILY COPPOLA","Wine",
"85629","THE FEDERALIST","Wine",
"85629","THE FOUR GRACES","Wine",
"85629","THE GLOAMING","Wine",
"85629","THE GREAT AMERICAN WINE COMPANY","Wine",
"85629","THE GREAT OREGON WINE CO","Wine",
"85629","THE HEADLINER","Wine",
"85629","THE HEART HAS ITS RIESLING","Wine",
"85629","THE HOLY SNAIL","Wine",
"85629","THE ICON ROCK","Wine",
"85629","THE JEFFERSON","Wine",
"85629","THE JIBE","Wine",
"85629","THE JUICY CRAB","Wine",
"85629","THE KRAKEN","Wine",
"85629","THE LADY IN RED","Wine",
"85629","THE LANGUAGE OF YES","Wine",
"85629","THE LITTLE PENGUIN","Wine",
"85629","THE LOST COLONY","Wine",
"85629","THE MICHAEL MONDAVI FAMILY","Wine",
"85629","THE MILLTON VINEYARD","Wine",
"85629","THE MODERN COCKTAIL","Wine",
"85629","THE MOST WONDERFUL WINES OF THE SEASON","Wine",
"85629","THE PEDALER","Wine",
"85629","THE PERFECT MATCH","Wine",
"85629","THE PRINCESS AND THE PEASANT","Wine",
"85629","THE RETREAT","Wine",
"85629","THE RULE","Wine",
"85629","THE SAX","Wine",
"85629","THE SEDUCER","Wine",
"85629","THE SEEKER","Wine",
"85629","THE SHOW","Wine",
"85629","THE SIMPLE GRAPE","Wine",
"85629","THE SLAMMER","Wine",
"85629","THE SOLDIER","Wine",
"85629","THE SUPPER CLUB","Wine",
"85629","THE TWIST","Wine",
"85629","THE VEGAN VINE","Wine",
"85629","THE WATERMARK HOTEL","Wine",
"85629","THE WATUSI","Wine",
"85629","THE WHITE DOE","Wine",
"85629","THE WINE WITH NO NAME","Wine",
"85629","THE WINES OF FRANCIS COPPOLA","Wine",
"85629","THIBERT PARISSE","Wine",
"85629","THICK SKINNED","Wine",
"85629","THOMAS HALBY","Wine",
"85629","THORNY ROSE","Wine",
"85629","THOUSAND ISLANDS WINERY","Wine",
"85629","THOUSAND OAKS","Wine",
"85629","THREE BROTHERS","Wine",
"85629","THREE FINGER JACK","Wine",
"85629","THREE GHOST VINE","Wine",
"85629","THREE MINERS","Wine",
"85629","THREE OAKS","Wine",
"85629","THREE PEARS","Wine",
"85629","THREE PINES","Wine",
"85629","THREE RIVERS WINERY","Wine",
"85629","THREE SIDES","Wine",
"85629","THREE THIEVES","Wine",
"85629","THREE TIDES","Wine",
"85629","THREE WISHES","Wine",
"85629","THRILLER","Wine",
"85629","THRIVE","Wine",
"85629","TIBOR GAL","Wine",
"85629","TIE DYE","Wine",
"85629","TIERRA SECRETA","Wine",
"85629","TIERRAS MORADAS","Wine",
"85629","TIKAL","Wine",
"85629","TIMBERWOOD VINEYARDS","Wine",
"85629","TIME TO SHINE","Wine",
"85629","TIME WITH FRIENDS","Wine",
"85629","TIME WITH LOVED ONES","Wine",
"85629","TIMOK RIVER","Wine",
"85629","TIN ROOF","Wine",
"85629","TINSEL & HOLLY","Wine",
"85629","TINSEL AND HOLLY","Wine",
"85629","TINSEL TIME","Wine",
"85629","TINTO DE SOL","Wine",
"85629","TINY PINK BUBBLES","Wine",
"85629","TIO SOTO","Wine",
"85629","TISHBI ESTATE WINERY","Wine",
"85629","TITIANA","Wine",
"85629","TITIGNANO","Wine",
"85629","TIZ RED","Wine",
"85629","TO LIFE","Wine",
"85629","TOAD HOLLOW","Wine",
"85629","TOAST TO LAUGHTER","Wine",
"85629","TOASTED HEAD","Wine",
"85629","TOASTED YOLK","Wine",
"85629","TOKAJ CRUS SELECT","Wine",
"85629","TOKAJI","Wine",
"85629","TOLENTINO","Wine",
"85629","TOLLOY","Wine",
"85629","TOM EDDY","Wine",
"85629","TOM GORE VINEYARDS","Wine",
"85629","TOMERO","Wine",
"85629","TOMIO","Wine",
"85629","TONGAI","Wine",
"85629","TOP HAT","Wine",
"85629","TOPBOX","Wine",
"85629","TOPOLOS AT RUSSIAN RIVER VINEYARDS","Wine",
"85629","TORBRECK","Wine",
"85629","TORCALVANO","Wine",
"85629","TORCIA","Wine",
"85629","TOREO","Wine",
"85629","TORLASCO","Wine",
"85629","TORMARESCA","Wine",
"85629","TORN","Wine",
"85629","TORNATORE","Wine",
"85629","TORRAE DEL SALE","Wine",
"85629","TORRE LA MOREIRA","Wine",
"85629","TORRE ORIA","Wine",
"85629","TORRE ROSAZZA","Wine",
"85629","TORRE SPINA","Wine",
"85629","TORRENT","Wine",
"85629","TORRES","Wine",
"85629","TORRESELLA","Wine",
"85629","TOSO AG","Wine",
"85629","TOSTI","Wine",
"85629","TOTALLY RANDOM WINES","Wine",
"85629","TOUCH POINT","Wine",
"85629","TOUR DES FIEFS","Wine",
"85629","TOURBILLOUN","Wine",
"85629","TOURELLO","Wine",
"85629","TOWN","Wine",
"85629","TOZAI","Wine",
"85629","TR WINES","Wine",
"85629","TRAGOLARGO","Wine",
"85629","TRAILING VINES FARM","Wine",
"85629","TRAILSIDE VINEYARD","Wine",
"85629","TRANQUILLE","Wine",
"85629","TRANSLATIONS","Wine",
"85629","TRANZIND","Wine",
"85629","TRAPICHE","Wine",
"85629","TRAVAGLINI","Wine",
"85629","TRAVERSE CITY","Wine",
"85629","TRAVIATA","Wine",
"85629","TRE ALBERI","Wine",
"85629","TREAD SOFTLY","Wine",
"85629","TREANA","Wine",
"85629","TREANA WINERY","Wine",
"85629","TREE FORT","Wine",
"85629","TREE TOP HILL","Wine",
"85629","TREE TOPS","Wine",
"85629","TRENEL","Wine",
"85629","TRESTORIA","Wine",
"85629","TRIADA","Wine",
"85629","TRIBUNO","Wine",
"85629","TRIBUTE","Wine",
"85629","TRIDENTE","Wine",
"85629","TRIENNES","Wine",
"85629","TRILLENNIUM","Wine",
"85629","TRIM VINE","Wine",
"85629","TRINCHERI","Wine",
"85629","TRINCHERO FAMILY ESTATES","Wine",
"85629","TRINCHERO WINERY","Wine",
"85629","TRINITY OAKS","Wine",
"85629","TRISQUEL","Wine",
"85629","TRIVENTO","Wine",
"85629","TROUBLEMAKER","Wine",
"85629","TROVE","Wine",
"85629","TRU REIGN","Wine",
"85629","TRUE EARTH","Wine",
"85629","TRUE MYTH","Wine",
"85629","TRUE OAK ESTATE","Wine",
"85629","TRUETT HURST WINERY","Wine",
"85629","TRUMP","Wine",
"85629","TUDAL FAMILY WINERY","Wine",
"85629","TUDAL WINERY","Wine",
"85629","TUFFO","Wine",
"85629","TUPELO HONEY","Wine",
"85629","TURKEY FLAT VINEYARDS","Wine",
"85629","TURNER ROAD","Wine",
"85629","TUS NALGUITAS","Low Alcohol Beverage",
"85629","TUTTO MIO","Wine",
"85629","TWIN BEAKS","Wine",
"85629","TWIN FIN","Wine",
"85629","TWIN OAKS","Wine",
"85629","TWIN SUNS","Wine",
"85629","TWIN VINES","Wine",
"85629","TWINKLE","Wine",
"85629","TWISTED RIVER","Wine",
"85629","TWISTED WINE CELLARS","Wine",
"85629","TWO ARROWHEADS","Wine",
"85629","TWO HORNS","Wine",
"85629","TWO SISTERS","Wine",
"85629","TWO VINES","Wine",
"85629","TWOMEY","Wine",
"85629","TWOTONE FARM","Wine",
"85629","UITKYK","Wine",
"85629","ULTIMATE PROVENCE","Wine",
"85629","UN DOUBLE","Wine",
"85629","UN4SEEN","Wine",
"85629","UNDAUNTED","Wine",
"85629","UNE FEMME","Wine",
"85629","UNEXPECTED","Wine",
"85629","UNICO","Wine",
"85629","UNITED INK","Wine",
"85629","UNIVERSAL WINE NETWORK","Wine",
"85629","UNKNOWN AUTHOR","Wine",
"85629","UNO MAS","Wine",
"85629","UNOBLE","Wine",
"85629","UNOKEG","Wine",
"85629","UNPARALLELED","Wine",
"85629","UNRATED","Wine",
"85629","UNSANCTIONED","Wine",
"85629","UNSCRIPTED","Wine",
"85629","URBAN BARN","Wine",
"85629","URBAN PROVENCE","Wine",
"85629","URBAN VIBES","Wine",
"85629","URBINA","Wine",
"85629","URLAR","Wine",
"85629","URLARI","Wine",
"85629","URLO","Wine",
"85629","USA CABERNET","Wine",
"85629","USED AUTOMOBILE PARTS","Wine",
"85629","V G CORYDON","Wine",
"85629","V'NILLA NOIR","Wine",
"85629","V.NO","Wine",
"85629","V2G","Wine",
"85629","VAI","Wine",
"85629","VAL D'ASTIER","Wine",
"85629","VAL D'OCA","Wine",
"85629","VAL D'OR","Wine",
"85629","VAL DEL BARONE","Wine",
"85629","VAL DES ROIS","Wine",
"85629","VAL DI SUGA","Wine",
"85629","VAL DU CHARRON","Wine",
"85629","VALCANTARA","Wine",
"85629","VALDUBON","Wine",
"85629","VALE PERDIDO","Wine",
"85629","VALL LLACH","Wine",
"85629","VALLATE","Wine",
"85629","VALLONS DE PROVENCE","Wine",
"85629","VALOROSO","Wine",
"85629","VALOROSO TOSCANO","Wine",
"85629","VALVASOR","Wine",
"85629","VAN ASPEREN VINEYARDS","Wine",
"85629","VAN DER HAUTE","Wine",
"85629","VAN DUZER","Wine",
"85629","VAN LOVEREN","Wine",
"85629","VANDERBILT RESERVE","Wine",
"85629","VANDERPUMP","Wine",
"85629","VANDORI","Wine",
"85629","VAQUOS","Wine",
"85629","VASCO SASSETTI","Wine",
"85629","VAVASOUR WINES LIMITED","Wine",
"85629","VAVAVOOM WINES","Wine",
"85629","VAZA","Wine",
"85629","VDR","Wine",
"85629","VEDOVA","Wine",
"85629","VEGA MONTAN","Wine",
"85629","VEGAS 3","Wine",
"85629","VELVET FOG","Wine",
"85629","VELVET RIDER","Wine",
"85629","VELVET SKY","Wine",
"85629","VENDANGE","Wine",
"85629","VENEZIA","Wine",
"85629","VENISSA","Wine",
"85629","VENTARRON","Wine",
"85629","VENTEUX22","Wine",
"85629","VENTISQUERO","Wine",
"85629","VENTURA","Wine",
"85629","VENTUS","Wine",
"85629","VERA WANG","Wine",
"85629","VERAMONTE","Wine",
"85629","VERGELEGEN","Wine",
"85629","VERITE","Wine",
"85629","VERRAZZANO","Wine",
"85629","VERRAZZANO ROSSO","Wine",
"85629","VERSE AND CHORUS","Wine",
"85629","VESSANTS","Wine",
"85629","VIA FIRENZE","Wine",
"85629","VIALA","Wine",
"85629","VIAMA","Wine",
"85629","VIAMORA","Wine",
"85629","VIARAE","Wine",
"85629","VIBE BY VENDANGE","Wine",
"85629","VIBE TWISTED SIPS","Wine",
"85629","VICARA","Wine",
"85629","VICHON MEDITERRANEAN","Wine",
"85629","VICTOR BLACHET","Wine",
"85629","VICTORIA'S CREST","Wine",
"85629","VIEILLE FRANCE","Wine",
"85629","VIEUX CHATEAU CERTAN","Wine",
"85629","VIEUX CISEAUX","Wine",
"85629","VIEUX MAS DES PAPES","Wine",
"85629","VIGNAIOLI DI SANTO STEFANO","Wine",
"85629","VIGNERONS DE L'ENCLAVE","Wine",
"85629","VIGNETI LA SELVANELLA","Wine",
"85629","VIGNOBLES DES ROCHES","Wine",
"85629","VILA SANTA","Wine",
"85629","VILANO","Wine",
"85629","VILLA AL CORTILE","Wine",
"85629","VILLA ANTINORI","Wine",
"85629","VILLA BANFI","Wine",
"85629","VILLA BARBI","Wine",
"85629","VILLA BEL AIR","Wine",
"85629","VILLA CILNIA","Wine",
"85629","VILLA COSTA","Wine",
"85629","VILLA DE MORESCHI","Wine",
"85629","VILLA DI CORLO","Wine",
"85629","VILLA DI GEGGIANO","Wine",
"85629","VILLA GIRARDI","Wine",
"85629","VILLA MANGIACANE","Wine",
"85629","VILLA MARCELLO","Wine",
"85629","VILLA MATILDE","Wine",
"85629","VILLA MT EDEN","Wine",
"85629","VILLA NOZZOLE","Wine",
"85629","VILLA PANI","Wine",
"85629","VILLA SANDI","Wine",
"85629","VILLA SOLARE","Wine",
"85629","VILLA SPARINA","Wine",
"85629","VILLA SYMPOSIA","Wine",
"85629","VILLA VENTO","Wine",
"85629","VILLA VIVA","Wine",
"85629","VILLAGE","Wine",
"85629","VILLAGE MAISON","Wine",
"85629","VILLAGE PAYS D'OC","Wine",
"85629","VILLAREI","Wine",
"85629","VIN 21","Wine",
"85629","VIN GLOGG","Wine",
"85629","VIN TWENTY ONE","Wine",
"85629","VIN TWENTY THREE","Wine",
"85629","VINA ALBALI","Wine",
"85629","VINA ARNAIZ","Wine",
"85629","VINA BROCO","Wine",
"85629","VINA DIEZMO RV","Wine",
"85629","VINA EXTREMENA","Wine",
"85629","VINA HARAS DE PIRQUE","Wine",
"85629","VINA MAYOR","Wine",
"85629","VINA QUEBRADA DE MACUL","Wine",
"85629","VINA SALCEDA","Wine",
"85629","VINA TARAPACA","Wine",
"85629","VINAFORE","Wine",
"85629","VINAMAS","Wine",
"85629","VINCENT SAINCRIT","Wine",
"85629","VINCENT VATAN","Wine",
"85629","VINDICATED","Wine",
"85629","VINE HILL RANCH","Wine",
"85629","VINEDOS DE EL SEQUE","Wine",
"85629","VINEDOS EL SEQUE","Wine",
"85629","VINELIFE","Wine",
"85629","VINESMOOTHIE","Wine",
"85629","VINHA DA COUTADA VELHA","Wine",
"85629","VINHA DAS MARGARIDAS","Wine",
"85629","VINO","Wine",
"85629","VINO CASATA","Wine",
"85629","VINO DECOR","Wine",
"85629","VINO DELL'AMICIZIA","Wine",
"85629","VINO DI VITO","Wine",
"85629","VINOPTIMA","Wine",
"85629","VINOS DE LOS MUERTOS","Wine",
"85629","VINTAGE CRUSH","Wine",
"85629","VINTAGE ERA","Wine",
"85629","VINTAGE INK","Wine",
"85629","VINTAGE RANCH","Wine",
"85629","VINTAGE SUN","Wine",
"85629","VINTAGE UPPER LEFT","Wine",
"85629","VINTEA","Wine",
"85629","VINTNER'S CHOICE","Wine",
"85629","VINWOOD","Wine",
"85629","VIONTA","Wine",
"85629","VIPRA","Wine",
"85629","VIRGINIA DARE","Wine",
"85629","VIRNA BORGOGNO","Wine",
"85629","VIS DE VARA","Wine",
"85629","VISTA POINT VINEYARDS","Wine",
"85629","VISTALBA","Wine",
"85629","VISTANA","Wine",
"85629","VISTORTA","Wine",
"85629","VITALMA","Wine",
"85629","VIV","Wine",
"85629","VIVACE","Wine",
"85629","VIVARO","Wine",
"85629","VIZCAINO VISTA VINEYARDS","Wine",
"85629","VLAST","Wine",
"85629","VOELOS","Wine",
"85629","VOGA","Wine",
"85629","VOL DU COLIBRI","Wine",
"85629","VOL ROYAL","Wine",
"85629","VOLCA","Wine",
"85629","VOLDE","Wine",
"85629","VOLERE","Wine",
"85629","VOLLEREAUX","Wine",
"85629","VOLLRADS","Wine",
"85629","VOLPAIA","Wine",
"85629","VOLRATZ","Wine",
"85629","VOLUNTEER","Wine",
"85629","VOTRE SANTE","Wine",
"85629","VOVETI","Wine",
"85629","VOYAGE","Wine",
"85629","VOYAGER POINT","Wine",
"85629","W O W WINES OF THE WEST","Wine",
"85629","W S KEYES","Wine",
"85629","WAIKIWI BAY","Wine",
"85629","WAIRAU RIVER","Wine",
"85629","WAKATAKE","Wine",
"85629","WAKAZE","Wine",
"85629","WALL ART","Wine",
"85629","WALLABY CREEK","Wine",
"85629","WALLY'S HUT","Wine",
"85629","WALNUT CREST","Wine",
"85629","WALT","Wine",
"85629","WAN FU","Wine",
"85629","WAPISA","Wine",
"85629","WARM THOUGHTS","Wine",
"85629","WARM WISHES","Wine",
"85629","WARNINKS","Wine",
"85629","WARTHOG","Wine",
"85629","WASHINGTON NATIONALS","Wine",
"85629","WATARI BUNE","Wine",
"85629","WATCH TOWER","Wine",
"85629","WATCHDOG ROCK","Wine",
"85629","WATERLOO","Low Alcohol Beverage",
"85629","WATERMELON SPLASH","Wine",
"85629","WATTLE CREEK WINERY","Wine",
"85629","WAVE SERIES","Wine",
"85629","WAYFARER","Wine",
"85629","WAYNE GRETZKY ESTATES","Wine",
"85629","WE THE PEOPLE","Wine",
"85629","WEATHER","Wine",
"85629","WEBER","Wine",
"85629","WEED CELLARS","Wine",
"85629","WEINGUT MARKGRAF VON BADEN","Wine",
"85629","WEINKELLEREI KLOSTOR","Wine",
"85629","WELLSLEY FARMS CA","Wine",
"85629","WELLSLEY FARMS IT","Wine",
"85629","WELLSLEY FARMS NZ","Wine",
"85629","WENTE VINEYARDS","Wine",
"85629","WEST CAPE GOLD","Wine",
"85629","WEST SIDE WINE CO","Wine",
"85629","WESTONS","Cider",
"85629","WESTSIDE RED","Wine",
"85629","WESTSIDE WHITE","Wine",
"85629","WHEELHOUSE WINE CELLARS","Wine",
"85629","WHEN WE DANCE","Wine",
"85629","WHIDBEYS","Wine",
"85629","WHINY BABY","Wine",
"85629","WHIPLASH","Wine",
"85629","WHISPERING PEAK VINEYARDS","Wine",
"85629","WHITE CLIFF","Wine",
"85629","WHITE DOVE","Wine",
"85629","WHITE HAUTE","Wine",
"85629","WHITE HILLS VINEYARDS","Wine",
"85629","WHITE LIE","Wine",
"85629","WHITE ROCK DISTILLERIES","Wine",
"85629","WHITE TRUCK","Wine",
"85629","WHITESCAPE","Wine",
"85629","WHO'S BEEN NICE","Wine",
"85629","WHO'S WHO","Wine",
"85629","WICKED GROVE","Cider",
"85629","WIFEY","Wine",
"85629","WILD BUNCH","Wine",
"85629","WILD HARE","Wine",
"85629","WILD HORSE","Wine",
"85629","WILD OATS","Wine",
"85629","WILD PIG","Wine",
"85629","WILD RIDGE","Wine",
"85629","WILD ROCK","Wine",
"85629","WILDHURST VINEYARDS","Wine",
"85629","WILDSONG","Wine",
"85629","WILL WRAP FOR WINE","Wine",
"85629","WILLAKENZIE ESTATE","Wine",
"85629","WILLAMETTE VALLEY VINEYARDS","Wine",
"85629","WILLIAM FEVRE","Wine",
"85629","WILLIAMS & HUMBERT","Wine",
"85629","WILLIAMS SELYEM","Wine",
"85629","WILLIAMSBURG WINERY","Wine",
"85629","WILLYN CELLARS","Wine",
"85629","WILSON DANIELS","Wine",
"85629","WINDBORNE","Wine",
"85629","WINDFINDER","Wine",
"85629","WINDMILL","Wine",
"85629","WINDRACER","Wine",
"85629","WINDSOR SONOMA","Wine",
"85629","WINDSTREAM","Wine",
"85629","WINDTREE","Wine",
"85629","WINE A RITA","Wine",
"85629","WINE ADVENT 2022","Wine",
"85629","WINE ADVENT URE CALENDAR","Wine",
"85629","WINE BLOCK","Wine",
"85629","WINE BY ALISA JACOBSON","Wine",
"85629","WINE BY JOE","Wine",
"85629","WINE CONNOISSEUR","Wine",
"85629","WINE CUBE","Wine",
"85629","WINE IN BOX","Wine",
"85629","WINE MEN OF GOTHAM","Wine",
"85629","WINE SISTERHOOD","Wine",
"85629","WINE VILLAGE ADVENT CALENDAR","Wine",
"85629","WINE VOYAGE","Wine",
"85629","WINE WORLD ESTATES","Wine",
"85629","WINEMAKER'S SELECT","Wine",
"85629","WINEMAKERS SELECTION CA","Wine",
"85629","WINEMAKERS SELECTION CELLAR RESERVE","Wine",
"85629","WINEMAKERS SELECTION RESERVE","Wine",
"85629","WINEMAKERS SELECTION RESERVE SERIES","Wine",
"85629","WINEMAKERS SPARKLING","Wine",
"85629","WINES OF SUBSTANCE","Wine",
"85629","WINES THAT ROCK","Wine",
"85629","WINGNUT","Wine",
"85629","WINIGMA","Wine",
"85629","WINTER WINE BOX CELEBRATION PACK","Wine",
"85629","WINTER WINE DOWN","Wine",
"85629","WINTER WINE SELECTION","Wine",
"85629","WINTER WONDER","Wine",
"85629","WINTRY WONDER","Wine",
"85629","WIRRA WIRRA","Wine",
"85629","WISDOM & WARTER","Wine",
"85629","WISE ASS","Wine",
"85629","WISH YOU WERE HERE","Wine",
"85629","WITCHES BREW","Wine",
"85629","WITCHES GOBLET","Wine",
"85629","WONDERFUL WINE CO","Wine",
"85629","WONDERLAND","Wine",
"85629","WONDERS","Wine",
"85629","WOODBRIDGE","Wine",
"85629","WOODBRIDGE BY ROBERT MONDAVI","Wine",
"85629","WORLD MARKET","Wine",
"85629","WORLD SPIRITS LTD","Wine",
"85629","WORLD'S EDGE","Wine",
"85629","WRITER'S BLOCK","Wine",
"85629","XISTO ROQUETTE E CAZES","Wine",
"85629","XMAS SWEATER","Wine",
"85629","XO G","Wine",
"85629","XOBC CELLARS","Wine",
"85629","XXL","Wine",
"85629","YAMADA SHOTEN","Wine",
"85629","YAMAGUCHI SAKE BREWERY G P","Wine",
"85629","YANGARRA ESTATE VINEYARD","Wine",
"85629","YANGARRA PARK","Wine",
"85629","YANO","Wine",
"85629","YARDSTICK","Wine",
"85629","YEALANDS","Wine",
"85629","YELLOWGLEN","Wine",
"85629","YOSEMITE ROAD VINEYARDS","Wine",
"85629","YOU ALWAYS BRING WINE","Wine",
"85629","YSIOS","Wine",
"85629","YUKI NO BOSHA","Wine",
"85629","YURI MASAMUNE","Wine",
"85629","YVES ROCHE","Wine",
"85629","Z ALEXANDER BROWN","Wine",
"85629","ZACA MESA","Wine",
"85629","ZAMBA","Wine",
"85629","ZAZO","Wine",
"85629","ZD WINES","Wine",
"85629","ZED","Wine",
"85629","ZEN GARDEN","Wine",
"85629","ZENA CROWN VINEYARD","Wine",
"85629","ZENTRALKELLEREI","Wine",
"85629","ZENZEN","Wine",
"85629","ZERAFINI","Wine",
"85629","ZERO GRAVITY W","Wine",
"85629","ZEROINCONDOTTA","Wine",
"85629","ZEVERI","Wine",
"85629","ZIATA","Wine",
"85629","ZIG ZAG ZIN","Wine",
"85629","ZILLE","Wine",
"85629","ZILLY","Wine",
"85629","ZIMMERMANN","Wine",
"85629","ZIPPER","Wine",
"85629","ZISOLA","Wine",
"85629","ZOCKER WINERY","Wine",
"85629","ZOES KITCHEN BY NATURA","Wine",
"85629","ZOLO","Wine",
"85629","ZONNEBLOEM","Wine",
"85629","ZOOM JUICE","Wine",
"85629","ZUM","Wine",
