License_ID,Brand_Name,Product_Type,Distributor
85629,#NICEWINE,Wine,RNDC
85629,10SPAN,Wine,RNDC
85629,12 GENERATIONS,Wine,RNDC
85629,12 KNIGHTS,Wine,RNDC
85629,12 WINES OF CHRISTMAS,Wine,RNDC
85629,13 CELSIUS,Wine,RNDC
85629,14 HANDS,Wine,RNDC
85629,1749,Wine,RNDC
85629,181 WINE CELLARS,Wine,RNDC
85629,24 DAYS OF WINE,Wine,RNDC
85629,24 DAYS OF WINE ADVENT,Wine,RNDC
85629,2SONS WINERY,Wine,RNDC
85629,3 BALL,Wine,RNDC
85629,3 BLIND MOOSE,Wine,RNDC
85629,30 DEGREES,Wine,RNDC
85629,30A,Wine,RNDC
85629,337 WINE CELLARS,Wine,RNDC
85629,35 SOUTH,Wine,RNDC
85629,35 SUR,Wine,RNDC
85629,4 FOXES,Wine,RNDC
85629,5 CABERNET SAUVIGNON,Wine,RNDC
85629,5 DRY RED WINES,Wine,RNDC
85629,5 RED WINES,Wine,RNDC
85629,5 SWEET RED WINES,Wine,RNDC
85629,50 ESTATE RANCH,Wine,RNDC
85629,50°,Wine,RNDC
85629,6 DAYS OF WINE HOLIDAY WINE BOX,Wine,RNDC
85629,6 O'CLOCK,Low Alcohol Beverage,RNDC
85629,60 SOULS,Wine,RNDC
85629,7 DEADLY,Wine,RNDC
85629,7 DEADLY ZINS,Wine,RNDC
85629,7 HEAVENLY CHARDS,Wine,RNDC
85629,7 MOONS,Wine,RNDC
85629,719 W,Wine,RNDC
85629,75 WINE COMPANY,Wine,RNDC
85629,A ET P DE VILLAINE,Wine,RNDC
85629,A GIFT FROM HOME,Wine,RNDC
85629,A LITTLE MERRIER THIS YEAR,Wine,RNDC
85629,A NIGHT TO REMEMBER,Wine,RNDC
85629,A PROPER CLARET,Wine,RNDC
85629,A ROYAL TWIST,Wine,RNDC
85629,A SEAWORTHY TALE,Wine,RNDC
85629,A TO Z,Wine,RNDC
85629,ABANDON,Wine,RNDC
85629,ABELE 1757,Wine,RNDC
85629,ABRUPT VINEYARDS,Wine,RNDC
85629,ABSTRACT ART,Wine,RNDC
85629,ACAB,Wine,RNDC
85629,ACCADEMIA,Wine,RNDC
85629,ACES HIGH,Wine,RNDC
85629,ACHAIA CLAUSS,Wine,RNDC
85629,ACHAVAL FERRER,Wine,RNDC
85629,ACORDEON,Wine,RNDC
85629,ACOUSTIC HARMONY,Wine,RNDC
85629,ACQUESI,Wine,RNDC
85629,ACRE & VINE,Wine,RNDC
85629,ACROBAT,Wine,RNDC
85629,ACTUM,Wine,RNDC
85629,ACUARELLO,Wine,RNDC
85629,ADAMS BROTHERS,Wine,RNDC
85629,ADEGA COOP PONTE DA BARCA,Wine,RNDC
85629,ADEREZO,Wine,RNDC
85629,ADOBE CANYON,Wine,RNDC
85629,ADORED,Wine,RNDC
85629,ADORO,Wine,RNDC
85629,ADRIANO RAMOS PINTO,Wine,RNDC
85629,ADUENTUS,Wine,RNDC
85629,ADUNA,Wine,RNDC
85629,AEGERTER,Wine,RNDC
85629,AGOSTINO BRUGO,Wine,RNDC
85629,AGRICOLA LA BOLLINA,Wine,RNDC
85629,AGRICOLA PUNICA,Wine,RNDC
85629,AGRICOLA QUERCIABELLA,Wine,RNDC
85629,AIA DELLA MACINA,Wine,RNDC
85629,AILA,Wine,RNDC
85629,AIR LIFT,Wine,RNDC
85629,AIRES DE AROSA,Wine,RNDC
85629,AIX,Wine,RNDC
85629,ALAIN COCHE BIZOUARD,Wine,RNDC
85629,ALAIN PARET,Wine,RNDC
85629,ALARIS,Wine,RNDC
85629,ALAURA,Wine,RNDC
85629,ALBERT LEBRUN,Wine,RNDC
85629,ALBERT PIC & FILS,Wine,RNDC
85629,ALBERTO CONTI,Wine,RNDC
85629,ALBINEA CANALI,Wine,RNDC
85629,ALBINO ARMANI,Wine,RNDC
85629,ALBIS,Wine,RNDC
85629,ALCANCE,Wine,RNDC
85629,ALCANZA,Wine,RNDC
85629,ALDINO,Wine,RNDC
85629,ALDO MARENCO & FIGLIO,Wine,RNDC
85629,ALESSI,Wine,RNDC
85629,ALEX ELMAN,Wine,RNDC
85629,ALEXIS GEORGE,Wine,RNDC
85629,ALFRED GRATIEN,Wine,RNDC
85629,ALI SOPRA,Wine,RNDC
85629,ALICE WHITE,Wine,RNDC
85629,ALLA FAMIGLIA,Wine,RNDC
85629,ALLENDE,Wine,RNDC
85629,ALLISON COMBS,Wine,RNDC
85629,ALLURE,Wine,RNDC
85629,ALMADEN,Wine,RNDC
85629,ALMIRA,Wine,RNDC
85629,ALPACA,Wine,RNDC
85629,ALQUIER,Wine,RNDC
85629,ALTA LUNA,Wine,RNDC
85629,ALTA MORA,Wine,RNDC
85629,ALTA VIA,Wine,RNDC
85629,ALTA VISTA,Wine,RNDC
85629,ALTA VITA,Wine,RNDC
85629,ALTAMANA,Wine,RNDC
85629,ALTANUTA,Wine,RNDC
85629,ALTEMASI,Wine,RNDC
85629,ALTER EGO DE PALMER,Wine,RNDC
85629,ALTERED DIMENSION,Wine,RNDC
85629,ALTEREGO,Wine,RNDC
85629,ALTO CINCO,Wine,RNDC
85629,ALTO LOS ROMEROS,Wine,RNDC
85629,ALTO VENTO,Wine,RNDC
85629,ALTOSUR,Wine,RNDC
85629,ALTVS,Wine,RNDC
85629,ALURA,Wine,RNDC
85629,ALYSSA,Wine,RNDC
85629,AMA NO TO,Wine,RNDC
85629,AMABUKI,Wine,RNDC
85629,AMADO SUR,Wine,RNDC
85629,AMANCAY,Wine,RNDC
85629,AMAYNA,Wine,RNDC
85629,AMBIGUITY,Wine,RNDC
85629,AMBO,Wine,RNDC
85629,AMBOSCATO,Wine,RNDC
85629,AMBROISE LAPIERRE,Wine,RNDC
85629,AMELIA,Wine,RNDC
85629,AMERICAN PIE,Wine,RNDC
85629,AMERICAN VINTNERS,Wine,RNDC
85629,AMERICAN VINTNERS HAPPY HOLIDAYS,Wine,RNDC
85629,AMIGO PERRO,Wine,RNDC
85629,AMISFIELD,Wine,RNDC
85629,AMISTANI,Wine,RNDC
85629,AMMIRAGLIA,Wine,RNDC
85629,AMOR DE MADRE,Wine,RNDC
85629,AMOR DE MAR,Wine,RNDC
85629,AMSBURY WINERY,Wine,RNDC
85629,AMULET,Wine,RNDC
85629,ANAKOTA,Wine,RNDC
85629,ANCIENT COAST,Wine,RNDC
85629,ANDANTINO,Wine,RNDC
85629,ANDERRA,Wine,RNDC
85629,ANDES PEAKS,Wine,RNDC
85629,ANDRE BRUNEL,Wine,RNDC
85629,ANDRE NEVEU,Wine,RNDC
85629,ANERI,Wine,RNDC
85629,ANEW,Wine,RNDC
85629,ANGEL JUICE,Wine,RNDC
85629,ANGELINE,Wine,RNDC
85629,ANGELO D'ANGELO,Wine,RNDC
85629,ANGOVE FAMILY WINEMAKERS,Wine,RNDC
85629,ANGRY BUNCH,Wine,RNDC
85629,ANIMA UMBRA,Wine,RNDC
85629,ANIMAE,Wine,RNDC
85629,ANIMO,Wine,RNDC
85629,ANNIE'S LANE,Wine,RNDC
85629,ANNUAL ROADTRIP,Wine,RNDC
85629,ANSELMI,Wine,RNDC
85629,ANTANO,Wine,RNDC
85629,ANTERA,Wine,RNDC
85629,ANTERRA,Wine,RNDC
85629,ANTICA NAPA VALLEY,Wine,RNDC
85629,ANTICICLONE,Wine,RNDC
85629,ANTIGAL,Wine,RNDC
85629,ANTIGAL UNO,Wine,RNDC
85629,ANTIGUA,Wine,RNDC
85629,ANTINORI,Wine,RNDC
85629,ANTIQUITOUS,Wine,RNDC
85629,ANTLER ENVY,Wine,RNDC
85629,ANTLER HILL,Wine,RNDC
85629,ANTOINE OLIVIER,Wine,RNDC
85629,ANTU NINQUEN,Wine,RNDC
85629,APARTADO,Wine,RNDC
85629,APOCALYPSE NOW,Wine,RNDC
85629,AQUITANIA,Wine,RNDC
85629,ARA,Wine,RNDC
85629,ARACIEL,Wine,RNDC
85629,ARALENA,Wine,RNDC
85629,ARAUCO,Wine,RNDC
85629,ARAVAIL,Wine,RNDC
85629,ARBOR MIST,Wine,RNDC
85629,ARCH RIVAL WINE CO,Wine,RNDC
85629,ARCHETYPE CA,Wine,RNDC
85629,ARCHIMEDES,Wine,RNDC
85629,ARCHIPEL,Wine,RNDC
85629,ARDAL,Wine,RNDC
85629,ARDORE,Wine,RNDC
85629,ARE YOU GAME,Wine,RNDC
85629,AREYNA,Wine,RNDC
85629,ARGENTA,Wine,RNDC
85629,ARGENTIERA,Wine,RNDC
85629,ARGENTO,Wine,RNDC
85629,ARGIANO,Wine,RNDC
85629,ARGOSY,Wine,RNDC
85629,ARGOSY PIRATES,Wine,RNDC
85629,ARGUESO,Wine,RNDC
85629,ARIA,Wine,RNDC
85629,ARIA DI CAIAROSSA,Wine,RNDC
85629,ARIANNA,Wine,RNDC
85629,ARINDO,Wine,RNDC
85629,ARINZANO,Wine,RNDC
85629,ARIONE,Wine,RNDC
85629,ARISTA,Wine,RNDC
85629,ARIZONA HARD WITH VODKA,Low Alcohol Beverage,RNDC
85629,ARLAUX,Wine,RNDC
85629,ARMAND DE BRIGNAC,Wine,RNDC
85629,ARNALDO CAPRAI,Wine,RNDC
85629,ARNISTON BAY INFUSIONS,Wine,RNDC
85629,ARPARTADO,Wine,RNDC
85629,ARROGANT FROG,Wine,RNDC
85629,ARROWOOD,Wine,RNDC
85629,ARROYO DEL SOL,Wine,RNDC
85629,ART OF EARTH,Wine,RNDC
85629,ART OF THE COOPER,Wine,RNDC
85629,ARTE LATINO,Wine,RNDC
85629,ARTES DEL SUR,Wine,RNDC
85629,ARTFUL VINE,Wine,RNDC
85629,ARTIE,Wine,RNDC
85629,ARTISAN VINTNERS,Wine,RNDC
85629,ARTISAN VINTNERS GUILD,Wine,RNDC
85629,ARTISAN WINERY,Wine,RNDC
85629,ARTISTA,Wine,RNDC
85629,ASABIRAKI,Wine,RNDC
85629,ASAHI SHUZO,Wine,RNDC
85629,ASHBRIDGE LANE,Wine,RNDC
85629,ASHLEY HILL,Wine,RNDC
85629,ASTICA,Wine,RNDC
85629,ASTON DESCHAMPS,Wine,RNDC
85629,ASTRA BELLA,Wine,RNDC
85629,ASTRATTA,Wine,RNDC
85629,ATALAYA,Wine,RNDC
85629,ATALON,Wine,RNDC
85629,ATHENA,Wine,RNDC
85629,ATLAS BEAR,Wine,RNDC
85629,ATOMIC BOSS,Wine,RNDC
85629,ATREVIDO,Wine,RNDC
85629,ATTEMS,Wine,RNDC
85629,ATTO PRIMO,Wine,RNDC
85629,AU CONTRAIRE,Wine,RNDC
85629,AU VODKA CO,Low Alcohol Beverage,RNDC
85629,AUBERT L,Wine,RNDC
85629,AUBERT LEFAS VIGNERON,Wine,RNDC
85629,AUBERT VIGNOBLES,Wine,RNDC
85629,AUGUST SEBASTIANI,Wine,RNDC
85629,AURA,Wine,RNDC
85629,AURA DI VALERIE,Wine,RNDC
85629,AURELIAN,Wine,RNDC
85629,AURORE DE DAUZAC,Wine,RNDC
85629,AUROS,Wine,RNDC
85629,AUSTIN HOPE,Wine,RNDC
85629,AUSTIN VALE,Wine,RNDC
85629,AUTOMOTO,Wine,RNDC
85629,AUTORITAS,Wine,RNDC
85629,AVA GRACE,Wine,RNDC
85629,AVAILABLE,Wine,RNDC
85629,AVALINE,Wine,RNDC
85629,AVALON,Wine,RNDC
85629,AVELEDA,Wine,RNDC
85629,AVISSI,Wine,RNDC
85629,AVVIATO,Wine,RNDC
85629,AXIS,Wine,RNDC
85629,AY CARUMBA,Wine,RNDC
85629,AZIENDA AGRICOLA BOCELLI,Wine,RNDC
85629,AZUR,Wine,RNDC
85629,AZURE BAY WINES,Wine,RNDC
85629,AZZIMATO,Wine,RNDC
85629,AZZURRA,Wine,RNDC
85629,B HAPPY WINE COMPANY,Wine,RNDC
85629,B LEMON SPRITZ,Wine,RNDC
85629,BABS,Wine,RNDC
85629,BABY DOLL,Wine,RNDC
85629,BACA,Wine,RNDC
85629,BACHELOR,Wine,RNDC
85629,BACHELORETTE,Wine,RNDC
85629,BACIATO DAL SOL,Wine,RNDC
85629,BACON,Wine,RNDC
85629,BAD DOG RANCH,Wine,RNDC
85629,BADIA A COLTIBUONO,Wine,RNDC
85629,BAGLIO DI GRISI,Wine,RNDC
85629,BAGUERI,Wine,RNDC
85629,BAILEYANA,Wine,RNDC
85629,BALANCE OF POWER,Wine,RNDC
85629,BALBI VINEYARD,Wine,RNDC
85629,BALKAN CREST,Wine,RNDC
85629,BALLANTRAE WINE MERCHANTS,Wine,RNDC
85629,BALLARD LANE,Wine,RNDC
85629,BALLUN,Wine,RNDC
85629,BALTIMORE ORIOLES,Wine,RNDC
85629,BAMBOLINO,Wine,RNDC
85629,BANDANA,Wine,RNDC
85629,BANDIT,Wine,RNDC
85629,BANFI,Wine,RNDC
85629,BANJO BLUES,Wine,RNDC
85629,BANROCK STATION,Wine,RNDC
85629,BANSHEE,Wine,RNDC
85629,BAR DOG,Wine,RNDC
85629,BARBED WIRE,Wine,RNDC
85629,BARCELOS,Wine,RNDC
85629,BARKING SHEEP,Wine,RNDC
85629,BARON ALBERT,Wine,RNDC
85629,BARON DE BRANE,Wine,RNDC
85629,BARON DE CHALLET,Wine,RNDC
85629,BARON DE CHIREL,Wine,RNDC
85629,BARON DE LUZE,Wine,RNDC
85629,BARON DES CHARTRONS,Wine,RNDC
85629,BARON DES TOURS,Wine,RNDC
85629,BARON PATRICK DE LADOUCETTE,Wine,RNDC
85629,BARON PHILIPPE DE ROTHSCHILD,Wine,RNDC
85629,BARON VALROME,Wine,RNDC
85629,BARONE,Wine,RNDC
85629,BARONE MONTALTO,Wine,RNDC
85629,BARONNE DE VIGNONET,Wine,RNDC
85629,BARRE FRERES,Wine,RNDC
85629,BARREL BOX,Wine,RNDC
85629,BARREL BURNER,Wine,RNDC
85629,BARRYMORE,Wine,RNDC
85629,BARWANG,Wine,RNDC
85629,BASEDOW,Wine,RNDC
85629,BASKOLI,Wine,RNDC
85629,BATASIOLO,Wine,RNDC
85629,BATAVIA WINE CELLARS,Wine,RNDC
85629,BATCH NO 198,Wine,RNDC
85629,BATIK,Wine,RNDC
85629,BAY BRIDGE,Wine,RNDC
85629,BAYLISS & FORTUNE VINEYARDS,Wine,RNDC
85629,BAYVIEW CELLARS,Wine,RNDC
85629,BE MINE,Wine,RNDC
85629,BE MY,Wine,RNDC
85629,BE ORMEAU,Wine,RNDC
85629,BEACH BAG,Wine,RNDC
85629,BEACH DOGS,Wine,RNDC
85629,BEACH JUICE LAB,Low Alcohol Beverage,RNDC
85629,BEACH WHISKEY CO,Low Alcohol Beverage,RNDC
85629,BEACON RESERVE,Wine,RNDC
85629,BEAR ON BIKE,Wine,RNDC
85629,BEARBOAT CA,Wine,RNDC
85629,BEAUTY IN CHAOS,Wine,RNDC
85629,BEC HARDY,Wine,RNDC
85629,BECKON,Wine,RNDC
85629,BEE LIGHTLY,Wine,RNDC
85629,BEE YOU,Wine,RNDC
85629,BEE'S BOX,Wine,RNDC
85629,BEL COLLE,Wine,RNDC
85629,BEL ORMEAU,Wine,RNDC
85629,BEL SOGNO,Wine,RNDC
85629,BELAIRE CREEK,Wine,RNDC
85629,BELL MOUNTAIN,Wine,RNDC
85629,BELL'AGIO,Wine,RNDC
85629,BELLA BELLINA,Wine,RNDC
85629,BELLA FIORE,Wine,RNDC
85629,BELLA UNION,Wine,RNDC
85629,BELLE,Wine,RNDC
85629,BELLE AMBIANCE,Wine,RNDC
85629,BELLE GROVE,Wine,RNDC
85629,BELLE PROVENCALE,Wine,RNDC
85629,BELLE ROSE,Wine,RNDC
85629,BELLEVUE SEILLAN,Wine,RNDC
85629,BELLINGHAM,Wine,RNDC
85629,BELLISSIMA,Wine,RNDC
85629,BELMONDO,Wine,RNDC
85629,BELMONTI,Wine,RNDC
85629,BELPOGGIO,Wine,RNDC
85629,BELVINO,Wine,RNDC
85629,BENACCETTO,Wine,RNDC
85629,BENANTI,Wine,RNDC
85629,BENOIT XII,Wine,RNDC
85629,BENTON GROVE,Wine,RNDC
85629,BENVOLIO,Wine,RNDC
85629,BENZIGER,Wine,RNDC
85629,BENZIGER FAMILY WINERY,Wine,RNDC
85629,BENZIGER IMAGERY SERIES,Wine,RNDC
85629,BERAIL LAGARDE,Wine,RNDC
85629,BERGERON ESTATE,Wine,RNDC
85629,BERGSTROM,Wine,RNDC
85629,BERLUCCHI,Wine,RNDC
85629,BERNARD BURGAUD,Wine,RNDC
85629,BERNARD GUY,Wine,RNDC
85629,BERNE,Wine,RNDC
85629,BERRY BOMB,Wine,RNDC
85629,BERTANI,Wine,RNDC
85629,BESITOS WINERY,Wine,RNDC
85629,BESO DEL SOL,Wine,RNDC
85629,BEV,Wine,RNDC
85629,BEWITCHED,Wine,RNDC
85629,BEX,Wine,RNDC
85629,BEYERSKLOOF,Wine,RNDC
85629,BEYOND LOVE,Wine,RNDC
85629,BEZEL,Wine,RNDC
85629,BIAGIO TANGO VINO,Wine,RNDC
85629,BIBI GRAETZ,Wine,RNDC
85629,BIBO,Wine,RNDC
85629,BIELER FAMILY,Wine,RNDC
85629,BIELER PERE ET FILS,Wine,RNDC
85629,BIEN NACIDO VINEYARDS,Wine,RNDC
85629,BIG BRIGHT IDEA,Wine,RNDC
85629,BIG HAND,Wine,RNDC
85629,BIG HOUSE,Wine,RNDC
85629,BIG MACHINE,Low Alcohol Beverage,RNDC
85629,BIG MACHINE VODKA,Low Alcohol Beverage,RNDC
85629,BIG MAX,Wine,RNDC
85629,BIG SHOTS,Wine,RNDC
85629,BIGGY ROCKER,Wine,RNDC
85629,BIGI,Wine,RNDC
85629,BILLAUD SIMON,Wine,RNDC
85629,BILLINGS FARM,Wine,RNDC
85629,BILTMORE,Wine,RNDC
85629,BILTMORE ESTATE,Wine,RNDC
85629,BING BANG,Wine,RNDC
85629,BIONDI SANTI,Wine,RNDC
85629,BIOTIFULFOX,Wine,RNDC
85629,BIRDS ON A WIRE,Wine,RNDC
85629,BIRDSONG,Wine,RNDC
85629,BISANZIO,Wine,RNDC
85629,BISCAYE BAIE,Wine,RNDC
85629,BISCHOFLICHE WEINGUTER TRIER,Wine,RNDC
85629,BISOL,Wine,RNDC
85629,BISON RIDGE,Wine,RNDC
85629,BITE HARD,Wine,RNDC
85629,BIVIO,Wine,RNDC
85629,BIXIA,Wine,RNDC
85629,BLACK BIRCH,Wine,RNDC
85629,BLACK BOX,Wine,RNDC
85629,BLACK BURGUNDY THOUSAND OAKS,Wine,RNDC
85629,BLACK HOLE VINEYARDS,Wine,RNDC
85629,BLACK OPAL,Wine,RNDC
85629,BLACK POINT,Wine,RNDC
85629,BLACK SLATE,Wine,RNDC
85629,BLACK STALLION ESTATE WINERY,Wine,RNDC
85629,BLACKBERET,Wine,RNDC
85629,BLACKSTONE,Wine,RNDC
85629,BLANC DE BLEU,Wine,RNDC
85629,BLANC DE LYNCH BAGES,Wine,RNDC
85629,BLANK CANVAS,Wine,RNDC
85629,BLASON D'ISSAN,Wine,RNDC
85629,BLASON DE L'EVANGILE,Wine,RNDC
85629,BLEU ROCK VINEYARDS,Wine,RNDC
85629,BLIND TASTE,Wine,RNDC
85629,BLISS,Low Alcohol Beverage,RNDC
85629,BLOC & BARREL,Wine,RNDC
85629,BLOCK 50,Wine,RNDC
85629,BLOCK RED,Wine,RNDC
85629,BLOCK WHITE,Wine,RNDC
85629,BLOKE,Wine,RNDC
85629,BLOOMDUST,Wine,RNDC
85629,BLOSSOM HILL COLLECTION,Wine,RNDC
85629,BLOSSOM HILL WINERY,Wine,RNDC
85629,BLUE FISH,Wine,RNDC
85629,BLUE JEAN,Wine,RNDC
85629,BLUE MARLIN,Wine,RNDC
85629,BLUE NUN,Wine,RNDC
85629,BLUE RIDGE WINERY,Wine,RNDC
85629,BLUE SEIRINA,Wine,RNDC
85629,BLUE'S CORNER,Wine,RNDC
85629,BLUES POINT,Wine,RNDC
85629,BLUFELD,Wine,RNDC
85629,BOARDWALK,Wine,RNDC
85629,BOCCE,Wine,RNDC
85629,BOCELLI,Wine,RNDC
85629,BOCELLI 1831,Wine,RNDC
85629,BODEGA BELGRANO,Wine,RNDC
85629,BODEGA DE SAN ANTONIO,Wine,RNDC
85629,BODEGA FOSTER,Wine,RNDC
85629,BODEGA NORTON,Wine,RNDC
85629,BODEGA Y VINEDOS MAURICIO LORCA,Wine,RNDC
85629,BODEGAS BAI GORRI,Wine,RNDC
85629,BODEGAS BELGRANO,Wine,RNDC
85629,BODEGAS BERCEO,Wine,RNDC
85629,BODEGAS CAMPILLO,Wine,RNDC
85629,BODEGAS CARCHELO,Wine,RNDC
85629,BODEGAS CERROSOL,Wine,RNDC
85629,BODEGAS FONTANA,Wine,RNDC
85629,BODEGAS FUENTESPINA,Wine,RNDC
85629,BODEGAS FUNDADOR,Wine,RNDC
85629,BODEGAS LOS PINOS,Wine,RNDC
85629,BODEGAS MORCA,Wine,RNDC
85629,BODEGAS PAGOS DE ARAIZ,Wine,RNDC
85629,BODEGAS PALACIO,Wine,RNDC
85629,BODEGAS RODA,Wine,RNDC
85629,BODEGAS VERDUGUEZ,Wine,RNDC
85629,BODINI,Wine,RNDC
85629,BODYGUARD,Wine,RNDC
85629,BOGLE FAMILY VINEYARDS,Wine,RNDC
85629,BOGLE VINEYARDS,Wine,RNDC
85629,BOGONI,Wine,RNDC
85629,BOHEMIAN,Wine,RNDC
85629,BOISSIERE,Wine,RNDC
85629,BOLD BULL,Wine,RNDC
85629,BOLD VINE,Wine,RNDC
85629,BOLDLY GO,Wine,RNDC
85629,BOLLA,Wine,RNDC
85629,BOLLICINI,Wine,RNDC
85629,BOLLINI,Wine,RNDC
85629,BOMZZ WINE COCKTAILS,Wine,RNDC
85629,BON MAS,Wine,RNDC
85629,BONDI BLUE,Wine,RNDC
85629,BONESHAKER,Wine,RNDC
85629,BONIZIO,Wine,RNDC
85629,BONVERRE,Wine,RNDC
85629,BOOK CLUB,Wine,RNDC
85629,BOOKER VINEYARD,Wine,RNDC
85629,BOONAROO,Wine,RNDC
85629,BOOTLEG,Wine,RNDC
85629,BORDEAUX COLLECTION TRI VIN,Wine,RNDC
85629,BORGHINI,Wine,RNDC
85629,BORGO CONVENTI,Wine,RNDC
85629,BORGO MAGREDO,Wine,RNDC
85629,BORIE MANOUX,Wine,RNDC
85629,BORN FAB,Wine,RNDC
85629,BORN WILD,Wine,RNDC
85629,BORNE OF FIRE,Wine,RNDC
85629,BOSCARELLI,Wine,RNDC
85629,BOSCHENDAL,Wine,RNDC
85629,BOTA BOX VINEYARDS,Wine,RNDC
85629,BOTA MINI,Wine,RNDC
85629,BOTTEGA,Wine,RNDC
85629,BOTTEGA VINAIA,Wine,RNDC
85629,BOTTLEROCKET SPRITZ,Wine,RNDC
85629,BOUCHARD PERE & FILS,Wine,RNDC
85629,BOUCHIE CHATELLIER,Wine,RNDC
85629,BOUDINAUD,Wine,RNDC
85629,BOUGIE,Wine,RNDC
85629,BOULDER BANK,Wine,RNDC
85629,BOUQUET DE MONBRISON,Wine,RNDC
85629,BOUVET LADUBAY,Wine,RNDC
85629,BOWERS HARBOR VINEYARDS,Wine,RNDC
85629,BOX STAR,Wine,RNDC
85629,BOX WIZE,Wine,RNDC
85629,BOXI,Wine,RNDC
85629,BOYA,Wine,RNDC
85629,BRACCO,Wine,RNDC
85629,BRAIDENWOOD ESTATES,Wine,RNDC
85629,BRAMANTE COSIMI,Wine,RNDC
85629,BRAMPTON,Wine,RNDC
85629,BRANCOTT,Wine,RNDC
85629,BRANCOTT ESTATE,Wine,RNDC
85629,BRANCOTT VINEYARDS,Wine,RNDC
85629,BRANDLIN,Wine,RNDC
85629,BRASS RABBIT,Wine,RNDC
85629,BRAVA TERRA,Wine,RNDC
85629,BRAVEHEART,Wine,RNDC
85629,BRAVIUM,Wine,RNDC
85629,BRAVURA,Wine,RNDC
85629,BRAZIN,Wine,RNDC
85629,BREAD & BUTTER,Wine,RNDC
85629,BREEZETTE,Wine,RNDC
85629,BRENDEL,Wine,RNDC
85629,BRESFORD WINES,Wine,RNDC
85629,BREWER CLIFTON,Wine,RNDC
85629,BRIGHT SPIRITS SHINE,Wine,RNDC
85629,BRIGHTLANDS,Wine,RNDC
85629,BRILLIANT,Wine,RNDC
85629,BRILLO SOLAR,Wine,RNDC
85629,BROKE ESTATES,Wine,RNDC
85629,BROOK HOLLOW,Wine,RNDC
85629,BROWN BROTHERS,Wine,RNDC
85629,BROWNIE POINTS,Wine,RNDC
85629,BRUMEUX,Wine,RNDC
85629,BRUN ESTATE,Wine,RNDC
85629,BRUNO GIACOSA,Wine,RNDC
85629,BUBBLES TONIGHT,Wine,RNDC
85629,BUBBLY CELEBRATION,Wine,RNDC
85629,BUBO,Wine,RNDC
85629,BUCA DI BEPPO,Wine,RNDC
85629,BUCHLI STATION,Wine,RNDC
85629,BUCKELEY'S,Wine,RNDC
85629,BUCKET LIST,Wine,RNDC
85629,BUDHAGIRL,Wine,RNDC
85629,BUEHLER VINEYARDS,Wine,RNDC
85629,BUENA VISTA,Wine,RNDC
85629,BUGLIONI,Wine,RNDC
85629,BUISSON BATTAULT,Wine,RNDC
85629,BULGARIANA,Wine,RNDC
85629,BUMBLEBEE,Wine,RNDC
85629,BUNDLE UP,Wine,RNDC
85629,BUONA STELLA,Wine,RNDC
85629,BURGESS CELLARS,Wine,RNDC
85629,BUSHIDO,Wine,RNDC
85629,BUTTER BOMB,Wine,RNDC
85629,BUTTERFIELD STATION,Wine,RNDC
85629,BUTTERNUT,Wine,RNDC
85629,BUTTERY BOMB,Wine,RNDC
85629,BUTTONS,Wine,RNDC
85629,BYRON,Wine,RNDC
85629,BYRON VINEYARD & WINERY,Wine,RNDC
85629,BZ CELLARS,Wine,RNDC
85629,CA DEI FRATI,Wine,RNDC
85629,CA DONINI,Wine,RNDC
85629,CA WINECRAFT,Wine,RNDC
85629,CA' BERTOLDI,Wine,RNDC
85629,CA' DI RAJO,Wine,RNDC
85629,CA' MAIOL,Wine,RNDC
85629,CA' MONTINI,Wine,RNDC
85629,CA'DEL BOSCO,Wine,RNDC
85629,CA'MARCANDA,Wine,RNDC
85629,CA'MONTINI,Wine,RNDC
85629,CABALLERO DE PLATA,Wine,RNDC
85629,CABIN FEVER,Wine,RNDC
85629,CABREO,Wine,RNDC
85629,CABULOUS,Wine,RNDC
85629,CABUTTO,Wine,RNDC
85629,CADEAUX,Wine,RNDC
85629,CADIS,Wine,RNDC
85629,CADORO,Wine,RNDC
85629,CAFAGGIO,Wine,RNDC
85629,CAFE AGAVE,Wine,RNDC
85629,CAFE DE SANTO,Wine,RNDC
85629,CAKEBREAD CELLARS,Wine,RNDC
85629,CALADAN,Wine,RNDC
85629,CALATRASI,Wine,RNDC
85629,CALEB'S,Wine,RNDC
85629,CALI VINO,Wine,RNDC
85629,CALICE DE FAUGERES,Wine,RNDC
85629,CALIFORNIA 37,Wine,RNDC
85629,CALIFORNIA CONSPIRACY CELLARS,Wine,RNDC
85629,CALIFORNIA CRUSH,Wine,RNDC
85629,CALIFORNIA DREAM,Wine,RNDC
85629,CALIFORNIA ROOTS,Wine,RNDC
85629,CALIFORNIA TRADITIONS,Wine,RNDC
85629,CALIFORNIA'S JEWEL COLLECTION,Wine,RNDC
85629,CALINA,Wine,RNDC
85629,CALISTA,Wine,RNDC
85629,CALISTOGA CELLARS,Wine,RNDC
85629,CALITERRA,Wine,RNDC
85629,CALLAWAY,Wine,RNDC
85629,CALLAWAY COASTAL,Wine,RNDC
85629,CALLE AZUL,Wine,RNDC
85629,CALLIA,Wine,RNDC
85629,CALLIE COLLECTION,Wine,RNDC
85629,CALLING ALL ANGELS,Wine,RNDC
85629,CALON SEGUR,Wine,RNDC
85629,CALVANO,Wine,RNDC
85629,CAMBIASO,Wine,RNDC
85629,CAMBRIA,Wine,RNDC
85629,CAMELOT VINEYARDS,Wine,RNDC
85629,CAMERON HUGHES,Wine,RNDC
85629,CAMILA,Wine,RNDC
85629,CAMINADA,Wine,RNDC
85629,CAMINO CALIXO,Wine,RNDC
85629,CAMPANETA,Wine,RNDC
85629,CAMPO AL MARE,Wine,RNDC
85629,CAMPO DI FIORI,Wine,RNDC
85629,CAMPO DI SASSO,Wine,RNDC
85629,CAMPO ROJA ESPANA,Wine,RNDC
85629,CAMPO VIEJO,Wine,RNDC
85629,CAN BLAU,Wine,RNDC
85629,CANADIAN WICKET,Wine,RNDC
85629,CANALS CANALS,Wine,RNDC
85629,CANDELLS,Wine,RNDC
85629,CANDIDO,Wine,RNDC
85629,CANDLE VINEYARDS,Wine,RNDC
85629,CANDOR,Wine,RNDC
85629,CANEI,Wine,RNDC
85629,CANNED OREGON,Wine,RNDC
85629,CANON 13,Wine,RNDC
85629,CANOPY HILL,Wine,RNDC
85629,CANTAGRILLOS,Wine,RNDC
85629,CANTINA DEL CASTELLO,Wine,RNDC
85629,CANTINA DI MONTALCINO,Wine,RNDC
85629,CANTINA DI ROSA,Wine,RNDC
85629,CANTINA DI SOAVE,Wine,RNDC
85629,CANTINA GIRLAN,Wine,RNDC
85629,CANTINE DI MARCO,Wine,RNDC
85629,CANTINE INTORCIA,Wine,RNDC
85629,CANTORA,Wine,RNDC
85629,CANTUS,Wine,RNDC
85629,CANVAS,Wine,RNDC
85629,CAP ROYAL,Wine,RNDC
85629,CAPARZO,Wine,RNDC
85629,CAPATAZ,Wine,RNDC
85629,CAPENSIS,Wine,RNDC
85629,CAPOSALDO,Wine,RNDC
85629,CAPRI,Wine,RNDC
85629,CAPRICCIO,Wine,RNDC
85629,CAPRICCIO SPIRITS CO,Low Alcohol Beverage,RNDC
85629,CAPRICCIO TAKE OUT COCKTAILS,Wine,RNDC
85629,CAPTURE WINES,Wine,RNDC
85629,CARA A CARA,Wine,RNDC
85629,CARAVAN,Wine,RNDC
85629,CARDINAL ZIN,Wine,RNDC
85629,CARDINALE,Wine,RNDC
85629,CARICATURE,Wine,RNDC
85629,CARMAZZI,Wine,RNDC
85629,CARMEL ROAD,Wine,RNDC
85629,CARMENET,Wine,RNDC
85629,CARMES DE RIEUSSEC,Wine,RNDC
85629,CARNEROS CREEK,Wine,RNDC
85629,CARNEROS SPRINGS,Wine,RNDC
85629,CARNISSI,Wine,RNDC
85629,CARO,Wine,RNDC
85629,CARPE DIEM,Wine,RNDC
85629,CARRAMAR ESTATE,Wine,RNDC
85629,CARRETE,Wine,RNDC
85629,CARRUADES DE LAFITE,Wine,RNDC
85629,CARTA VIEJA,Wine,RNDC
85629,CARTLIDGE & BROWNE,Wine,RNDC
85629,CARYS,Wine,RNDC
85629,CASA AZUL,Low Alcohol Beverage,RNDC
85629,CASA CANTINA,Wine,RNDC
85629,CASA DEI FAVERI,Wine,RNDC
85629,CASA FARIVE,Wine,RNDC
85629,CASA FERREIRINHA,Wine,RNDC
85629,CASA NATAL,Wine,RNDC
85629,CASA SILVA,Wine,RNDC
85629,CASA VALDUGA,Wine,RNDC
85629,CASA VINICOLA BRUNO GIACOSA,Wine,RNDC
85629,CASABELLA,Wine,RNDC
85629,CASADO MORALES,Wine,RNDC
85629,CASAL GARCIA,Wine,RNDC
85629,CASAL THAULERO,Wine,RNDC
85629,CASALEIRO,Wine,RNDC
85629,CASALS,Wine,RNDC
85629,CASAMATTA,Wine,RNDC
85629,CASARENA,Wine,RNDC
85629,CASARSA,Wine,RNDC
85629,CASASMITH,Wine,RNDC
85629,CASINO DELLE VIE,Wine,RNDC
85629,CASK & BARREL,Wine,RNDC
85629,CASS,Wine,RNDC
85629,CASS WINERY,Wine,RNDC
85629,CASTEL FIRMIAN,Wine,RNDC
85629,CASTELGIOCONDO,Wine,RNDC
85629,CASTELGREVE,Wine,RNDC
85629,CASTELLANI,Wine,RNDC
85629,CASTELLO BANFI,Wine,RNDC
85629,CASTELLO DEL TERRICCIO,Wine,RNDC
85629,CASTELLO DELLA SALA,Wine,RNDC
85629,CASTELLO DI MONASTERO,Wine,RNDC
85629,CASTELLO DI QUERCETO,Wine,RNDC
85629,CASTELLO DI VERRAZZANO,Wine,RNDC
85629,CASTELLO DI VOLPAIA,Wine,RNDC
85629,CASTELLO FONTERUTOLI,Wine,RNDC
85629,CASTELLO MONTAUTO,Wine,RNDC
85629,CASTELLO NIPOZZANO,Wine,RNDC
85629,CASTELLO POMINO,Wine,RNDC
85629,CASTELNAU DE SUDUIRAUT,Wine,RNDC
85629,CASTIGLION DEL BOSCO,Wine,RNDC
85629,CASTIGLIONI,Wine,RNDC
85629,CASTILLO DE LOGRONO,Wine,RNDC
85629,CASTILLO DE MOLINA,Wine,RNDC
85629,CASTILLO MONTE LA REINA,Wine,RNDC
85629,CASTILLO SAN SIMON,Wine,RNDC
85629,CASTILLO YGAY,Wine,RNDC
85629,CAT HOLLOW,Cider,RNDC
85629,CAT TAILS,Wine,RNDC
85629,CATALINA SOUNDS,Wine,RNDC
85629,CAVAS HILL,Wine,RNDC
85629,CAVATINA PREMIUM,Wine,RNDC
85629,CAVE & COVE,Wine,RNDC
85629,CAVES ALIANCA,Wine,RNDC
85629,CAVES DES PAPES,Wine,RNDC
85629,CAVIRO,Wine,RNDC
85629,CAVIT,Wine,RNDC
85629,CAVIT ADVENT CALENDAR,Wine,RNDC
85629,CAVORY,Wine,RNDC
85629,CAYWOOD,Wine,RNDC
85629,CECCHETTI SEBASTIANI,Wine,RNDC
85629,CECCHI,Wine,RNDC
85629,CEDAR + SALMON,Wine,RNDC
85629,CEDARVILLE VINEYARD,Wine,RNDC
85629,CEDERBERG,Wine,RNDC
85629,CEFIRO,Wine,RNDC
85629,CELANI FAMILY VINEYARDS,Wine,RNDC
85629,CELEBRATE FRIENDS,Wine,RNDC
85629,CELEBRATE WITH SPARKLE,Wine,RNDC
85629,CELEBRITY CELLARS,Wine,RNDC
85629,CELLA,Wine,RNDC
85629,CELLAR BOX,Wine,RNDC
85629,CELLAR FOUR79,Wine,RNDC
85629,CELLAR NO 8,Wine,RNDC
85629,CELLER BARCELONA,Wine,RNDC
85629,CELLER FRANCISCO CASTILLO,Wine,RNDC
85629,CELLERS CAPAFONS OSSO,Wine,RNDC
85629,CELLERS FUENTES,Wine,RNDC
85629,CELLIER DES PRINCES COTES DU RHONE,Wine,RNDC
85629,CENSE,Wine,RNDC
85629,CENTINE,Wine,RNDC
85629,CENTURY CELLARS,Wine,RNDC
85629,CENYTH,Wine,RNDC
85629,CEPPAIANO,Wine,RNDC
85629,CERES FR,Wine,RNDC
85629,CERETTO,Wine,RNDC
85629,CERRUTI CELLARS,Wine,RNDC
85629,CERULLI IRELLI SPINOZZI,Wine,RNDC
85629,CEU DO NORTE,Wine,RNDC
85629,CHACRA,Wine,RNDC
85629,CHACRAS,Wine,RNDC
85629,CHAGUAL,Wine,RNDC
85629,CHAINED MELODY,Wine,RNDC
85629,CHAKRAS,Wine,RNDC
85629,CHALK HILL,Wine,RNDC
85629,CHALONE VINEYARD,Wine,RNDC
85629,CHAMP DE REVES,Wine,RNDC
85629,CHAMPAGNE BARONS DE ROTHSCHILD,Wine,RNDC
85629,CHAMPAGNE BOIZEL,Wine,RNDC
85629,CHAMPAGNE HENRIOT,Wine,RNDC
85629,CHAMPAGNE MANDOIS,Wine,RNDC
85629,CHAMPAGNE NOMINE RENARD,Wine,RNDC
85629,CHAMPAGNE SABINE GODME,Wine,RNDC
85629,CHAMPS ANCIENS,Wine,RNDC
85629,CHAMPS DE FOIN,Wine,RNDC
85629,CHANDELIER,Wine,RNDC
85629,CHANDON,Wine,RNDC
85629,CHANTEFLEUR,Wine,RNDC
85629,CHAPELLE DE POTENSAC,Wine,RNDC
85629,CHARAMBA,Wine,RNDC
85629,CHARDONYEAH,Wine,RNDC
85629,CHARLES & CHARLES,Wine,RNDC
85629,CHARLES DEBOURGES,Wine,RNDC
85629,CHARLES HEIDSIECK,Wine,RNDC
85629,CHARLES MONTAINE,Wine,RNDC
85629,CHARLES SMITH FAMILY,Wine,RNDC
85629,CHARONGE,Wine,RNDC
85629,CHASE CREEK WINE,Wine,RNDC
85629,CHASE LIMOGERE,Wine,RNDC
85629,CHATEAU ALEXANDRE,Wine,RNDC
85629,CHATEAU AME DE VIAUD,Wine,RNDC
85629,CHATEAU ANGELUS,Wine,RNDC
85629,CHATEAU ASCENSION,Wine,RNDC
85629,CHATEAU BALLAN LARQUETTE,Wine,RNDC
85629,CHATEAU BARACAN,Wine,RNDC
85629,CHATEAU BARBEYROLLES,Wine,RNDC
85629,CHATEAU BARON BELLEVUE,Wine,RNDC
85629,CHATEAU BARRAIL LAUSSAC,Wine,RNDC
85629,CHATEAU BAS,Wine,RNDC
85629,CHATEAU BASTOR LAMONTAGNE,Wine,RNDC
85629,CHATEAU BEAU SEJOUR BECOT,Wine,RNDC
85629,CHATEAU BEAUMONT,Wine,RNDC
85629,CHATEAU BEAUREGARD DUCASSE,Wine,RNDC
85629,CHATEAU BEAUSEJOUR,Wine,RNDC
85629,CHATEAU BEL AIR GLORIA,Wine,RNDC
85629,CHATEAU BELEGRAVE,Wine,RNDC
85629,CHATEAU BELLE GARDE,Wine,RNDC
85629,CHATEAU BELLE VUE,Wine,RNDC
85629,CHATEAU BELLEFONT BELCIER,Wine,RNDC
85629,CHATEAU BELLEGRAVE,Wine,RNDC
85629,CHATEAU BELLEVUE,Wine,RNDC
85629,CHATEAU BELLEVUE D'AMECOURT,Wine,RNDC
85629,CHATEAU BELLEVUE PEYCHARNEAU,Wine,RNDC
85629,CHATEAU BERBILLOT,Wine,RNDC
85629,CHATEAU BERNON BECOT,Wine,RNDC
85629,CHATEAU BERTHENON,Wine,RNDC
85629,CHATEAU BEYCHEVELLE,Wine,RNDC
85629,CHATEAU BILTMORE,Wine,RNDC
85629,CHATEAU BLAIGNAN,Wine,RNDC
85629,CHATEAU BOUSCAUT,Wine,RNDC
85629,CHATEAU BOYD CANTENAC,Wine,RNDC
85629,CHATEAU BRANAIRE,Wine,RNDC
85629,CHATEAU BRANE CANTENAC,Wine,RNDC
85629,CHATEAU BRILLETTE,Wine,RNDC
85629,CHATEAU BROUSTET,Wine,RNDC
85629,CHATEAU BROWN,Wine,RNDC
85629,CHATEAU BROWN LAMARTINE,Wine,RNDC
85629,CHATEAU CABRIERES,Wine,RNDC
85629,CHATEAU CALON SEGUR,Wine,RNDC
85629,CHATEAU CAMENSAC,Wine,RNDC
85629,CHATEAU CANON,Wine,RNDC
85629,CHATEAU CANON CLOS CANON,Wine,RNDC
85629,CHATEAU CANON LA GAFFELIERE,Wine,RNDC
85629,CHATEAU CANTELOUP LESTAGE,Wine,RNDC
85629,CHATEAU CANTEMERLE,Wine,RNDC
85629,CHATEAU CANTENAC BROWN,Wine,RNDC
85629,CHATEAU CANUET,Wine,RNDC
85629,CHATEAU CAP DE BIOLET,Wine,RNDC
85629,CHATEAU CAP DE FAUGERES,Wine,RNDC
85629,CHATEAU CAPBERN,Wine,RNDC
85629,CHATEAU CAPET DUVERGER,Wine,RNDC
85629,CHATEAU CARBONNIEUX,Wine,RNDC
85629,CHATEAU CARLMAGNUS,Wine,RNDC
85629,CHATEAU CASCADAIS,Wine,RNDC
85629,CHATEAU CASTEGENS,Wine,RNDC
85629,CHATEAU CAZAL VIEL,Wine,RNDC
85629,CHATEAU CAZEAUX,Wine,RNDC
85629,CHATEAU CERTAN MARZELLE,Wine,RNDC
85629,CHATEAU CHAMBEAU,Wine,RNDC
85629,CHATEAU CHANTALOUETTE,Wine,RNDC
85629,CHATEAU CHANTEMERLE,Wine,RNDC
85629,CHATEAU CHARMAIL,Wine,RNDC
85629,CHATEAU CHASSE SPLEEN,Wine,RNDC
85629,CHATEAU CHEVAL BLANC,Wine,RNDC
85629,CHATEAU CITRAN,Wine,RNDC
85629,CHATEAU CIVRAC LAGRANGE,Wine,RNDC
85629,CHATEAU CLARKE,Wine,RNDC
85629,CHATEAU CLAUSS,Wine,RNDC
85629,CHATEAU CLERC MILON,Wine,RNDC
85629,CHATEAU CLINET,Wine,RNDC
85629,CHATEAU CLOS L'EGLISE,Wine,RNDC
85629,CHATEAU CONE TAILLASSON SABOURIN,Wine,RNDC
85629,CHATEAU CORBIN,Wine,RNDC
85629,CHATEAU CORDEILLAN BAGES,Wine,RNDC
85629,CHATEAU CORMEIL FIGEAC,Wine,RNDC
85629,CHATEAU COS D'ESTOURNEL,Wine,RNDC
85629,CHATEAU COTE DE BALEAU,Wine,RNDC
85629,CHATEAU COTE MONTPEZAT,Wine,RNDC
85629,CHATEAU COURAC,Wine,RNDC
85629,CHATEAU COUTET,Wine,RNDC
85629,CHATEAU CRISP,Wine,RNDC
85629,CHATEAU CROIX CARDINALE,Wine,RNDC
85629,CHATEAU CROIX FIGEAC,Wine,RNDC
85629,CHATEAU CROIX MOUTON,Wine,RNDC
85629,CHATEAU D'AIGUILHE,Wine,RNDC
85629,CHATEAU D'ANICE,Wine,RNDC
85629,CHATEAU D'AQUERIA,Wine,RNDC
85629,CHATEAU D'ARCHE,Wine,RNDC
85629,CHATEAU D'ARGADENS,Wine,RNDC
85629,CHATEAU D'ARMAILHAC,Wine,RNDC
85629,CHATEAU D'ARSAC,Wine,RNDC
85629,CHATEAU D'ARTHUS,Wine,RNDC
85629,CHATEAU D'EPIRE,Wine,RNDC
85629,CHATEAU D'ESCLANS,Wine,RNDC
85629,CHATEAU D'ISSAN,Wine,RNDC
85629,CHATEAU D'YQUEM,Wine,RNDC
85629,CHATEAU DALLAU,Wine,RNDC
85629,CHATEAU DASSAULT,Wine,RNDC
85629,CHATEAU DAUZAC,Wine,RNDC
85629,CHATEAU DE BEAULIEU,Wine,RNDC
85629,CHATEAU DE BELCIER,Wine,RNDC
85629,CHATEAU DE BERNE,Wine,RNDC
85629,CHATEAU DE BERTINEAU,Wine,RNDC
85629,CHATEAU DE CAMARSAC,Wine,RNDC
85629,CHATEAU DE CANDALE,Wine,RNDC
85629,CHATEAU DE CHAMBOUREAU,Wine,RNDC
85629,CHATEAU DE DRACY,Wine,RNDC
85629,CHATEAU DE FIEUZAL,Wine,RNDC
85629,CHATEAU DE FONSALETTE,Wine,RNDC
85629,CHATEAU DE FRANCS,Wine,RNDC
85629,CHATEAU DE GOULAINE,Wine,RNDC
85629,CHATEAU DE GREZELS,Wine,RNDC
85629,CHATEAU DE JAU,Wine,RNDC
85629,CHATEAU DE L'OISELINIERE,Wine,RNDC
85629,CHATEAU DE LA CHAIZE,Wine,RNDC
85629,CHATEAU DE LA COSTE,Wine,RNDC
85629,CHATEAU DE LA COUR D'ARGENT,Wine,RNDC
85629,CHATEAU DE LA VIEILLE TOUR,Wine,RNDC
85629,CHATEAU DE LAMARQUE,Wine,RNDC
85629,CHATEAU DE LAUNAY,Wine,RNDC
85629,CHATEAU DE LAUSSAC,Wine,RNDC
85629,CHATEAU DE LAVILLE,Wine,RNDC
85629,CHATEAU DE LYDE,Wine,RNDC
85629,CHATEAU DE MACARD,Wine,RNDC
85629,CHATEAU DE MALIGNY,Wine,RNDC
85629,CHATEAU DE MALLE,Wine,RNDC
85629,CHATEAU DE MALLERET,Wine,RNDC
85629,CHATEAU DE PERRON,Wine,RNDC
85629,CHATEAU DE PEZ,Wine,RNDC
85629,CHATEAU DE PIC,Wine,RNDC
85629,CHATEAU DE PITRAY,Wine,RNDC
85629,CHATEAU DE PONCIE,Wine,RNDC
85629,CHATEAU DE PRESSAC,Wine,RNDC
85629,CHATEAU DE RIBEBON,Wine,RNDC
85629,CHATEAU DE ROQUEBRUNE,Wine,RNDC
85629,CHATEAU DE SAINT PEY,Wine,RNDC
85629,CHATEAU DE SAINT PHILIPPE,Wine,RNDC
85629,CHATEAU DE SALES,Wine,RNDC
85629,CHATEAU DE SEIZE,Wine,RNDC
85629,CHATEAU DE VAUDIEU,Wine,RNDC
85629,CHATEAU DE VILLAMBIS,Wine,RNDC
85629,CHATEAU DES ARNAUDS,Wine,RNDC
85629,CHATEAU DES BACHELARDS,Wine,RNDC
85629,CHATEAU DES CRES RICARDS,Wine,RNDC
85629,CHATEAU DES GRAVES,Wine,RNDC
85629,CHATEAU DES JACQUES,Wine,RNDC
85629,CHATEAU DES LAURETS BARON,Wine,RNDC
85629,CHATEAU DES LEOTINS,Wine,RNDC
85629,CHATEAU DES ORMEAUX,Wine,RNDC
85629,CHATEAU DES ROCHERS,Wine,RNDC
85629,CHATEAU DES ROCHES,Wine,RNDC
85629,CHATEAU DES TOURS,Wine,RNDC
85629,CHATEAU DEYREM VALENTIN,Wine,RNDC
85629,CHATEAU DOMI COURS,Wine,RNDC
85629,CHATEAU DOYAC,Wine,RNDC
85629,CHATEAU DU BEAU VALLON,Wine,RNDC
85629,CHATEAU DU CAILLAU,Wine,RNDC
85629,CHATEAU DU COUDRAY MONTPENSIER,Wine,RNDC
85629,CHATEAU DU GLANA,Wine,RNDC
85629,CHATEAU DU GRAND BERN,Wine,RNDC
85629,CHATEAU DU GRAND MAINE,Wine,RNDC
85629,CHATEAU DU LUC,Wine,RNDC
85629,CHATEAU DU MARGAUX,Wine,RNDC
85629,CHATEAU DU PEUIL,Wine,RNDC
85629,CHATEAU DU PIN,Wine,RNDC
85629,CHATEAU DU PORT,Wine,RNDC
85629,CHATEAU DU RAGON,Wine,RNDC
85629,CHATEAU DU RAUX,Wine,RNDC
85629,CHATEAU DU TERTRE,Wine,RNDC
85629,CHATEAU DU TRIGNON,Wine,RNDC
85629,CHATEAU DUCRU BEAUCAILLOU,Wine,RNDC
85629,CHATEAU DUHART MILON,Wine,RNDC
85629,CHATEAU DULUC,Wine,RNDC
85629,CHATEAU DURFORT VIVENS,Wine,RNDC
85629,CHATEAU FAUGERES,Wine,RNDC
85629,CHATEAU FAURIE DE SOUCHARD,Wine,RNDC
85629,CHATEAU FAYAN,Wine,RNDC
85629,CHATEAU FERRAN,Wine,RNDC
85629,CHATEAU FERRIERE,Wine,RNDC
85629,CHATEAU FEYTIT CLINET,Wine,RNDC
85629,CHATEAU FIGEAC,Wine,RNDC
85629,CHATEAU FINET,Wine,RNDC
85629,CHATEAU FOMBRAUGE,Wine,RNDC
85629,CHATEAU FONBADET,Wine,RNDC
85629,CHATEAU FONFROIDE,Wine,RNDC
85629,CHATEAU FONTESTEAU,Wine,RNDC
85629,CHATEAU FONTJONCOUSE,Wine,RNDC
85629,CHATEAU FOURCAS DUPRE,Wine,RNDC
85629,CHATEAU FOURCAS HOSTEN,Wine,RNDC
85629,CHATEAU FRANC COUPLET,Wine,RNDC
85629,CHATEAU FUISSE,Wine,RNDC
85629,CHATEAU GAILLARD,Wine,RNDC
85629,CHATEAU GALAU,Wine,RNDC
85629,CHATEAU GARDAT,Wine,RNDC
85629,CHATEAU GAYON,Wine,RNDC
85629,CHATEAU GAZIN,Wine,RNDC
85629,CHATEAU GILLET,Wine,RNDC
85629,CHATEAU GISCOURS,Wine,RNDC
85629,CHATEAU GLORIA,Wine,RNDC
85629,CHATEAU GLORIA ST JULIEN,Wine,RNDC
85629,CHATEAU GODEAU DUCARPE,Wine,RNDC
85629,CHATEAU GRAND BARRAIL LAMARZELLE FIGEAC,Wine,RNDC
85629,CHATEAU GRAND MAYNE,Wine,RNDC
85629,CHATEAU GRAND PASCAUD,Wine,RNDC
85629,CHATEAU GRAND PUY DUCASSE,Wine,RNDC
85629,CHATEAU GRAND PUY LACOSTE,Wine,RNDC
85629,CHATEAU GRANGE NEUVE,Wine,RNDC
85629,CHATEAU GRAVELIER,Wine,RNDC
85629,CHATEAU GUEYDON,Wine,RNDC
85629,CHATEAU GUIRAUD CHEVAL BLANC,Wine,RNDC
85629,CHATEAU HANTEILLAN,Wine,RNDC
85629,CHATEAU HARMONIE,Wine,RNDC
85629,CHATEAU HAUT BAGES AVEROUS,Wine,RNDC
85629,CHATEAU HAUT BAGES LIBERAL,Wine,RNDC
85629,CHATEAU HAUT BAILLY,Wine,RNDC
85629,CHATEAU HAUT BEAUSEJOUR,Wine,RNDC
85629,CHATEAU HAUT BERGERON,Wine,RNDC
85629,CHATEAU HAUT BERGEY,Wine,RNDC
85629,CHATEAU HAUT BRION,Wine,RNDC
85629,CHATEAU HAUT BRISSON,Wine,RNDC
85629,CHATEAU HAUT CADET,Wine,RNDC
85629,CHATEAU HAUT CANTELOUP,Wine,RNDC
85629,CHATEAU HAUT COLOMBIER,Wine,RNDC
85629,CHATEAU HAUT COTEAU,Wine,RNDC
85629,CHATEAU HAUT L'EVEQUE,Wine,RNDC
85629,CHATEAU HAUT LA VALETTE,Wine,RNDC
85629,CHATEAU HAUT LANDON,Wine,RNDC
85629,CHATEAU HAUT MAURAC,Wine,RNDC
85629,CHATEAU HAUT MAURIN,Wine,RNDC
85629,CHATEAU HAUT MONDAIN,Wine,RNDC
85629,CHATEAU HAUT PASQUET,Wine,RNDC
85629,CHATEAU HAUT PEYRUGUET,Wine,RNDC
85629,CHATEAU HAUT PEZAT,Wine,RNDC
85629,CHATEAU HAUT POURJAC,Wine,RNDC
85629,CHATEAU HAUT ROCHER,Wine,RNDC
85629,CHATEAU HAUT SOCIONDO,Wine,RNDC
85629,CHATEAU HOCLET,Wine,RNDC
85629,CHATEAU HOSANNA,Wine,RNDC
85629,CHATEAU HUSSON,Wine,RNDC
85629,CHATEAU IMPERIAL,Wine,RNDC
85629,CHATEAU KIRWAN,Wine,RNDC
85629,CHATEAU L'ANGELUS,Wine,RNDC
85629,CHATEAU L'ECUYER,Wine,RNDC
85629,CHATEAU L'EVANGILE,Wine,RNDC
85629,CHATEAU LA BRANDE,Wine,RNDC
85629,CHATEAU LA CAVE DU ROC,Wine,RNDC
85629,CHATEAU LA CHAPELLE AUX MOINES,Wine,RNDC
85629,CHATEAU LA COMMANDERIE,Wine,RNDC
85629,CHATEAU LA COMMANDERIE DE SAINT GENIS,Wine,RNDC
85629,CHATEAU LA COMMANDERIE DU BARDELET,Wine,RNDC
85629,CHATEAU LA COURONNE,Wine,RNDC
85629,CHATEAU LA COUSPAUDE,Wine,RNDC
85629,CHATEAU LA CROIX ST ANDRE,Wine,RNDC
85629,CHATEAU LA DEVINE,Wine,RNDC
85629,CHATEAU LA FLEUR DE BOUARD,Wine,RNDC
85629,CHATEAU LA FLEUR POURRET,Wine,RNDC
85629,CHATEAU LA FON DU BERGER,Wine,RNDC
85629,CHATEAU LA FRANCE,Wine,RNDC
85629,CHATEAU LA FREYNELLE,Wine,RNDC
85629,CHATEAU LA GOMERIE,Wine,RNDC
85629,CHATEAU LA GRACE DIEU,Wine,RNDC
85629,CHATEAU LA GRANDE NOVE,Wine,RNDC
85629,CHATEAU LA GRANGE D'ORLEAN,Wine,RNDC
85629,CHATEAU LA GURGUE,Wine,RNDC
85629,CHATEAU LA HAUTE CLAYMORE,Wine,RNDC
85629,CHATEAU LA JUSTICE,Wine,RNDC
85629,CHATEAU LA LAGUNE,Wine,RNDC
85629,CHATEAU LA MISSION HAUT BRION,Wine,RNDC
85629,CHATEAU LA MISSION HAUT BRION GRAVES,Wine,RNDC
85629,CHATEAU LA NERTHE,Wine,RNDC
85629,CHATEAU LA PAWS,Wine,RNDC
85629,CHATEAU LA PIERRIERE,Wine,RNDC
85629,CHATEAU LA POINTE,Wine,RNDC
85629,CHATEAU LA REVERENCE,Wine,RNDC
85629,CHATEAU LA RIVIERE,Wine,RNDC
85629,CHATEAU LA ROSE DU PIN,Wine,RNDC
85629,CHATEAU LA SALLE,Wine,RNDC
85629,CHATEAU LA SOULEGE,Wine,RNDC
85629,CHATEAU LA TOUR CARNET,Wine,RNDC
85629,CHATEAU LA TOUR DE BESSAN,Wine,RNDC
85629,CHATEAU LA TOUR DE L'EVEQUE,Wine,RNDC
85629,CHATEAU LA TOUR DE SEGUR,Wine,RNDC
85629,CHATEAU LA TOUR FIGEAC,Wine,RNDC
85629,CHATEAU LA TOUR HAUT BRION,Wine,RNDC
85629,CHATEAU LABEGORCE,Wine,RNDC
85629,CHATEAU LABEGORCE ZEDE,Wine,RNDC
85629,CHATEAU LABOURE ROI,Wine,RNDC
85629,CHATEAU LAFFITTE CARCASSET,Wine,RNDC
85629,CHATEAU LAFFITTE LAUJAC,Wine,RNDC
85629,CHATEAU LAFITE ROTHSCHILD,Wine,RNDC
85629,CHATEAU LAFLEUR GAZIN,Wine,RNDC
85629,CHATEAU LAFOND,Wine,RNDC
85629,CHATEAU LAFONT MENAUT,Wine,RNDC
85629,CHATEAU LAGRANGE,Wine,RNDC
85629,CHATEAU LAJARRE,Wine,RNDC
85629,CHATEAU LALANDE,Wine,RNDC
85629,CHATEAU LALANDE BORIE,Wine,RNDC
85629,CHATEAU LALANDE DE GRAVET,Wine,RNDC
85629,CHATEAU LAMARGUE,Wine,RNDC
85629,CHATEAU LAMOTHE BERGERON,Wine,RNDC
85629,CHATEAU LAMOTHE VINCENT,Wine,RNDC
85629,CHATEAU LANGOA BARTON,Wine,RNDC
85629,CHATEAU LAQUIROU,Wine,RNDC
85629,CHATEAU LARIBOTTE,Wine,RNDC
85629,CHATEAU LAROQUE,Wine,RNDC
85629,CHATEAU LARRIVAUX,Wine,RNDC
85629,CHATEAU LASCOMBES,Wine,RNDC
85629,CHATEAU LATASTE,Wine,RNDC
85629,CHATEAU LATOUR,Wine,RNDC
85629,CHATEAU LATOUR MARTILLAC,Wine,RNDC
85629,CHATEAU LE BOSCQ,Wine,RNDC
85629,CHATEAU LE CONE,Wine,RNDC
85629,CHATEAU LE GRAND MOULIN,Wine,RNDC
85629,CHATEAU LE MOULIN BASILEUS,Wine,RNDC
85629,CHATEAU LE PAPE,Wine,RNDC
85629,CHATEAU LE PRIEURE,Wine,RNDC
85629,CHATEAU LE ROC,Wine,RNDC
85629,CHATEAU LE ROUDIER,Wine,RNDC
85629,CHATEAU LEOVILLE BARTON,Wine,RNDC
85629,CHATEAU LEOVILLE LAS CASES,Wine,RNDC
85629,CHATEAU LEOVILLE POYFERRE,Wine,RNDC
85629,CHATEAU LES AUBIERS,Wine,RNDC
85629,CHATEAU LES CARMES HAUT BRION,Wine,RNDC
85629,CHATEAU LES DAMES DE LA RENARDIERE,Wine,RNDC
85629,CHATEAU LES GARELLES,Wine,RNDC
85629,CHATEAU LES GRANDS MARECHAUX,Wine,RNDC
85629,CHATEAU LES GRAVIERES,Wine,RNDC
85629,CHATEAU LES JUSTICES,Wine,RNDC
85629,CHATEAU LES ORMES DE PEZ,Wine,RNDC
85629,CHATEAU LES PASQUETS,Wine,RNDC
85629,CHATEAU LES PINS,Wine,RNDC
85629,CHATEAU LES TROIS CROIX,Wine,RNDC
85629,CHATEAU LES VIEILLES MURAILLES,Wine,RNDC
85629,CHATEAU LHORENS,Wine,RNDC
85629,CHATEAU LIEUJEAN,Wine,RNDC
85629,CHATEAU LILIAN LADOUYS,Wine,RNDC
85629,CHATEAU LISTRAN,Wine,RNDC
85629,CHATEAU LONGUEVILLE AU BARON DE PICHON LONGUEVILLE,Wine,RNDC
85629,CHATEAU LOUDENNE,Wine,RNDC
85629,CHATEAU LOUIS,Wine,RNDC
85629,CHATEAU LUCHEY HALDE,Wine,RNDC
85629,CHATEAU LUSSEAU,Wine,RNDC
85629,CHATEAU LYNCH BAGES,Wine,RNDC
85629,CHATEAU MACQUIN,Wine,RNDC
85629,CHATEAU MAGDELAINE,Wine,RNDC
85629,CHATEAU MAILLET,Wine,RNDC
85629,CHATEAU MAISON BLANCHE,Wine,RNDC
85629,CHATEAU MALARTIC LAGRAVIERE,Wine,RNDC
85629,CHATEAU MALIJAY,Wine,RNDC
85629,CHATEAU MALLARD LES ROUSSEAUX,Wine,RNDC
85629,CHATEAU MALMAISON,Wine,RNDC
85629,CHATEAU MARCHAND,Wine,RNDC
85629,CHATEAU MARGAUX,Wine,RNDC
85629,CHATEAU MARJOSSE,Wine,RNDC
85629,CHATEAU MARQUIS D'ALESME,Wine,RNDC
85629,CHATEAU MARQUIS DE CALON,Wine,RNDC
85629,CHATEAU MARQUIS DE TERME,Wine,RNDC
85629,CHATEAU MARTIN,Wine,RNDC
85629,CHATEAU MATERRE,Wine,RNDC
85629,CHATEAU MAUCOIL,Wine,RNDC
85629,CHATEAU MAUSSE,Wine,RNDC
85629,CHATEAU MENAUT,Wine,RNDC
85629,CHATEAU MEYNEY,Wine,RNDC
85629,CHATEAU MINUTY,Wine,RNDC
85629,CHATEAU MIQUEL,Wine,RNDC
85629,CHATEAU MIQUEU,Wine,RNDC
85629,CHATEAU MOINE MARTIN,Wine,RNDC
85629,CHATEAU MONBOUSQUET,Wine,RNDC
85629,CHATEAU MONGRAVEY,Wine,RNDC
85629,CHATEAU MONSAN ESTEBE,Wine,RNDC
85629,CHATEAU MONT REDON,Wine,RNDC
85629,CHATEAU MONTROSE,Wine,RNDC
85629,CHATEAU MORIN,Wine,RNDC
85629,CHATEAU MOULIN DE LA BRIDANE,Wine,RNDC
85629,CHATEAU MOULIN DE VIGNOLLE,Wine,RNDC
85629,CHATEAU MOULIN DES RICHARDS,Wine,RNDC
85629,CHATEAU MOULIN DU CADET,Wine,RNDC
85629,CHATEAU MOULINET,Wine,RNDC
85629,CHATEAU MOUTON ROTHSCHILD,Wine,RNDC
85629,CHATEAU NENIN,Wine,RNDC
85629,CHATEAU NOAILLAC,Wine,RNDC
85629,CHATEAU ODILON,Wine,RNDC
85629,CHATEAU OLIVIER,Wine,RNDC
85629,CHATEAU ORMES DE PEZ,Wine,RNDC
85629,CHATEAU PALMER,Wine,RNDC
85629,CHATEAU PALOUMEY,Wine,RNDC
85629,CHATEAU PAPE CLEMENT,Wine,RNDC
85629,CHATEAU PATRIS QUERRE,Wine,RNDC
85629,CHATEAU PAUL MAS,Wine,RNDC
85629,CHATEAU PAVIE,Wine,RNDC
85629,CHATEAU PAVIE MACQUIN,Wine,RNDC
85629,CHATEAU PECH LATT,Wine,RNDC
85629,CHATEAU PEDESCLAUX,Wine,RNDC
85629,CHATEAU PETIT CLOS DU ROY,Wine,RNDC
85629,CHATEAU PETIT FIGEAC,Wine,RNDC
85629,CHATEAU PETIT FREYLON,Wine,RNDC
85629,CHATEAU PETIT ROUBIE,Wine,RNDC
85629,CHATEAU PEY DE PONT,Wine,RNDC
85629,CHATEAU PEYMOUTON,Wine,RNDC
85629,CHATEAU PEYRASSOL,Wine,RNDC
85629,CHATEAU PEYREDON LAGRAVETTE,Wine,RNDC
85629,CHATEAU PHELAN SEGUR,Wine,RNDC
85629,CHATEAU PIBRAN,Wine,RNDC
85629,CHATEAU PICARD,Wine,RNDC
85629,CHATEAU PICHON BARON,Wine,RNDC
85629,CHATEAU PICHON COMTESEE,Wine,RNDC
85629,CHATEAU PICHON COMTESSE,Wine,RNDC
85629,CHATEAU PICHON LONGUEVILLE COMTESSE DE LALANDE,Wine,RNDC
85629,CHATEAU PICON,Wine,RNDC
85629,CHATEAU PICQUE CAILLOU,Wine,RNDC
85629,CHATEAU PLAIZIRS,Wine,RNDC
85629,CHATEAU PLANERES,Wine,RNDC
85629,CHATEAU PLANTEY,Wine,RNDC
85629,CHATEAU PONT DE MOUQUET,Wine,RNDC
85629,CHATEAU PONTET CANET,Wine,RNDC
85629,CHATEAU POTENSAC,Wine,RNDC
85629,CHATEAU POUGET,Wine,RNDC
85629,CHATEAU POUJEAUX,Wine,RNDC
85629,CHATEAU PREUILLAC,Wine,RNDC
85629,CHATEAU PUY BLANQUET,Wine,RNDC
85629,CHATEAU PUY BOYREIN,Wine,RNDC
85629,CHATEAU PUY CASTERA,Wine,RNDC
85629,CHATEAU QUINTUS,Wine,RNDC
85629,CHATEAU RASQUE,Wine,RNDC
85629,CHATEAU RAUZAN GASSIES,Wine,RNDC
85629,CHATEAU RAUZAN SEGLA,Wine,RNDC
85629,CHATEAU RAYAS,Wine,RNDC
85629,CHATEAU REINE BLANCHE,Wine,RNDC
85629,CHATEAU RESPIDE MEDEVILLE,Wine,RNDC
85629,CHATEAU REYNELLA,Wine,RNDC
85629,CHATEAU RICHEBON,Wine,RNDC
85629,CHATEAU RIEUSSEC,Wine,RNDC
85629,CHATEAU ROC DE BECOT,Wine,RNDC
85629,CHATEAU ROC DU PIN,Wine,RNDC
85629,CHATEAU ROCHERS BELLEVUE,Wine,RNDC
85629,CHATEAU ROL VALENTIN,Wine,RNDC
85629,CHATEAU ROLAND LA GARDE,Wine,RNDC
85629,CHATEAU ROLLAN DE BY,Wine,RNDC
85629,CHATEAU ROQUEFEUILLE,Wine,RNDC
85629,CHATEAU ROQUEFORT,Wine,RNDC
85629,CHATEAU ROQUEGRAVE,Wine,RNDC
85629,CHATEAU ROUSSET CAILLAU,Wine,RNDC
85629,CHATEAU SABY,Wine,RNDC
85629,CHATEAU SAINT ANDRE CORBIN,Wine,RNDC
85629,CHATEAU SAINT GEORGES,Wine,RNDC
85629,CHATEAU SAINT GERMAIN,Wine,RNDC
85629,CHATEAU SAINT HUBERT,Wine,RNDC
85629,CHATEAU SAINT PIERRE,Wine,RNDC
85629,CHATEAU SAINT SULPICE,Wine,RNDC
85629,CHATEAU SAINTAYME,Wine,RNDC
85629,CHATEAU SAINTE COLOMBE,Wine,RNDC
85629,CHATEAU SAINTE MARGUERITE,Wine,RNDC
85629,CHATEAU SEIGNEURIE DE MURVIEL,Wine,RNDC
85629,CHATEAU SENEJAC,Wine,RNDC
85629,CHATEAU SIAURAC,Wine,RNDC
85629,CHATEAU SIMARD,Wine,RNDC
85629,CHATEAU SIRAN,Wine,RNDC
85629,CHATEAU SMITH HAUT LAFITTE,Wine,RNDC
85629,CHATEAU SOCIANDO MALLET,Wine,RNDC
85629,CHATEAU SOUVERAIN,Wine,RNDC
85629,CHATEAU STE MICHELLE,Wine,RNDC
85629,CHATEAU TAILLEFER,Wine,RNDC
85629,CHATEAU TALBOT,Wine,RNDC
85629,CHATEAU TERRES DES GRANGES,Wine,RNDC
85629,CHATEAU TESSENDEY,Wine,RNDC
85629,CHATEAU TEYNAC,Wine,RNDC
85629,CHATEAU TEYSSIER,Wine,RNDC
85629,CHATEAU THOMAS,Wine,RNDC
85629,CHATEAU TIMBERLAY,Wine,RNDC
85629,CHATEAU TOUR CALON,Wine,RNDC
85629,CHATEAU TOUR DU HAUT MOULIN,Wine,RNDC
85629,CHATEAU TOUR DU ROCH MILON,Wine,RNDC
85629,CHATEAU TOUR HAUT CAUSSAN,Wine,RNDC
85629,CHATEAU TOUR LEOGNAN,Wine,RNDC
85629,CHATEAU TOUR PIBRAN,Wine,RNDC
85629,CHATEAU TOUR SAINT CHRISTOPHE,Wine,RNDC
85629,CHATEAU TOURNEFEUILLE,Wine,RNDC
85629,CHATEAU TOUZIGNAN,Wine,RNDC
85629,CHATEAU TRIANON,Wine,RNDC
85629,CHATEAU TRIMOULET,Wine,RNDC
85629,CHATEAU TRONQUOY LALANDE,Wine,RNDC
85629,CHATEAU TROPLONG MONDOT,Wine,RNDC
85629,CHATEAU TROUPIAN,Wine,RNDC
85629,CHATEAU TUILERIE PLAISANCE,Wine,RNDC
85629,CHATEAU VAL JOANIS,Wine,RNDC
85629,CHATEAU VIEUX CHEVROL,Wine,RNDC
85629,CHATEAU VIEUX MAILLET,Wine,RNDC
85629,CHATEAU VIEUX MAURAC,Wine,RNDC
85629,CHATEAU VIEUX ROBIN,Wine,RNDC
85629,CHATEAU VIGNOT,Wine,RNDC
85629,CHATEAU VILLA BEL AIR,Wine,RNDC
85629,CHATEAU VILLARS,Wine,RNDC
85629,CHATEAU WOLTNER,Wine,RNDC
85629,CHATREAU DUHART MILON,Wine,RNDC
85629,CHE GAUCHO,Wine,RNDC
85629,CHECKERBOARD VINEYARDS,Wine,RNDC
85629,CHEMISTRY,Wine,RNDC
85629,CHENE BLEU,Wine,RNDC
85629,CHERISHED MEMORIES,Wine,RNDC
85629,CHERRIES & RAINBOWS,Wine,RNDC
85629,CHEURLIN,Wine,RNDC
85629,CHEURLIN THOMAS,Wine,RNDC
85629,CHEVAL DES ANDES,Wine,RNDC
85629,CHIARANDA,Wine,RNDC
85629,CHIC BARCELONA,Wine,RNDC
85629,CHICKEN RUN,Wine,RNDC
85629,CHIETENO,Wine,RNDC
85629,CHIKURIN,Wine,RNDC
85629,CHILDRESS VINEYARDS,Wine,RNDC
85629,CHILL OUT,Wine,RNDC
85629,CHIMAYO RED CHILE WINE,Wine,RNDC
85629,CHIMERA TAIL,Wine,RNDC
85629,CHIMNEY ROCK,Wine,RNDC
85629,CHIVITE,Wine,RNDC
85629,CHIYOMUSUBI SAKE BREWERY CO,Wine,RNDC
85629,CHIYONOSONO,Wine,RNDC
85629,CHLOE,Wine,RNDC
85629,CHOCKSTONE,Wine,RNDC
85629,CHOCO NOIR,Wine,RNDC
85629,CHOCOLATE BAR,Wine,RNDC
85629,CHOP SHOP,Wine,RNDC
85629,CHOX,Wine,RNDC
85629,CHOYA,Wine,RNDC
85629,CHRISTIAN MOREAU PERE & FILS,Wine,RNDC
85629,CHRISTIAN MOUEIX,Wine,RNDC
85629,CHRISTOPHE PERROT MINOT,Wine,RNDC
85629,CHRONIC CELLARS,Wine,RNDC
85629,CIAO,Wine,RNDC
85629,CICINIS,Wine,RNDC
85629,CIEL BLEU,Wine,RNDC
85629,CIEL BLEU D'AQUITAINE,Wine,RNDC
85629,CIELO D'ORO,Wine,RNDC
85629,CIGAR,Wine,RNDC
85629,CILLAR DE SILOS,Wine,RNDC
85629,CINZANO,Wine,RNDC
85629,CIRCUMFERENCE,Wine,RNDC
85629,CIRCUS BY L'OSTAL CAZES,Wine,RNDC
85629,CIRQUE DU SOLEIL,Wine,RNDC
85629,CISCO,Wine,RNDC
85629,CITIZEN REPUBLIC,Wine,RNDC
85629,CITRIO,Wine,RNDC
85629,CITTO,Wine,RNDC
85629,CK CELLARS,Wine,RNDC
85629,CLAFFEY'S FROZEN COCKTAILS,Wine,RNDC
85629,CLAFFEY'S SELTZER COCKTAILS,Wine,RNDC
85629,CLAR DEL BOSC,Wine,RNDC
85629,CLASSIC CRUISE,Wine,RNDC
85629,CLASSIC SERIES WINEMAKERS SELECTIONS,Wine,RNDC
85629,CLAU DE NELL,Wine,RNDC
85629,CLAUDE MANCIATE,Wine,RNDC
85629,CLAY CREEK VINEYARDS,Wine,RNDC
85629,CLAY STATION,Wine,RNDC
85629,CLEAR BOTTLE BAY,Wine,RNDC
85629,CLEARWATER COVE,Wine,RNDC
85629,CLENDENEN FAMILY VINEYARDS,Wine,RNDC
85629,CLENDENEN FAMILY VINTNERS,Wine,RNDC
85629,CLICK AND DRINK,Wine,RNDC
85629,CLIFFHANGER,Wine,RNDC
85629,CLIFFORD BAY,Wine,RNDC
85629,CLIMBING,Wine,RNDC
85629,CLINK AND DRINK,Wine,RNDC
85629,CLONE 7,Wine,RNDC
85629,CLOS CABRIERE,Wine,RNDC
85629,CLOS DE NAPA,Wine,RNDC
85629,CLOS DE TART,Wine,RNDC
85629,CLOS DES LUNES,Wine,RNDC
85629,CLOS DES TEMPLIERS,Wine,RNDC
85629,CLOS DU BOIS,Wine,RNDC
85629,CLOS DU MARQUIS,Wine,RNDC
85629,CLOS DU VAL,Wine,RNDC
85629,CLOS FOURTET,Wine,RNDC
85629,CLOS GRANGENEUVE,Wine,RNDC
85629,CLOS MARSALETTE,Wine,RNDC
85629,CLOS PEGASE,Wine,RNDC
85629,CLOS POGGIALE,Wine,RNDC
85629,CLOS REISSIER,Wine,RNDC
85629,CLOUD CHASER,Wine,RNDC
85629,CLOUD VALLEY,Wine,RNDC
85629,CLOUD WATCHER,Wine,RNDC
85629,CLOUDFALL,Wine,RNDC
85629,CLOUDVEIL VINEYARDS,Wine,RNDC
85629,CLOVER HILL,Wine,RNDC
85629,CLUB MIX,Wine,RNDC
85629,CMV,Wine,RNDC
85629,CO CARNE,Wine,RNDC
85629,COASTAL COCKTAILS,Wine,RNDC
85629,COASTAL PASSAGE,Wine,RNDC
85629,COASTAL RIDGE WINERY,Wine,RNDC
85629,COASTAL VIBES,Wine,RNDC
85629,COASTAL VINES,Wine,RNDC
85629,COASTAL VINTNERS,Wine,RNDC
85629,COBBLER CREEK,Wine,RNDC
85629,COCCA DI PAPA,Wine,RNDC
85629,COCKTAIL CRAFTERS,Wine,RNDC
85629,COCO,Low Alcohol Beverage,RNDC
85629,COCO RICO,Wine,RNDC
85629,COCOBON,Wine,RNDC
85629,COL D'ORCIA,Wine,RNDC
85629,COL DE SALICI,Wine,RNDC
85629,COL DI SASSO,Wine,RNDC
85629,COL SOLARE,Wine,RNDC
85629,COLAVITA,Wine,RNDC
85629,COLLABORATION,Wine,RNDC
85629,COLLAGE,Wine,RNDC
85629,COLLAZZI,Wine,RNDC
85629,COLLECTION DES ANGES,Wine,RNDC
85629,COLLECTIVE GOOD,Wine,RNDC
85629,COLLEGIATA,Wine,RNDC
85629,COLLEPINO,Wine,RNDC
85629,COLLINI,Wine,RNDC
85629,COLLUSION,Wine,RNDC
85629,COLOMBINI,Wine,RNDC
85629,COLONY,Wine,RNDC
85629,COLORES DEL SOL,Wine,RNDC
85629,COLOUR VOLANT,Wine,RNDC
85629,COLUMBIA CREST,Wine,RNDC
85629,COMENGE,Wine,RNDC
85629,COMPILATION,Wine,RNDC
85629,COMPLICATED,Wine,RNDC
85629,COMPOSITION,Wine,RNDC
85629,COMTE DE BLIGNAC,Wine,RNDC
85629,COMTE DE LA CHEVALIERE,Wine,RNDC
85629,COMTE DE TASSIN,Wine,RNDC
85629,COMTE LAFOND,Wine,RNDC
85629,CON CARNE,Wine,RNDC
85629,CONCANNON,Wine,RNDC
85629,CONCENTRIC CIRCLES,Wine,RNDC
85629,CONCERTO DI FONTERUTELI,Wine,RNDC
85629,CONCHA Y TORO,Wine,RNDC
85629,CONDADO REAL,Wine,RNDC
85629,CONDE DE TORGAR,Wine,RNDC
85629,CONDE DE VALDEMAR,Wine,RNDC
85629,CONDES DE ALBAREI,Wine,RNDC
85629,CONDESA DE LEGANZA,Wine,RNDC
85629,CONFECTIONER'S WINE,Wine,RNDC
85629,CONFETTI,Wine,RNDC
85629,CONFIDENCES DE PRIEURE LICHINE,Wine,RNDC
85629,CONN CREEK,Wine,RNDC
85629,CONNETABLE TALBOT,Wine,RNDC
85629,CONO SUR,Wine,RNDC
85629,CONTE GUICCIARDINI,Wine,RNDC
85629,CONTEMASSI,Wine,RNDC
85629,CONTESSA ANNALISA,Wine,RNDC
85629,CONTESSA DI CASTIGLIONE,Wine,RNDC
85629,CONTI FORMENTINI,Wine,RNDC
85629,CONTRABAND VINEYARDS,Wine,RNDC
85629,CONTRADA SANTO SPIRITO DI PASSOPISCIARO,Wine,RNDC
85629,COOK'S,Wine,RNDC
85629,COOKOOTHAMA,Wine,RNDC
85629,COOL BREEZE,Wine,RNDC
85629,COOL CAT,Wine,RNDC
85629,COOPER & THIEF CELLARMASTERS,Wine,RNDC
85629,COOPERS CROSSING,Wine,RNDC
85629,COPA DEL REY,Wine,RNDC
85629,COPAIN,Wine,RNDC
85629,COPPER CORKSCREW,Wine,RNDC
85629,COPPER CORNER VINEYARDS,Wine,RNDC
85629,COPPER GROUSE,Wine,RNDC
85629,COPPER SWIFT,Wine,RNDC
85629,COPPO,Wine,RNDC
85629,CORAGGIO,Wine,RNDC
85629,CORAL,Wine,RNDC
85629,CORALIA,Wine,RNDC
85629,CORBETT CANYON,Wine,RNDC
85629,CORDERO,Wine,RNDC
85629,CORDERO DI MONTEZEMOLO,Wine,RNDC
85629,CORDINA,Wine,RNDC
85629,CORIMBO,Wine,RNDC
85629,CORKS AND CONFETTI,Wine,RNDC
85629,CORONATO,Wine,RNDC
85629,CORRALILLO,Wine,RNDC
85629,CORTE GARDONI,Wine,RNDC
85629,CORTE GIARA,Wine,RNDC
85629,CORTONESI,Wine,RNDC
85629,COS D'ESTOURNEL,Wine,RNDC
85629,COSENTINO WINERY,Wine,RNDC
85629,COSME PALACIO,Wine,RNDC
85629,COSTA & PAMPA,Wine,RNDC
85629,COSTELLO VINEYARDS,Wine,RNDC
85629,COTARELLA,Wine,RNDC
85629,COTE MAS,Wine,RNDC
85629,COTES DE FEMME,Wine,RNDC
85629,COUNTRY CLUB OF FAIRFAX,Wine,RNDC
85629,COUNTRY CRUSH FRUIT WINE COMPANY,Wine,RNDC
85629,COURNOBLE,Wine,RNDC
85629,COVALLI,Wine,RNDC
85629,COWGIRL SISTERHOOD,Wine,RNDC
85629,COZY WINE VIBES,Wine,RNDC
85629,COZY WINTER WISHES,Wine,RNDC
85629,"COZY WINTER WISHES, MERRY AND BRIGHT",Wine,RNDC
85629,CR,Wine,RNDC
85629,CR SOUL,Wine,RNDC
85629,CRAFTERS UNION,Wine,RNDC
85629,CRAFTSMEN,Wine,RNDC
85629,CRAGGY RANGE,Wine,RNDC
85629,CRAIGMOOR,Wine,RNDC
85629,CRANDALL BROOKS,Wine,RNDC
85629,CRANE LAKE,Wine,RNDC
85629,CRANSWICK ESTATE,Wine,RNDC
85629,CRAPULA,Wine,RNDC
85629,CRAYFISH COVE,Wine,RNDC
85629,CRAZY ABOUT LOVE,Wine,RNDC
85629,CRAZY FOR LOVE,Wine,RNDC
85629,CREATIVE JUICE,Wine,RNDC
85629,CRIBARI,Wine,RNDC
85629,CRITICAL THINKER,Wine,RNDC
85629,CROCKETT,Wine,RNDC
85629,CROFT,Wine,RNDC
85629,CROIX DE MARSAN,Wine,RNDC
85629,CROOKED PATH,Wine,RNDC
85629,CROSER,Wine,RNDC
85629,CROSSPOINT,Wine,RNDC
85629,CROWDED HOUSE,Wine,RNDC
85629,CROWN POINT,Wine,RNDC
85629,CROWNED BEAST,Wine,RNDC
85629,CRUIN,Wine,RNDC
85629,CRUSH,Wine,RNDC
85629,CRUSHED IT,Wine,RNDC
85629,CRUZ ANDINA,Wine,RNDC
85629,CRYPTIC,Wine,RNDC
85629,CRYSTA,Wine,RNDC
85629,CRYSTAL PEAK,Wine,RNDC
85629,CUARTO DOMINIO,Wine,RNDC
85629,CUCINA MISTA,Wine,RNDC
85629,CUL DE SAC,Wine,RNDC
85629,CULT WINE COMPANY,Wine,RNDC
85629,CUMULUS HIDEAWAY,Wine,RNDC
85629,CUPCAKE,Wine,RNDC
85629,CURIOUS BEAST,Wine,RNDC
85629,CURIOUS TWIST,Wine,RNDC
85629,CURSIVE,Wine,RNDC
85629,CURTIS,Wine,RNDC
85629,CUSUMANO,Wine,RNDC
85629,CUVAGE,Wine,RNDC
85629,CUVAISON,Wine,RNDC
85629,CUVEE,Wine,RNDC
85629,CUVEE A'DAIR,Wine,RNDC
85629,CUVEE BENEDIKT,Wine,RNDC
85629,CUVEE HORTENSE,Wine,RNDC
85629,CUVEE MYTHIQUE,Wine,RNDC
85629,CUVEE SAINTE VIERGE,Wine,RNDC
85629,CUVEE SAUVAGE,Wine,RNDC
85629,CYCLES CLEMENT,Wine,RNDC
85629,CYCLES FALCON,Wine,RNDC
85629,CYPRESS,Wine,RNDC
85629,D H LESCOMBES,Wine,RNDC
85629,D MINOR,Wine,RNDC
85629,D'ARMANVILLE,Wine,RNDC
85629,D'ORSAY,Wine,RNDC
85629,DA VINCI VINEYARDS,Wine,RNDC
85629,DACHSHUND,Wine,RNDC
85629,DACHSHUND BUBBLES,Wine,RNDC
85629,DAD WATER,Low Alcohol Beverage,RNDC
85629,DAGROMIS,Wine,RNDC
85629,DAKEL,Wine,RNDC
85629,DAL FIUME & ALBERICI,Wine,RNDC
85629,DAL FORNO ROMANO,Wine,RNDC
85629,DALKEITH,Wine,RNDC
85629,DALLA VALLE,Wine,RNDC
85629,DALLAS CONTE,Wine,RNDC
85629,DALMAU,Wine,RNDC
85629,DAME DE BOUARD,Wine,RNDC
85629,DAMN GOOD,Wine,RNDC
85629,DANCING HARES VINEYARD,Wine,RNDC
85629,DANCING LIGHTS,Wine,RNDC
85629,DANDELIONE,Wine,RNDC
85629,DANFIELD CREEK,Wine,RNDC
85629,DANICA,Wine,RNDC
85629,DANIEL DUSOLEIL,Wine,RNDC
85629,DANIEL ET GERARD VINET,Wine,RNDC
85629,DANJEAN BERTHOUX,Wine,RNDC
85629,DANNY SEO PHILOSOPHY,Wine,RNDC
85629,DANZANTE,Wine,RNDC
85629,DAOU VINEYARDS,Wine,RNDC
85629,DARCIE KENT VINEYARDS,Wine,RNDC
85629,DAREMORE,Wine,RNDC
85629,DARIOUSH,Wine,RNDC
85629,DARK HARVEST,Wine,RNDC
85629,DASHWOOD,Wine,RNDC
85629,DASSAI,Wine,RNDC
85629,DASSAI BLUE,Wine,RNDC
85629,DAVID BRUCE,Wine,RNDC
85629,DAVID JAMES,Wine,RNDC
85629,DAVIES & GAMBLE,Wine,RNDC
85629,DAVIES VINEYARDS,Wine,RNDC
85629,DAVIOS,Wine,RNDC
85629,DAVIS BYNUM,Wine,RNDC
85629,DAY DREAMER,Wine,RNDC
85629,DE LA COSTA,Wine,RNDC
85629,DE LA CRUZ,Wine,RNDC
85629,DE RESTIA,Wine,RNDC
85629,DEADBOLT,Wine,RNDC
85629,DEAKIN ESTATE,Wine,RNDC
85629,DEALTO AMO,Wine,RNDC
85629,DEALY LANE,Wine,RNDC
85629,DEARLY BELOVED,Wine,RNDC
85629,DECOPAS,Wine,RNDC
85629,DEEP EDDY,Low Alcohol Beverage,RNDC
85629,DEEP PURPLE,Wine,RNDC
85629,DEER VALLEY,Wine,RNDC
85629,DEKREME CUVEE,Wine,RNDC
85629,DEL MAR,Wine,RNDC
85629,DEL MAR WINE SELTZER,Wine,RNDC
85629,DELAFORCE,Wine,RNDC
85629,DELANEY BLUE,Wine,RNDC
85629,DELAS FRERES,Wine,RNDC
85629,DELECTUS,Wine,RNDC
85629,DELICATO FAMILY SELECTION,Wine,RNDC
85629,DELICATO FAMILY VINEYARDS,Wine,RNDC
85629,DELICATO MONTEREY,Wine,RNDC
85629,DELICATO VINEYARDS,Wine,RNDC
85629,DELLA ROBBIA,Wine,RNDC
85629,DELMOTTE,Wine,RNDC
85629,DELTA VINEYARD,Wine,RNDC
85629,DEOR,Wine,RNDC
85629,DEPT 66,Wine,RNDC
85629,DESCENDANCE,Wine,RNDC
85629,DESSILANI,Wine,RNDC
85629,DESTINATION,Wine,RNDC
85629,DESTINATION WINE ADVENT TASTING TOUR,Wine,RNDC
85629,DETAILS,Wine,RNDC
85629,DETAILS BY SIGNEGAL,Wine,RNDC
85629,DEVIL'S MARBLES,Wine,RNDC
85629,DEVIL'S ROCK,Wine,RNDC
85629,DEWEY CRUSH,Low Alcohol Beverage,RNDC
85629,DI LORENZO,Wine,RNDC
85629,DIAMA,Wine,RNDC
85629,DIAMANTE,Wine,RNDC
85629,DIAMOND G,Wine,RNDC
85629,DIAMOND OAKS,Wine,RNDC
85629,DIANA,Wine,RNDC
85629,DIATOM,Wine,RNDC
85629,DICELLO,Wine,RNDC
85629,DICKSON'S MILL,Wine,RNDC
85629,DIME,Wine,RNDC
85629,DINNER WITH FRIENDS,Wine,RNDC
85629,DIORA,Wine,RNDC
85629,DIRECTOR'S,Wine,RNDC
85629,DIRTY BLONDE,Wine,RNDC
85629,DISCOVERIES,Wine,RNDC
85629,DISENO,Wine,RNDC
85629,DISHEVELED TAILOR,Wine,RNDC
85629,DISTANT BAY,Wine,RNDC
85629,DISTRICT 7,Wine,RNDC
85629,DIVERSION,Wine,RNDC
85629,DIVIDED DIVIDED,Wine,RNDC
85629,DIVINE PONDERING,Wine,RNDC
85629,DIXIE FLYER VINEYARDS,Wine,RNDC
85629,DOBBES FAMILY ESTATE,Wine,RNDC
85629,DOG HOUSE,Wine,RNDC
85629,DOLCE,Wine,RNDC
85629,DOLCE SOLE,Wine,RNDC
85629,DOLCEZZA,Wine,RNDC
85629,DOLLY,Wine,RNDC
85629,DOLUM ESTATES,Wine,RNDC
85629,DOM FREITAS,Wine,RNDC
85629,DOM PERIGNON,Wine,RNDC
85629,DOM RUINART,Wine,RNDC
85629,DOMAINE A'DAIR,Wine,RNDC
85629,DOMAINE ALAIN PARET,Wine,RNDC
85629,DOMAINE ALANTE,Wine,RNDC
85629,DOMAINE ANDERSON,Wine,RNDC
85629,DOMAINE ANDRE BRUNEL,Wine,RNDC
85629,DOMAINE ARMAND ROUSSEAU PERE & FILS,Wine,RNDC
85629,DOMAINE BEAU MISTRAL,Wine,RNDC
85629,DOMAINE BERTAGNA,Wine,RNDC
85629,DOMAINE BORIE DE MAUREL,Wine,RNDC
85629,DOMAINE BRETON,Wine,RNDC
85629,DOMAINE BRU-BACHE,Wine,RNDC
85629,DOMAINE CAMBOS,Wine,RNDC
85629,DOMAINE CARMIGNAN,Wine,RNDC
85629,DOMAINE CARNEROS,Wine,RNDC
85629,DOMAINE CAUHAPE,Wine,RNDC
85629,DOMAINE CHANDON,Wine,RNDC
85629,DOMAINE CHARBAY,Wine,RNDC
85629,DOMAINE CHARLES AUDOIN,Wine,RNDC
85629,DOMAINE CHATELAIN,Wine,RNDC
85629,DOMAINE CHEVALIER,Wine,RNDC
85629,DOMAINE CHRISTIAN MOREAU PERE & FILS,Wine,RNDC
85629,DOMAINE CHRISTOPHE PERROT MINOT,Wine,RNDC
85629,DOMAINE COFFINET DUVERNAY,Wine,RNDC
85629,DOMAINE COMTE PERALDI,Wine,RNDC
85629,DOMAINE COTEAU,Wine,RNDC
85629,DOMAINE D'ANTUGNAC,Wine,RNDC
85629,DOMAINE DE BEAURENARD,Wine,RNDC
85629,DOMAINE DE BORDENEUVE,Wine,RNDC
85629,DOMAINE DE BROGLIE,Wine,RNDC
85629,DOMAINE DE CHEVALIER,Wine,RNDC
85629,DOMAINE DE COMPOSTELLE,Wine,RNDC
85629,DOMAINE DE COURTILLET,Wine,RNDC
85629,DOMAINE DE L'ILE,Wine,RNDC
85629,DOMAINE DE LA BECASSONNE,Wine,RNDC
85629,DOMAINE DE LA DEYDIERE,Wine,RNDC
85629,DOMAINE DE LA FERTE,Wine,RNDC
85629,DOMAINE DE LA JALOUSIE,Wine,RNDC
85629,DOMAINE DE LA ROMANEE CONTI,Wine,RNDC
85629,DOMAINE DE LA RONCIERE,Wine,RNDC
85629,DOMAINE DE LA SOLITUDE,Wine,RNDC
85629,DOMAINE DE MARTIALIS,Wine,RNDC
85629,DOMAINE DE MONTRABECH,Wine,RNDC
85629,DOMAINE DE NALYS,Wine,RNDC
85629,DOMAINE DE POUY,Wine,RNDC
85629,DOMAINE DE RICAUD,Wine,RNDC
85629,DOMAINE DE ROSIERS,Wine,RNDC
85629,DOMAINE DE SACY,Wine,RNDC
85629,DOMAINE DE SAINT GUIRONS,Wine,RNDC
85629,DOMAINE DE TAMARY,Wine,RNDC
85629,DOMAINE DE TRIENNES,Wine,RNDC
85629,DOMAINE DENIS MORTET,Wine,RNDC
85629,DOMAINE DES JONQUIERS,Wine,RNDC
85629,DOMAINE DES PERDRIX,Wine,RNDC
85629,DOMAINE DES QUATRE VENTS,Wine,RNDC
85629,DOMAINE DES SAUMADES,Wine,RNDC
85629,DOMAINE DES TOURS,Wine,RNDC
85629,DOMAINE DIOCHON,Wine,RNDC
85629,DOMAINE DU CHATEAU DE PULIGNY MONTRACHET,Wine,RNDC
85629,DOMAINE DU DUC DE MAGENTA,Wine,RNDC
85629,DOMAINE DU MAGE,Wine,RNDC
85629,DOMAINE DU NOZAY,Wine,RNDC
85629,DOMAINE DU PAVILLON MERCUROL,Wine,RNDC
85629,DOMAINE DUJAC,Wine,RNDC
85629,DOMAINE DUPUY DE LOME,Wine,RNDC
85629,DOMAINE ETXEGARAYA,Wine,RNDC
85629,DOMAINE FAIVELEY,Wine,RNDC
85629,DOMAINE FERRET,Wine,RNDC
85629,DOMAINE FRANCOIS MIKULSKI,Wine,RNDC
85629,DOMAINE GEORGES GLANTENAY,Wine,RNDC
85629,DOMAINE GLANTENAY,Wine,RNDC
85629,DOMAINE HENRI BOILLOT,Wine,RNDC
85629,DOMAINE HENRI PERROT MINOT,Wine,RNDC
85629,DOMAINE J A FERRET,Wine,RNDC
85629,DOMAINE JACOURETTE,Wine,RNDC
85629,DOMAINE JACQUES PRIEUR,Wine,RNDC
85629,DOMAINE JEAN JACQUES CONFURON,Wine,RNDC
85629,DOMAINE JOLLY,Wine,RNDC
85629,DOMAINE JOLLY ET FILS,Wine,RNDC
85629,DOMAINE L'OUSTALNAU,Wine,RNDC
85629,DOMAINE LA BOUTINIERE,Wine,RNDC
85629,DOMAINE LA CHEVALIERE,Wine,RNDC
85629,DOMAINE LA ROCHELLE,Wine,RNDC
85629,DOMAINE LA SANGLIERE,Wine,RNDC
85629,DOMAINE LAROCHE,Wine,RNDC
85629,DOMAINE LAROQUE,Wine,RNDC
85629,DOMAINE LAURIER,Wine,RNDC
85629,DOMAINE LE CLOS NOLY,Wine,RNDC
85629,DOMAINE LE FAGOLET,Wine,RNDC
85629,DOMAINE LEFLAIVE,Wine,RNDC
85629,DOMAINE LES COMBES,Wine,RNDC
85629,DOMAINE LES MONTS FOURNOIS,Wine,RNDC
85629,DOMAINE LIGNERES,Wine,RNDC
85629,DOMAINE LUCIEN ALBRECHT,Wine,RNDC
85629,DOMAINE MARQUIS DES PONTHEUX,Wine,RNDC
85629,DOMAINE MICHEL GAY ET FILS,Wine,RNDC
85629,DOMAINE MIQUEL,Wine,RNDC
85629,DOMAINE MONTGONDAL,Wine,RNDC
85629,DOMAINE MOREAU & FILS,Wine,RNDC
85629,DOMAINE MOREY COFFINET,Wine,RNDC
85629,DOMAINE NAPA,Wine,RNDC
85629,DOMAINE PERROT MINOT,Wine,RNDC
85629,DOMAINE PHILIPPE GIRARD,Wine,RNDC
85629,DOMAINE RENE ROSTAING,Wine,RNDC
85629,DOMAINE REVERDY DUCROUX,Wine,RNDC
85629,DOMAINE ROSSIGNOL NICOLAS,Wine,RNDC
85629,DOMAINE ROSTAING,Wine,RNDC
85629,DOMAINE SAINT GREGORY,Wine,RNDC
85629,DOMAINE SAINT LUC,Wine,RNDC
85629,DOMAINE SAINT MARTIN DE LA GARRIGUE,Wine,RNDC
85629,DOMAINE SAINT PREFERT,Wine,RNDC
85629,DOMAINE SERRES MAZARD,Wine,RNDC
85629,DOMAINE ST GEORGE,Wine,RNDC
85629,DOMAINE STE MICHELLE,Wine,RNDC
85629,DOMAINE SUMEIRE,Wine,RNDC
85629,DOMAINE TERLATO & CHAPOUTIER,Wine,RNDC
85629,DOMAINE TOURNON,Wine,RNDC
85629,DOMAINE VERDIER,Wine,RNDC
85629,DOMAINE ZIND HUMBRECHT,Wine,RNDC
85629,DOMAINES LORGERIL,Wine,RNDC
85629,DOMAINES OTT,Wine,RNDC
85629,DOMAINES SCHLUMBERGER,Wine,RNDC
85629,DOMAINTE COMTE PERALDI,Wine,RNDC
85629,DOMECQ,Wine,RNDC
85629,DOMENICA,Wine,RNDC
85629,DOMINANT SEVEN,Wine,RNDC
85629,DOMINI,Wine,RNDC
85629,DOMINIO DEL SOTO,Wine,RNDC
85629,DOMINION WINE CELLARS,Wine,RNDC
85629,DOMINIQUE CORNIN,Wine,RNDC
85629,DOMINO WINE CELLARS,Wine,RNDC
85629,DOMINUS ESTATE,Wine,RNDC
85629,DON & SONS,Wine,RNDC
85629,DON LUCIANO,Wine,RNDC
85629,DON MELCHOR,Wine,RNDC
85629,DON OLEGARIO,Wine,RNDC
85629,DON PASCUAL,Wine,RNDC
85629,DON SIMON,Wine,RNDC
85629,DON VIEJO,Wine,RNDC
85629,DONA PAULA,Wine,RNDC
85629,DONA TERESA VINEYARDS,Wine,RNDC
85629,DONINI,Wine,RNDC
85629,DONNA NOBILE,Wine,RNDC
85629,DONNA OLIMPIA 1898,Wine,RNDC
85629,DONNAFUGATA,Wine,RNDC
85629,DONT BE SHELLFISH,Wine,RNDC
85629,DOODLE,Wine,RNDC
85629,DOPPIO PASSO,Wine,RNDC
85629,DOUBLE DECKER,Wine,RNDC
85629,DOUBLE DIAMOND,Wine,RNDC
85629,DOUDET NAUDIN,Wine,RNDC
85629,DOUGLAS GREEN,Wine,RNDC
85629,DOWN UNDER,Wine,RNDC
85629,DOWNTON ABBEY,Wine,RNDC
85629,DRAMA,Wine,RNDC
85629,DREAM #7,Wine,RNDC
85629,DREAM LIFE,Wine,RNDC
85629,DREAMS,Wine,RNDC
85629,DREAMS OF SUMMER,Wine,RNDC
85629,DROMOS,Wine,RNDC
85629,DROPS OF JUPITER,Wine,RNDC
85629,DRUID HILLS BY ALEXIS GEORGE,Wine,RNDC
85629,DRUID WINES,Wine,RNDC
85629,DRUMHELLER,Wine,RNDC
85629,DRYLANDS,Wine,RNDC
85629,DUBOS,Wine,RNDC
85629,DUCA DI SARAGNANO,Wine,RNDC
85629,DUCA DI VINCENZA,Wine,RNDC
85629,DUCAROSSO,Wine,RNDC
85629,DUCK COMMANDER,Wine,RNDC
85629,DUCK POND,Wine,RNDC
85629,DUELING PISTOLS,Wine,RNDC
85629,DUETTO,Wine,RNDC
85629,DUFF GORDON,Wine,RNDC
85629,DUJAC FILS & PERE,Wine,RNDC
85629,DULUC DE BRANAIRE DUCRU,Wine,RNDC
85629,DUMOL,Wine,RNDC
85629,DUMOL WINE COMPANY,Wine,RNDC
85629,DUNNEWOOD,Wine,RNDC
85629,DUO,Wine,RNDC
85629,DUO MYTHIQUE,Wine,RNDC
85629,DUPARC,Wine,RNDC
85629,DUTTON GOLDFIELD,Wine,RNDC
85629,DXG,Wine,RNDC
85629,DYNASTY,Wine,RNDC
85629,EARTH WISE,Wine,RNDC
85629,EARTHGROWN,Wine,RNDC
85629,EARTHQUAKE,Wine,RNDC
85629,EASY GOING,Wine,RNDC
85629,EBEIA,Wine,RNDC
85629,ECHO BAY,Wine,RNDC
85629,ECHO FALLS,Wine,RNDC
85629,ECLAT DE SAUVIGNON,Wine,RNDC
85629,ECO BALANCE,Wine,RNDC
85629,EDDIE,Wine,RNDC
85629,EDDIE MERLOT'S,Wine,RNDC
85629,EDMEADES VINEYARDS,Wine,RNDC
85629,EGON MULLER ZU SCHARZHOF,Wine,RNDC
85629,EGRI BIKAVER,Wine,RNDC
85629,EIGHT SIDES,Wine,RNDC
85629,EIKO FUJI,Wine,RNDC
85629,EL CAMPEON,Wine,RNDC
85629,EL DOMADOR DEL VALLE,Wine,RNDC
85629,EL NAVEGANTE,Wine,RNDC
85629,EL NIDO,Wine,RNDC
85629,EL PINO CLUB,Wine,RNDC
85629,EL PORTILLO,Wine,RNDC
85629,EL PRINCIPE DELAGUARDIA,Wine,RNDC
85629,EL TERRANO,Wine,RNDC
85629,EL TRACTOR,Wine,RNDC
85629,ELECTRIC REINDEER,Wine,RNDC
85629,ELECTRIC SKY,Wine,RNDC
85629,ELEMENT AL WINES,Wine,RNDC
85629,ELENA WALCH,Wine,RNDC
85629,ELIJAH BY MANISCHEWITZ,Wine,RNDC
85629,ELIOS,Wine,RNDC
85629,ELODIAN,Wine,RNDC
85629,ELVIO COGNO,Wine,RNDC
85629,ELVIS PRESLEY WINE CELLARS,Wine,RNDC
85629,EMBLEM,Wine,RNDC
85629,EMBROIDERY,Wine,RNDC
85629,EMERALD VALLEY VINEYARDS,Wine,RNDC
85629,EMERGENCE,Wine,RNDC
85629,EMERITUS VINEYARDS,Wine,RNDC
85629,EMILE CHEYSSON,Wine,RNDC
85629,EMOTION,Wine,RNDC
85629,EMU WINE COMPANY,Wine,RNDC
85629,ENCYCLOPEDIA,Wine,RNDC
85629,ENDLESS JOY,Wine,RNDC
85629,ENDROIT,Wine,RNDC
85629,ENJOY THE SNOW,Wine,RNDC
85629,ENRIQUE FOSTER,Wine,RNDC
85629,ENROUTE,Wine,RNDC
85629,ENTRE NOUS,Wine,RNDC
85629,EOLO,Wine,RNDC
85629,EOS,Wine,RNDC
85629,EOS ESTATE,Wine,RNDC
85629,EPICURIOUS,Wine,RNDC
85629,EPISODE,Wine,RNDC
85629,EQ,Wine,RNDC
85629,EQUIFERA,Wine,RNDC
85629,EQUUS,Wine,RNDC
85629,ERASMO,Wine,RNDC
85629,ERATH,Wine,RNDC
85629,ERICH RUSSELL,Wine,RNDC
85629,ERIKSON & CARADIN,Wine,RNDC
85629,ERNIE ELS,Wine,RNDC
85629,EROICA,Wine,RNDC
85629,ERSOL,Wine,RNDC
85629,ESCARPMENT,Wine,RNDC
85629,ESPERTO,Wine,RNDC
85629,ESPRIT DE SAINT SULPICE,Wine,RNDC
85629,ESPRIT LEFLAIVE,Wine,RNDC
85629,ESTANCIA,Wine,RNDC
85629,ESTATE CELLARS,Wine,RNDC
85629,ESTATE CELLARS BY INGLENOOK,Wine,RNDC
85629,ESTATE OF THE ART,Wine,RNDC
85629,ESTATE RAFFAELE,Wine,RNDC
85629,ESTE,Wine,RNDC
85629,ESTEIO,Wine,RNDC
85629,ESTIVAL,Wine,RNDC
85629,ESTO ES,Wine,RNDC
85629,ETENIA,Wine,RNDC
85629,ETERNALLY SILENCED,Wine,RNDC
85629,ETHEREO,Wine,RNDC
85629,ETIM,Wine,RNDC
85629,ETNEIDE,Wine,RNDC
85629,ETOILE,Wine,RNDC
85629,EUFLORIA,Wine,RNDC
85629,EVEN STEVEN,Wine,RNDC
85629,EVENT HORIZON,Wine,RNDC
85629,EVERCLEAR SPIRIT BASE,Low Alcohol Beverage,RNDC
85629,EVERCLEAR WINE BASE,Wine,RNDC
85629,EVERY SUMMER IS A NEW STORY,Wine,RNDC
85629,EVOLUTION,Wine,RNDC
85629,EVVAI,Wine,RNDC
85629,EX POST FACTO,Wine,RNDC
85629,EXCELLENT SELECTION,Wine,RNDC
85629,EXOTTLE,Wine,RNDC
85629,EXP,Wine,RNDC
85629,EXPONENTIAL,Wine,RNDC
85629,EY,Wine,RNDC
85629,EYE CHART WINES,Wine,RNDC
85629,FA LA LA LA,Wine,RNDC
85629,FABLE RIDGE,Wine,RNDC
85629,FABLE ROOTS,Wine,RNDC
85629,FACADE,Wine,RNDC
85629,FACHERO,Wine,RNDC
85629,FAIRVALLEY,Wine,RNDC
85629,FAIVELEY,Wine,RNDC
85629,FALCHINI,Wine,RNDC
85629,FALCONE,Wine,RNDC
85629,FALESCO,Wine,RNDC
85629,FALLETTO DI BRUNO GIACOSA,Wine,RNDC
85629,FALLS STREET,Wine,RNDC
85629,FAMIGLIA RIVETTI,Wine,RNDC
85629,FAMILIA CARA,Wine,RNDC
85629,FAMILLE BONVERRE,Wine,RNDC
85629,FAMILLE BOUEY,Wine,RNDC
85629,FAMILLE COULON,Wine,RNDC
85629,FAMILLE JOLY,Wine,RNDC
85629,FAMILLE NATTER,Wine,RNDC
85629,FAMILLE THOMAS,Wine,RNDC
85629,FAMILLE VINCENT,Wine,RNDC
85629,FANCY FLOCK,Wine,RNDC
85629,FANCY PANTS,Wine,RNDC
85629,FANTESCA ESTATE & WINERY,Wine,RNDC
85629,FAR MOUNTAIN,Wine,RNDC
85629,FAR NIENTE,Wine,RNDC
85629,FARALLON,Wine,RNDC
85629,FARE FIASCO,Wine,RNDC
85629,FARM & FARE,Wine,RNDC
85629,FARM FRESH WINE COMPANY,Wine,RNDC
85629,FARM NAPA VALLEY,Wine,RNDC
85629,FARM TO TABLE,Wine,RNDC
85629,FARMER'S MARKET WINE CO,Wine,RNDC
85629,FARMERS OF WINE,Wine,RNDC
85629,FARRIER,Wine,RNDC
85629,FAT CAT CELLARS,Wine,RNDC
85629,FAT MONK,Wine,RNDC
85629,FATTORIA ALDOBRANDESCA,Wine,RNDC
85629,FATTORIA DI GRIGNANO,Wine,RNDC
85629,FATTORIA DI VALIANO,Wine,RNDC
85629,FATTORIA LE PUPILLE,Wine,RNDC
85629,FATTORIA LE SORGENTI,Wine,RNDC
85629,FATTORIA SAN LEONINO,Wine,RNDC
85629,FATTORIA SARDI,Wine,RNDC
85629,FATTORIE MELINI,Wine,RNDC
85629,FAUST,Wine,RNDC
85629,FAUSTINO RIVERO ULECIA,Wine,RNDC
85629,FAUVIST,Wine,RNDC
85629,FEEL THE VIBE,Wine,RNDC
85629,FELINES,Wine,RNDC
85629,FELTON ROAD,Wine,RNDC
85629,FERAUD BRUNEL,Wine,RNDC
85629,FERN HILL ESTATE,Wine,RNDC
85629,FERNAND PILLOT,Wine,RNDC
85629,FERNLEAF,Wine,RNDC
85629,FERRARI,Wine,RNDC
85629,FERREIRA,Wine,RNDC
85629,FERRUCCIO SGUBIN,Wine,RNDC
85629,FESTIVAL 34,Wine,RNDC
85629,FESTIVAL OF FROLICS,Wine,RNDC
85629,FESTIVAL OF LIGHTS,Wine,RNDC
85629,FESTIVE CELEBRATION,Wine,RNDC
85629,FESTIVE FLUTES,Wine,RNDC
85629,FESTIVE FUN,Wine,RNDC
85629,FETE DES FLEURS,Wine,RNDC
85629,FEUDI DI SAN GREGORIO,Wine,RNDC
85629,FEUDO ARANCIO,Wine,RNDC
85629,FEUDO MACCARI,Wine,RNDC
85629,FEUDO MONACI,Wine,RNDC
85629,FEUDO MONTONI,Wine,RNDC
85629,FEUDO SARTANNA,Wine,RNDC
85629,FEUDO ZIRTARI,Wine,RNDC
85629,FEVRE FEVRE,Wine,RNDC
85629,FICKLIN VINEYARDS,Wine,RNDC
85629,FIDELITY,Wine,RNDC
85629,FIELD & FARM,Wine,RNDC
85629,FIELD THEORY,Wine,RNDC
85629,FIESTA CASA CANTINA,Wine,RNDC
85629,FIFTY SHADES OF GREY,Wine,RNDC
85629,FIGLIO DI VITO,Wine,RNDC
85629,FILI,Wine,RNDC
85629,FILLABOA,Wine,RNDC
85629,FINCA DE ZALAMENA,Wine,RNDC
85629,FINCA FLICHMAN,Wine,RNDC
85629,FINCA LA LINDA,Wine,RNDC
85629,FINCA LA MONTESA,Wine,RNDC
85629,FINCA LOS NOBLES,Wine,RNDC
85629,FINCA N,Wine,RNDC
85629,FINCA NUEVA,Wine,RNDC
85629,FINCA PERDRIEL,Wine,RNDC
85629,FINKE'S,Wine,RNDC
85629,FIO A FIO,Wine,RNDC
85629,FIREHOSE,Wine,RNDC
85629,FIRESIDE ROASTING & TOASTING,Wine,RNDC
85629,FIRESTEED,Wine,RNDC
85629,FIRESTONE VINEYARD,Wine,RNDC
85629,FIRST PRESS WINE CELLARS,Wine,RNDC
85629,FIRSTLAND VINEYARDS,Wine,RNDC
85629,FISH HOEK,Wine,RNDC
85629,FISHER VINEYARDS,Wine,RNDC
85629,FISHEYE,Wine,RNDC
85629,FIVE FRIENDS,Wine,RNDC
85629,FIVE RIVERS,Wine,RNDC
85629,FIVEWISE,Wine,RNDC
85629,FIZZ & FANCY,Wine,RNDC
85629,FIZZ 56,Wine,RNDC
85629,FIZZENZA,Wine,RNDC
85629,FLAME LILY,Wine,RNDC
85629,FLAVORBOMB,Wine,RNDC
85629,FLEUR DE ROC,Wine,RNDC
85629,FLEUR DU CAP,Wine,RNDC
85629,FLEW THE COUP,Wine,RNDC
85629,FLIGHT OF THE CONDOR,Wine,RNDC
85629,FLINT & STEEL,Wine,RNDC
85629,FLIPFLOP,Wine,RNDC
85629,FLO WINE,Wine,RNDC
85629,FLOCK,Wine,RNDC
85629,FLOCKING FANTASTIC,Wine,RNDC
85629,FLOR DE CAMPO,Wine,RNDC
85629,FLOR DE GODA,Wine,RNDC
85629,FLORAL PETAL,Wine,RNDC
85629,FLORAL PETALS,Wine,RNDC
85629,FLORES DE VERAO,Wine,RNDC
85629,FLORIO,Wine,RNDC
85629,FLORIOGRAPHY,Wine,RNDC
85629,FLOURISHES,Wine,RNDC
85629,FLOWER MOON,Wine,RNDC
85629,FLOWERS,Wine,RNDC
85629,FLUKE,Wine,RNDC
85629,FLUTTER,Wine,RNDC
85629,FLY BY,Wine,RNDC
85629,FLYING TOMATO,Wine,RNDC
85629,FOG & LIGHT,Wine,RNDC
85629,FOG HEAD,Wine,RNDC
85629,FOG THEORY,Wine,RNDC
85629,FOGDOG,Wine,RNDC
85629,FOLATRE,Wine,RNDC
85629,FOLEY ESTATES VINEYARD & WINERY,Wine,RNDC
85629,FOLEY JOHNSON,Wine,RNDC
85629,FOLIE A DEUX,Wine,RNDC
85629,FOLIE EN PROVENCE,Wine,RNDC
85629,FOLIO WINEMAKERS STUDIO THE MICHAEL MONDAVIE FAMILY,Wine,RNDC
85629,FOLK & FABLE,Wine,RNDC
85629,FOLLOW THE WIND,Wine,RNDC
85629,FOLLY OF THE BEAST,Wine,RNDC
85629,FOLONARI,Wine,RNDC
85629,FONSECA GUIMARAENS,Wine,RNDC
85629,FONTAN DE FALLIERES,Wine,RNDC
85629,FONTANA CANDIDA,Wine,RNDC
85629,FONTANAFREDDA,Wine,RNDC
85629,FONTE ALLA SELVA,Wine,RNDC
85629,FONTERUTOLI,Wine,RNDC
85629,FOOLISH OAK,Wine,RNDC
85629,FOPPIANO VINEYARDS,Wine,RNDC
85629,FOR BETTER OR WORSE,Wine,RNDC
85629,FOREFATHERS,Wine,RNDC
85629,FOREST GLEN,Wine,RNDC
85629,FOREST SENTINEL,Wine,RNDC
85629,FOREST VILLE,Wine,RNDC
85629,FOREVER YOUNG,Wine,RNDC
85629,FORMENTINI,Wine,RNDC
85629,FORMOSA,Wine,RNDC
85629,FORO,Wine,RNDC
85629,FORREST,Wine,RNDC
85629,FORSYTHE VINEYARDS,Wine,RNDC
85629,FORTIUS,Wine,RNDC
85629,FORTRESS,Wine,RNDC
85629,FORTY SIX DIAMONDS,Wine,RNDC
85629,FORTY-SIX DIAMONDS,Wine,RNDC
85629,FORWARD KIDD,Wine,RNDC
85629,FOSS MARAI,Wine,RNDC
85629,FOUNTAIN GROVE,Wine,RNDC
85629,FOUR CORNERS WINES,Wine,RNDC
85629,FOUR EMUS,Wine,RNDC
85629,FOUR SPOT,Wine,RNDC
85629,FOUR VINES,Wine,RNDC
85629,FOUR VIRTUES,Wine,RNDC
85629,FOURGREEN WINE COMPANY,Wine,RNDC
85629,FOURTH LEAF,Wine,RNDC
85629,FOWLES WINE,Wine,RNDC
85629,FOX BROOK,Wine,RNDC
85629,FOXHORN VINEYARDS,Wine,RNDC
85629,FOXMOOR VINEYARDS,Wine,RNDC
85629,FOXRIDGE,Wine,RNDC
85629,FRA GUERAU,Wine,RNDC
85629,FRACTAL,Wine,RNDC
85629,FRAGILE,Wine,RNDC
85629,FRANCIS COPPOLA,Wine,RNDC
85629,FRANCIS COPPOLA DIAMOND COLLECTION,Wine,RNDC
85629,FRANCIS COPPOLA PRESENTS,Wine,RNDC
85629,FRANCIS COPPOLA RESERVE,Wine,RNDC
85629,FRANCIS FORD COPPOLA DIRECTOR'S CUT,Wine,RNDC
85629,FRANCIS FORD COPPOLA PRESENTS,Wine,RNDC
85629,FRANCIS FORD COPPOLA VENDETTA,Wine,RNDC
85629,FRANCIS FORD COPPOLA WINERY,Wine,RNDC
85629,FRANCISCAN,Wine,RNDC
85629,FRANCISCAN OAKVILLE ESTATE,Wine,RNDC
85629,FRANCO BIONDI SANTI,Wine,RNDC
85629,FRANCOIS GAY,Wine,RNDC
85629,FRANCOIS MIKULSKI,Wine,RNDC
85629,FRANZ ANTON,Wine,RNDC
85629,FRANZ KELLER,Wine,RNDC
85629,FRANZIA,Wine,RNDC
85629,FREEMARK ABBEY,Wine,RNDC
85629,FREESEEKER,Wine,RNDC
85629,FREESTONE,Wine,RNDC
85629,FREESTYLING,Wine,RNDC
85629,FREIXENET,Wine,RNDC
85629,FRENCH BLUE,Wine,RNDC
85629,FRENCH MAID,Wine,RNDC
85629,FRENZY,Wine,RNDC
85629,FRESCA FRIZZANTE,Wine,RNDC
85629,FRESCO,Wine,RNDC
85629,FRESCOBALDI,Wine,RNDC
85629,FRESH CRAFT,Wine,RNDC
85629,FRESH VINE,Wine,RNDC
85629,FRIEDRICH WILHELM GYMNASIUM,Wine,RNDC
85629,FRIGHT NIGHT CELLARS,Wine,RNDC
85629,FRINGE COLLECTIVE,Wine,RNDC
85629,FRIZECCO,Wine,RNDC
85629,FROM OUR GNOME TO YOURS,Wine,RNDC
85629,FROM THE FARM,Wine,RNDC
85629,FROM US,Wine,RNDC
85629,FRONTERA,Wine,RNDC
85629,FRUIT & FLOWER,Wine,RNDC
85629,FRUITASIA,Wine,RNDC
85629,FRUITPRINT,Wine,RNDC
85629,FRUNZA,Wine,RNDC
85629,FRUSION WINE COMPANY,Wine,RNDC
85629,FRUTTUOSA,Wine,RNDC
85629,FRUZZO,Wine,RNDC
85629,FU KI,Wine,RNDC
85629,FUBAR,Wine,RNDC
85629,FUCHSIA,Wine,RNDC
85629,FUEL BY FRANZIA,Wine,RNDC
85629,FUKU CHITOSE,Wine,RNDC
85629,FUKUCHO,Wine,RNDC
85629,FULL CIRCLE CA,Wine,RNDC
85629,FUN WINE,Wine,RNDC
85629,FUSEE,Wine,RNDC
85629,FYI,Wine,RNDC
85629,G & D,Wine,RNDC
85629,G H MUMM & CIE,Wine,RNDC
85629,GA ROSSI DI MEDELANA,Wine,RNDC
85629,GACHA,Wine,RNDC
85629,GADERIAN WINE,Wine,RNDC
85629,GAGA,Wine,RNDC
85629,GAJA,Wine,RNDC
85629,GALCIBAR,Wine,RNDC
85629,GALERIE,Wine,RNDC
85629,GALLERIE,Wine,RNDC
85629,GAMBLER'S GHOST,Wine,RNDC
85629,GAME OF THRONES,Wine,RNDC
85629,GAMEDAY,Low Alcohol Beverage,RNDC
85629,GAMELA,Wine,RNDC
85629,GANCIA,Wine,RNDC
85629,GARDET,Wine,RNDC
85629,GARNET,Wine,RNDC
85629,GARY FARRELL,Wine,RNDC
85629,GASLIGHTER,Wine,RNDC
85629,GATHER & GRACE,Wine,RNDC
85629,GAZE,Wine,RNDC
85629,GEARBOX,Wine,RNDC
85629,GEAUX VINEYARDS,Wine,RNDC
85629,GEHRICKE,Wine,RNDC
85629,GEMTREE,Wine,RNDC
85629,GEN 5,Wine,RNDC
85629,GENAGRICOLA,Wine,RNDC
85629,GEOMETRIC TREES,Wine,RNDC
85629,GEORGE WASHINGTON VANDERBILT,Wine,RNDC
85629,"GET JOLLY, BY GOLLY",Wine,RNDC
85629,GIA COPPOLA,Wine,RNDC
85629,GIACOSA FRATELLI,Wine,RNDC
85629,GIANT STEPS,Wine,RNDC
85629,GIARRUSSO FAMILY WINERY,Wine,RNDC
85629,GIESEN,Wine,RNDC
85629,GIESEN WINE ESTATE,Wine,RNDC
85629,GIFFT,Wine,RNDC
85629,GIGI ROSSO,Wine,RNDC
85629,GILDED RIDGE,Wine,RNDC
85629,GILIA,Wine,RNDC
85629,GIOL,Wine,RNDC
85629,GIORDANO,Wine,RNDC
85629,GIORGIO & GIANNI,Wine,RNDC
85629,GIOTTOS,Wine,RNDC
85629,GIOVANNA TANTINI,Wine,RNDC
85629,GIOVANNI ROSSO,Wine,RNDC
85629,GIRARD,Wine,RNDC
85629,GIRL & DRAGON,Wine,RNDC
85629,GISCOURS,Wine,RNDC
85629,GIULIANA,Wine,RNDC
85629,GLAMOUR,Wine,RNDC
85629,GLASS MOUNTAIN,Wine,RNDC
85629,GLASS MOUNTAIN QUARRY,Wine,RNDC
85629,GLASSPORT,Wine,RNDC
85629,GLAZEBROOK,Wine,RNDC
85629,GLEN ELLEN,Wine,RNDC
85629,GLITCH,Wine,RNDC
85629,GLITTERING GOLD,Wine,RNDC
85629,GLORIA FERRER,Wine,RNDC
85629,GLORIOSO,Wine,RNDC
85629,GLOWING DAY,Wine,RNDC
85629,GLUTTONY,Wine,RNDC
85629,GNARLY HEAD,Wine,RNDC
85629,GNAUGHTY VINES WINE CELLARS,Wine,RNDC
85629,GNOME AND GARDEN,Wine,RNDC
85629,GNOME FOR THE HOLIDAYS,Wine,RNDC
85629,GNOME IS WHERE THE HEART IS,Wine,RNDC
85629,GNOME ON THE RANGE,Wine,RNDC
85629,GODWIN,Wine,RNDC
85629,GOLD SEAL,Wine,RNDC
85629,GOLDEN BEAR,Wine,RNDC
85629,GOLDEN EVENING,Wine,RNDC
85629,GOLDEN GATE VINTNERS,Wine,RNDC
85629,GOLDEN GLASS WINE,Wine,RNDC
85629,GOLDEN HOOK,Wine,RNDC
85629,GOLDEN MARGARITA,Wine,RNDC
85629,GOLDEN TOMORROW,Wine,RNDC
85629,GOLDEN WEST,Wine,RNDC
85629,GOLDFEATHER,Wine,RNDC
85629,GOLDSCHMIDT VINEYARDS,Wine,RNDC
85629,GONFRIER FRERES,Wine,RNDC
85629,GOOD DAUGHTER,Wine,RNDC
85629,GOOD TIMES GOOD CHEER,Wine,RNDC
85629,GOOSEBUMP,Wine,RNDC
85629,GOOSENECK VINEYARDS,Wine,RNDC
85629,GORETTI,Wine,RNDC
85629,GORGONA,Wine,RNDC
85629,GOSLINGS,Low Alcohol Beverage,RNDC
85629,GOSSET,Wine,RNDC
85629,GOTA DE ARENA,Wine,RNDC
85629,GOTHAM,Wine,RNDC
85629,GOTT,Wine,RNDC
85629,GOULAINE,Wine,RNDC
85629,GOUNDREY,Wine,RNDC
85629,GOZENSHU,Wine,RNDC
85629,GRACA DA PEDRA,Wine,RNDC
85629,GRACE LANE,Wine,RNDC
85629,GRAFFITO,Wine,RNDC
85629,GRAN CHEF,Wine,RNDC
85629,GRAN CORONAS,Wine,RNDC
85629,GRAN ISLA,Wine,RNDC
85629,GRAN MORAINE,Wine,RNDC
85629,GRAN SELLO,Wine,RNDC
85629,GRAN VIA 90,Wine,RNDC
85629,GRAN VINO SANSON,Wine,RNDC
85629,GRAND CHATEAU,Wine,RNDC
85629,GRAND JARDIN,Wine,RNDC
85629,GRAND NEZ,Wine,RNDC
85629,GRAND VIN DE REIGNAC,Wine,RNDC
85629,GRANDE PROVENCE,Wine,RNDC
85629,GRANDEUR,Wine,RNDC
85629,GRANS MURALLES,Wine,RNDC
85629,GRANT BURGE,Wine,RNDC
85629,GRAPE & VINE WINE COMPANY,Wine,RNDC
85629,GRAPE AND GRAIN IMPORTS,Wine,RNDC
85629,GRAPE THERAPY,Wine,RNDC
85629,GRAPE WAGON,Wine,RNDC
85629,GRAPES SQUARED,Wine,RNDC
85629,GRATIEN & MEYER,Wine,RNDC
85629,GRATON CELLARS,Wine,RNDC
85629,GRAY FOX VINEYARDS,Wine,RNDC
85629,GRAYMORE,Wine,RNDC
85629,GRAZIE MILLE,Wine,RNDC
85629,GRAZIOSI,Wine,RNDC
85629,GREAT WESTERN,Wine,RNDC
85629,GREEN LIP,Wine,RNDC
85629,GREEN POINT,Wine,RNDC
85629,GREEN TRUCK,Wine,RNDC
85629,GREYSTONE CELLARS,Wine,RNDC
85629,GRIZZLY FLAT,Wine,RNDC
85629,GROMIS,Wine,RNDC
85629,GROUNDED,Wine,RNDC
85629,GROUNDSWELL VINEYARDS,Wine,RNDC
85629,GROVE MILL,Wine,RNDC
85629,GUARDA RIOS,Wine,RNDC
85629,GUARITO,Low Alcohol Beverage,RNDC
85629,GUAYABITA DEL PINAR,Low Alcohol Beverage,RNDC
85629,GUAYABITA DEL PINAR & TUKOLA,Low Alcohol Beverage,RNDC
85629,GUENOC,Wine,RNDC
85629,GUILLAUME GONNET,Wine,RNDC
85629,GUILLEMARD CLERC,Wine,RNDC
85629,GUINIGI,Wine,RNDC
85629,GUNBUN,Wine,RNDC
85629,GUNDLACH BUNDSCHU,Wine,RNDC
85629,GUY BRETON,Wine,RNDC
85629,H3,Wine,RNDC
85629,HACHINOHE,Wine,RNDC
85629,HACIENDA DE ARINZANO,Wine,RNDC
85629,HAHN,Wine,RNDC
85629,HAHN WINERY,Wine,RNDC
85629,HAKKAISAN,Wine,RNDC
85629,HAKUSAN,Wine,RNDC
85629,HALL,Wine,RNDC
85629,HALTER RANCH,Wine,RNDC
85629,HAND,Wine,RNDC
85629,HANDCRAFT ARTISAN COLLECTION,Wine,RNDC
85629,HANDS OF TIME,Wine,RNDC
85629,HANDSOME DEVIL,Wine,RNDC
85629,HANG LOOSE,Wine,RNDC
85629,HANGTIME,Wine,RNDC
85629,HANNA,Wine,RNDC
85629,"HAPPY HANUKKAH, 8 NIGHTS",Wine,RNDC
85629,HAPPY HARVEST,Wine,RNDC
85629,HAPPY HAUNTING,Wine,RNDC
85629,HAPPY HOUR,Wine,RNDC
85629,HAPPY MOMMY,Wine,RNDC
85629,"HAPPY NEW YEAR, CELEBRATE TOGETHER",Wine,RNDC
85629,"HAPPY NEW YEAR,FRESH START",Wine,RNDC
85629,HAPPY PLACE,Wine,RNDC
85629,HAPPY VALENTINE'S DAY,Wine,RNDC
85629,HARAS,Wine,RNDC
85629,HARASZTHY FAMILY CELLARS,Wine,RNDC
85629,HARDYS,Wine,RNDC
85629,HARE TODAY GONE TOMORROW,Wine,RNDC
85629,HARLOW RIDGE,Wine,RNDC
85629,HARMONY AND SOUL,Wine,RNDC
85629,HARMONY AND SOUL AMERICAN,Wine,RNDC
85629,HARRISON,Wine,RNDC
85629,HARTFORD,Wine,RNDC
85629,HARTFORD COURT,Wine,RNDC
85629,HARTHILL FARMS,Wine,RNDC
85629,HARVEST SUN,Wine,RNDC
85629,HARVEYS,Wine,RNDC
85629,HASHTAG #,Wine,RNDC
85629,HATCH,Wine,RNDC
85629,HATCH GREEN CHILE WINE,Wine,RNDC
85629,HATTYUS TOKAJI,Wine,RNDC
85629,HAUTE RED,Wine,RNDC
85629,HAVE YOU SEEN MY CAT,Wine,RNDC
85629,HAWK CREST,Wine,RNDC
85629,HAWX RIVER VINEYARDS,Wine,RNDC
85629,HAYES RANCH,Wine,RNDC
85629,HAYNES VINEYARD,Wine,RNDC
85629,HAYWOOD WINERY,Wine,RNDC
85629,HDV,Wine,RNDC
85629,HEAD TO HEAD,Wine,RNDC
85629,HEADTURNER,Wine,RNDC
85629,HEARTACHE,Wine,RNDC
85629,HEARTSWOOD,Wine,RNDC
85629,HEAVEN ON EARTH,Wine,RNDC
85629,HEAVEN SAKE,Wine,RNDC
85629,HEAVYWEIGHT,Wine,RNDC
85629,HEIRBLOOM,Wine,RNDC
85629,HEITZ CELLAR,Wine,RNDC
85629,HEITZ WINE CELLARS,Wine,RNDC
85629,HELFRICH,Wine,RNDC
85629,HENKELL,Wine,RNDC
85629,HENRI ABELE,Wine,RNDC
85629,HENRI BOILLOT,Wine,RNDC
85629,HENRI DARNAT,Wine,RNDC
85629,HENRI GAILLARD,Wine,RNDC
85629,HENRI MARCHANT,Wine,RNDC
85629,HENRI PERRUSSET,Wine,RNDC
85629,HENRI VERNIER,Wine,RNDC
85629,HENRY DE VEZELAY,Wine,RNDC
85629,HENRY PERRUSSET,Wine,RNDC
85629,HERDING CATS,Wine,RNDC
85629,HERE BY CHANCE,Wine,RNDC
85629,HERE KITTY KITTY,Wine,RNDC
85629,HERITAGE DE LA COUSPAUDE,Wine,RNDC
85629,HERITAGE DE LE BOSCQ,Wine,RNDC
85629,HERITAGE VILLAGE CELLARS,Wine,RNDC
85629,HERITAGE VINEYARDS,Wine,RNDC
85629,HERITANCE,Wine,RNDC
85629,HERON,Wine,RNDC
85629,HEROS,Wine,RNDC
85629,HERRI MINA,Wine,RNDC
85629,HERZOG VON NASSAU,Wine,RNDC
85629,HESS,Wine,RNDC
85629,HESS COLLECTION,Wine,RNDC
85629,HI JINX,Wine,RNDC
85629,HIBERNATE WITH ME,Wine,RNDC
85629,HIBISCUS BREEZE,Wine,RNDC
85629,HICKINBOTHAM,Wine,RNDC
85629,HIDDEN CRUSH,Wine,RNDC
85629,HIDDEN HOLLOW,Wine,RNDC
85629,HIDDEN JEWEL COLLECTION,Wine,RNDC
85629,HIDDEN VINES,Wine,RNDC
85629,HIDEAWAY CREEK,Wine,RNDC
85629,HIGH HEAVEN VINTNERS,Wine,RNDC
85629,HIGH NOON,Low Alcohol Beverage,RNDC
85629,HIGH NOON SUN SIPS,Wine,RNDC
85629,HIGH TABLE,Wine,RNDC
85629,HIGHLANDS FORTY ONE,Wine,RNDC
85629,HILL & BLADE,Wine,RNDC
85629,HIMMELSTIEGE,Wine,RNDC
85629,HIPPOLYTE REVERDY,Wine,RNDC
85629,HIPSTER HAYDEN,Wine,RNDC
85629,HIVE & HONEY,Wine,RNDC
85629,HOFFMAN GROVE,Wine,RNDC
85629,HOGWASH,Wine,RNDC
85629,HOLA AMIGO,Wine,RNDC
85629,HOLIDAY MAGIC WINE ADVENT,Wine,RNDC
85629,HOLIDAY SPARKLE,Wine,RNDC
85629,HOLIDAY SWEATER WINE COLLECTION,Wine,RNDC
85629,HOLIDAY TRADITIONS,Wine,RNDC
85629,HOLIDAY VACATION,Wine,RNDC
85629,HOLLY AND JOLLY,Wine,RNDC
85629,HOLLY JOLLY,Wine,RNDC
85629,HOLLY NOG,Wine,RNDC
85629,HOLY GHOST,Wine,RNDC
85629,HONDA SHOTEN,Wine,RNDC
85629,HONORO VERA,Wine,RNDC
85629,HOPE TREE,Wine,RNDC
85629,HOPES END,Wine,RNDC
85629,HORIZON DE LALONDE,Wine,RNDC
85629,HORIZON DE LYNCH,Wine,RNDC
85629,HORNITOS,Low Alcohol Beverage,RNDC
85629,HORSE PLAY,Wine,RNDC
85629,HORSEPLAY,Wine,RNDC
85629,HORTON VINEYARDS,Wine,RNDC
85629,HOTEL STARLINO,Wine,RNDC
85629,HOU HOU SHU,Wine,RNDC
85629,HOUGHTON,Wine,RNDC
85629,HOUSE OF THE DRAGON,Wine,RNDC
85629,HRM REX GOLIATH,Wine,RNDC
85629,HUGEL ET FILS,Wine,RNDC
85629,HUMBLE PIE,Wine,RNDC
85629,HUNNI SOJU,Low Alcohol Beverage,RNDC
85629,HUNT MCKAY,Wine,RNDC
85629,HUNTER ASHBY,Wine,RNDC
85629,HUNTER PARK,Wine,RNDC
85629,HUNTERDON,Wine,RNDC
85629,HUNTINGTON,Wine,RNDC
85629,HWY 1,Wine,RNDC
85629,I HEART,Wine,RNDC
85629,I LOVE YOU,Wine,RNDC
85629,I MILLE,Wine,RNDC
85629,I SALTARI,Wine,RNDC
85629,I'M,Wine,RNDC
85629,IACOPO BIONDI SANTI,Wine,RNDC
85629,IBZA KARABUNAR,Wine,RNDC
85629,ICONOCLAST,Wine,RNDC
85629,IDDA,Wine,RNDC
85629,IDUS,Wine,RNDC
85629,IGNATUS,Wine,RNDC
85629,IL CONTE 1917,Wine,RNDC
85629,IL DONATO,Wine,RNDC
85629,IL FORNAIO,Wine,RNDC
85629,IL PINO DI BISERNO,Wine,RNDC
85629,IL POGGIONE,Wine,RNDC
85629,IL SOLLEVATORE,Wine,RNDC
85629,ILLUMINATION,Wine,RNDC
85629,ILONA,Wine,RNDC
85629,IMAGERY,Wine,RNDC
85629,IMAGERY SPECIAL SELECT,Wine,RNDC
85629,IMPECCABLE,Wine,RNDC
85629,IN THE ZONE,Wine,RNDC
85629,INCOGNITO,Wine,RNDC
85629,INCONCEIVABLE WINES,Wine,RNDC
85629,INDEPENDENCE WINE SERVICES,Wine,RNDC
85629,INDIGENO,Wine,RNDC
85629,INFAMOUS GOOSE,Wine,RNDC
85629,INFILTRADO,Wine,RNDC
85629,INFINE 1939,Wine,RNDC
85629,INFLECTION,Wine,RNDC
85629,INGLENOOK ESTATE CELLARS,Wine,RNDC
85629,INK GRADE,Wine,RNDC
85629,INKBLOT,Wine,RNDC
85629,INNISFREE,Wine,RNDC
85629,INNISKILLIN,Wine,RNDC
85629,INSCRIPTION,Wine,RNDC
85629,INSPIRACION VALDEMAR,Wine,RNDC
85629,INSPIRATION,Wine,RNDC
85629,INSURRECTION,Wine,RNDC
85629,INTRINSIC,Wine,RNDC
85629,INTUITION FR,Wine,RNDC
85629,INVIVO,Wine,RNDC
85629,INYCON,Wine,RNDC
85629,IO,Wine,RNDC
85629,IPPONGI,Wine,RNDC
85629,IPSO FACTO VINO,Wine,RNDC
85629,IRIS VINEYARDS,Wine,RNDC
85629,IRON AND SAND,Wine,RNDC
85629,IRON FEATHER,Wine,RNDC
85629,IRON HORSE,Wine,RNDC
85629,IRONSTONE,Wine,RNDC
85629,IRONY,Wine,RNDC
85629,ISABEL ROSE,Wine,RNDC
85629,ISABEL VINEYARD,Wine,RNDC
85629,ISABELA,Wine,RNDC
85629,ISCAY,Wine,RNDC
85629,IT,Wine,RNDC
85629,IT'S A HEADSNAPPER,Wine,RNDC
85629,IT'S BEARLY WINTER,Wine,RNDC
85629,IT'S COLD OUTSIDE,Wine,RNDC
85629,IT'SO,Wine,RNDC
85629,ITALIAN SWISS COLONY,Wine,RNDC
85629,ITAMI ONIGOROSHI,Wine,RNDC
85629,IVAN TAMAS,Wine,RNDC
85629,IVANA B SKINNY,Wine,RNDC
85629,IVORY & BURT,Wine,RNDC
85629,IZUMIBASHI,Wine,RNDC
85629,IZUMO FUJI,Wine,RNDC
85629,J BAUMER,Wine,RNDC
85629,J BOUCHON,Wine,RNDC
85629,J DAVIES,Wine,RNDC
85629,J FRITZ WINERY,Wine,RNDC
85629,J GARCIA,Wine,RNDC
85629,J HARDEN X J SHED,Wine,RNDC
85629,J J VINCENT,Wine,RNDC
85629,J J VINCENT ET FILS,Wine,RNDC
85629,J LOHR,Wine,RNDC
85629,J ROGET,Wine,RNDC
85629,J SUTTON,Wine,RNDC
85629,J WILKES,Wine,RNDC
85629,J WINE COMPANY,Wine,RNDC
85629,JABOULET ISNARD,Wine,RNDC
85629,JABU,Wine,RNDC
85629,JACK'S HOUSE,Wine,RNDC
85629,JACKAROO,Wine,RNDC
85629,JACKS PEAK,Wine,RNDC
85629,JACKSON TRIGGS,Wine,RNDC
85629,JACOB'S CREEK,Wine,RNDC
85629,JACOBSDAL,Wine,RNDC
85629,JACOPO BIONDI SANTI,Wine,RNDC
85629,JACQUES DUMONT,Wine,RNDC
85629,JACQUES SELOSSE,Wine,RNDC
85629,JADA VINEYARD,Wine,RNDC
85629,JADIX,Wine,RNDC
85629,JAKES FAULT,Wine,RNDC
85629,JAM ON,Wine,RNDC
85629,JAMBO,Wine,RNDC
85629,JAMESTOWN CELLARS,Wine,RNDC
85629,JAMIESON CANYON,Wine,RNDC
85629,JAQK CELLARS,Wine,RNDC
85629,JARDIN DE LUCULO,Wine,RNDC
85629,JARGON,Wine,RNDC
85629,JARHEAD,Wine,RNDC
85629,JASCI & MARCHESANI,Wine,RNDC
85629,JAUME SERRA,Wine,RNDC
85629,JAYSON,Wine,RNDC
85629,JC CALVET,Wine,RNDC
85629,JEAN BERTEAU,Wine,RNDC
85629,JEAN BOILLOT & FILS,Wine,RNDC
85629,JEAN BOUCHARD,Wine,RNDC
85629,JEAN LUC COLOMBO,Wine,RNDC
85629,JEAN LUC DUBOIS,Wine,RNDC
85629,JEAN MARC BROCARD,Wine,RNDC
85629,JEAN PAUL THEVENET,Wine,RNDC
85629,JEAN VINCENT,Wine,RNDC
85629,JEFF RUNQUIST,Wine,RNDC
85629,JEHAN EMONIN,Wine,RNDC
85629,JELLY JAR,Wine,RNDC
85629,JERMANN,Wine,RNDC
85629,JESSUP CELLARS,Wine,RNDC
85629,JESUS YLLERA,Wine,RNDC
85629,JETT,Wine,RNDC
85629,JETTLYNN WINERY,Wine,RNDC
85629,JEWEL,Wine,RNDC
85629,JEWEL BOX,Wine,RNDC
85629,JEWEL COLLECTION,Wine,RNDC
85629,JEWELRY BOX,Wine,RNDC
85629,JIM BEAM,Low Alcohol Beverage,RNDC
85629,JINGLE & MINGLE,Wine,RNDC
85629,JINGLE & MINGLE 5 DAYS OF CABERNET SAUVIGNON,Wine,RNDC
85629,JINGLE & MINGLE 5 DAYS OF ROSE,Wine,RNDC
85629,JINGLE & MINGLE 6 DAYS OF SPARKLE,Wine,RNDC
85629,JL CHAVE,Wine,RNDC
85629,JLS,Wine,RNDC
85629,JM GOBILLARD & FILS,Wine,RNDC
85629,JOANIS,Wine,RNDC
85629,JOAQUIN REBOLLEDO,Wine,RNDC
85629,JOE BLOW WINE CELLARS,Wine,RNDC
85629,JOE TO GO,Wine,RNDC
85629,JOE'S CRAB SHACK,Wine,RNDC
85629,JOEL ET SYLVIE CIROTTE,Wine,RNDC
85629,JOEL GOTT,Wine,RNDC
85629,JOHN ANTHONY,Wine,RNDC
85629,JOIE DU VIN,Wine,RNDC
85629,JOIY,Wine,RNDC
85629,JONIVE,Wine,RNDC
85629,JORDAN,Wine,RNDC
85629,JOSE CUERVO,Wine,RNDC
85629,JOSE CUERVO PLAYA MAR HARD SELTZER,Low Alcohol Beverage,RNDC
85629,JOSE MARIA DA FONSECA,Wine,RNDC
85629,JOSEP VENTOSA,Wine,RNDC
85629,JOSEPH CASTAN,Wine,RNDC
85629,JOSEPH FAIVELEY,Wine,RNDC
85629,JOSEPH MELLOT,Wine,RNDC
85629,JOSEPH PHELPS FREESTONE VINEYARDS,Wine,RNDC
85629,JOSEPH PHELPS VINEYARDS,Wine,RNDC
85629,JOSEPH SWAN VINEYARDS,Wine,RNDC
85629,JOSEPH THOMAS,Wine,RNDC
85629,JOSEPH'S,Wine,RNDC
85629,JOTO,Wine,RNDC
85629,JOURNEY,Wine,RNDC
85629,JOURNEY & DISCOVERY,Wine,RNDC
85629,JOURNEY & DISCOVERY FRANCE,Wine,RNDC
85629,JOURNEY & DISCOVERY ITALY,Wine,RNDC
85629,JOURNEY & DISCOVERY PORTUGAL,Wine,RNDC
85629,JOURNEY & DISCOVERY SPAIN,Wine,RNDC
85629,JOVIAL VINES,Wine,RNDC
85629,JOVINO,Wine,RNDC
85629,JOY TO WINES HOLIDAY COUNTDOWN COLLECTION,Wine,RNDC
85629,JP CHENET,Wine,RNDC
85629,JUAN GIL,Wine,RNDC
85629,JUGGERNAUT,Wine,RNDC
85629,JUICY DETAILS,Wine,RNDC
85629,JUICY SPARKLE,Wine,RNDC
85629,JULIAN CHIVITE,Wine,RNDC
85629,JULIET,Wine,RNDC
85629,JUNEBUG WINES,Wine,RNDC
85629,JUST,Wine,RNDC
85629,JUST BREATHE,Wine,RNDC
85629,JUST PEACHY,Wine,RNDC
85629,JUSTINO,Wine,RNDC
85629,JUVENALS,Wine,RNDC
85629,JUXTAPOZ,Wine,RNDC
85629,K BRANDS,Wine,RNDC
85629,K CELLARS,Wine,RNDC
85629,K VINE,Wine,RNDC
85629,K VINTNERS,Wine,RNDC
85629,KAFE LUNA,Wine,RNDC
85629,KAHLUA,Wine,RNDC
85629,KALEIDOSCOPE,Wine,RNDC
85629,KALLFELZ,Wine,RNDC
85629,KANBARA,Wine,RNDC
85629,KANGA RESERVE,Wine,RNDC
85629,KANKANA,Wine,RNDC
85629,KANONKOP,Wine,RNDC
85629,KATE & CASSIE,Wine,RNDC
85629,KATHERINE GOLDSCHMIDT,Wine,RNDC
85629,KATHRYN HALL,Wine,RNDC
85629,KATHY LYNSKEY WINES,Wine,RNDC
85629,KATNOOK ESTATE,Wine,RNDC
85629,KATO,Wine,RNDC
85629,KATSUYAMA,Wine,RNDC
85629,KAUTZ IRONSTONE VINEYARDS,Wine,RNDC
85629,KAY BROTHERS AMERY VINEYARDS,Wine,RNDC
85629,KC JONES,Wine,RNDC
85629,KEEP,Wine,RNDC
85629,KEEP IT CHILL,Wine,RNDC
85629,KELLER GEISTER,Wine,RNDC
85629,KELLY'S REVENGE,Wine,RNDC
85629,KEMPTON CLARK,Wine,RNDC
85629,KENDALL JACKSON,Wine,RNDC
85629,KENDON ESTATE,Wine,RNDC
85629,KENTIA,Wine,RNDC
85629,KENWOOD,Wine,RNDC
85629,KETTMEIR,Wine,RNDC
85629,KEYNOTE,Wine,RNDC
85629,KIJAFA,Wine,RNDC
85629,KILBURG,Wine,RNDC
85629,KILLER BEE,Wine,RNDC
85629,KILLER JUICE,Wine,RNDC
85629,KILLKA,Wine,RNDC
85629,KIM CRAWFORD,Wine,RNDC
85629,KINDERWOOD,Wine,RNDC
85629,KING,Wine,RNDC
85629,KING CHANCHO,Wine,RNDC
85629,KING ESTATE,Wine,RNDC
85629,KING FISH VINEYARDS,Wine,RNDC
85629,KING PALM,Wine,RNDC
85629,KING'S RANSOM,Wine,RNDC
85629,KINSEN,Wine,RNDC
85629,KINTON,Wine,RNDC
85629,KIRKLAND RANCH,Wine,RNDC
85629,KIRKLAND SIGNATURE,Low Alcohol Beverage,RNDC
85629,KIRKLAND SIGNATURE,Wine,RNDC
85629,KIRRALAA,Wine,RNDC
85629,KITAYA,Wine,RNDC
85629,KITH & KIN,Wine,RNDC
85629,KLEINBOSCH,Wine,RNDC
85629,KLINKER BRICK WINERY,Wine,RNDC
85629,KLIPSUN,Wine,RNDC
85629,KNAPPSTEIN,Wine,RNDC
85629,KNIFE & FORK,Wine,RNDC
85629,KNOTTY VINES,Wine,RNDC
85629,KOI KARMA,Wine,RNDC
85629,KOIMARISHUZO,Wine,RNDC
85629,KOJIMAYA,Wine,RNDC
85629,KOKUMI,Wine,RNDC
85629,KOLOA RUM COMPANY,Low Alcohol Beverage,RNDC
85629,KOMODO DRAGON,Wine,RNDC
85629,KONO BARU,Wine,RNDC
85629,KONTEKI,Wine,RNDC
85629,KOOKSOONDANG,Wine,RNDC
85629,KOPPAMURRA,Wine,RNDC
85629,KOSTA BROWNE,Wine,RNDC
85629,KOZ WINES,Wine,RNDC
85629,KRAKEN,Low Alcohol Beverage,RNDC
85629,KRESSMANN,Wine,RNDC
85629,KRIS,Wine,RNDC
85629,KRONENDAL,Wine,RNDC
85629,KULA,Wine,RNDC
85629,KULETO ESTATE,Wine,RNDC
85629,KUMALA,Wine,RNDC
85629,KUMBAYA,Wine,RNDC
85629,KUMEU RIVER,Wine,RNDC
85629,KURO KABUTO,Wine,RNDC
85629,KUSAFIRI,Wine,RNDC
85629,KYLIE MINOGUE,Wine,RNDC
85629,L DE LAFFITTE LAUJAC,Wine,RNDC
85629,L'ARDI,Wine,RNDC
85629,L'ARTISTA,Wine,RNDC
85629,L'ARTISTE,Wine,RNDC
85629,L'ESPRIT DE CHEVALIER,Wine,RNDC
85629,L'ESPRIT DU VENT,Wine,RNDC
85629,L'HOSPITALET DE GAZIN,Wine,RNDC
85629,L'OEIL,Wine,RNDC
85629,L'OISEAU,Wine,RNDC
85629,L'ORIGINAL,Wine,RNDC
85629,L'OUTSIDER,Wine,RNDC
85629,L'USINE,Wine,RNDC
85629,LA BAUME,Wine,RNDC
85629,LA BELLE,Wine,RNDC
85629,LA BELLE CITADELLE,Wine,RNDC
85629,LA BELMAN,Wine,RNDC
85629,LA BRAVA,Wine,RNDC
85629,LA CALONICA,Wine,RNDC
85629,LA CASA DELL'ORCO,Wine,RNDC
85629,LA CATRINA,Wine,RNDC
85629,LA CHABLISIENNE,Wine,RNDC
85629,LA CHAMBRE,Wine,RNDC
85629,LA CHAPELLE DE HAUT BAGES LIBERAL,Wine,RNDC
85629,LA CHAPELLE DE LA MISSION HAUT BRION,Wine,RNDC
85629,LA CHAPELLE DE LAFON ROCHET,Wine,RNDC
85629,LA CHAPELLE DE MEYNEY,Wine,RNDC
85629,LA CHAPELLE DU BERRY,Wine,RNDC
85629,LA COUR DES PAPES,Wine,RNDC
85629,LA CREMA,Wine,RNDC
85629,LA CROIX BONIS,Wine,RNDC
85629,LA CROIX DE BEAUCAILLOU,Wine,RNDC
85629,LA CUVEE MYTHIQUE,Wine,RNDC
85629,LA DAME DE MONTROSE,Wine,RNDC
85629,LA DEMOISELLE DE SOCIANDO MALLET,Wine,RNDC
85629,LA DEVISE DE LILIAN,Wine,RNDC
85629,LA DI DA,Wine,RNDC
85629,LA FAMIGLIA,Wine,RNDC
85629,LA FAMIGLIA DI ROBERT MONDAVI,Wine,RNDC
85629,LA FLEUR DE BOUARD,Wine,RNDC
85629,LA FLEUR DU CHATEAU BEAUREGARD DUCASSE,Wine,RNDC
85629,LA FORGE ESTATE,Wine,RNDC
85629,LA FUERZA,Wine,RNDC
85629,LA FUGA,Wine,RNDC
85629,LA GIOIOSA,Wine,RNDC
85629,LA GOZADA,Wine,RNDC
85629,LA GRANDE NOVE,Wine,RNDC
85629,LA GRANGE DES COMBES,Wine,RNDC
85629,LA GRANGE NEUVE DE FIGEAC,Wine,RNDC
85629,LA GRAVETTE DE CERTAN,Wine,RNDC
85629,LA JOTA,Wine,RNDC
85629,LA LUS,Wine,RNDC
85629,LA MADELEINE,Wine,RNDC
85629,LA MANNELLA,Wine,RNDC
85629,LA MERIKA,Wine,RNDC
85629,LA MONDOTTE,Wine,RNDC
85629,LA PAILLOTE,Wine,RNDC
85629,LA PERLINA,Wine,RNDC
85629,LA PIALADE,Wine,RNDC
85629,LA PILLON,Wine,RNDC
85629,LA POUSSIE,Wine,RNDC
85629,LA REGOLA,Wine,RNDC
85629,LA RONCAIA,Wine,RNDC
85629,LA SANGLIERE,Wine,RNDC
85629,LA SCOLCA,Wine,RNDC
85629,LA TASCA,Wine,RNDC
85629,LA TERRA,Wine,RNDC
85629,LA TERRE,Wine,RNDC
85629,LA UNICA,Wine,RNDC
85629,LA VALETTE,Wine,RNDC
85629,LA VENDIMIA,Wine,RNDC
85629,LACOSTE BORIE,Wine,RNDC
85629,LACROIX MARTILLAC,Wine,RNDC
85629,LADIES WHO SHOOT THEIR LUNCH,Wine,RNDC
85629,LADOUCETTE,Wine,RNDC
85629,LADY IN RED,Wine,RNDC
85629,LADY KILLER,Wine,RNDC
85629,LADY LA FEMME,Wine,RNDC
85629,LAELY,Wine,RNDC
85629,LAGARDE,Wine,RNDC
85629,LAGUNILLA,Wine,RNDC
85629,LAKE ROAD,Wine,RNDC
85629,LAKESHORE FARMS TRADING COMPANY,Wine,RNDC
85629,LAKESHORE WINERY,Wine,RNDC
85629,LAKESPRING,Wine,RNDC
85629,LALANDE BELLEVUE,Wine,RNDC
85629,LALEURE PIOT,Wine,RNDC
85629,LAMAIONE,Wine,RNDC
85629,LAMB'S VALLEY,Wine,RNDC
85629,LAMBERTI,Wine,RNDC
85629,LAMOLE DI LAMOLE,Wine,RNDC
85629,LANCASTER ESTATE,Wine,RNDC
85629,LANCERS,Wine,RNDC
85629,LANDER JENKINS,Wine,RNDC
85629,LANDFORM,Wine,RNDC
85629,LANDING PLACE,Wine,RNDC
85629,LANDSKROON,Wine,RNDC
85629,LANGTRY,Wine,RNDC
85629,LANSON,Wine,RNDC
85629,LANZERAC,Wine,RNDC
85629,LAPIS LAZULI WINERY & VINEYARDS,Wine,RNDC
85629,LARKSPUR,Wine,RNDC
85629,LAROCHE,Wine,RNDC
85629,LAROQUE,Wine,RNDC
85629,LARSON FAMILY WINERY,Wine,RNDC
85629,LAS CAMPANAS,Wine,RNDC
85629,LAS MORAS,Wine,RNDC
85629,LASSEGUE,Wine,RNDC
85629,LATISTA,Wine,RNDC
85629,LATITUDE 40,Wine,RNDC
85629,LATITUDE 44,Wine,RNDC
85629,LAUREL & BAY,Wine,RNDC
85629,LAUREL BAY,Wine,RNDC
85629,LAURENZ V,Wine,RNDC
85629,LAVAU,Wine,RNDC
85629,LAVILA,Wine,RNDC
85629,LAVIS,Wine,RNDC
85629,LAZY ARROW RANCH,Wine,RNDC
85629,LAZY CREEK VINEYARDS,Wine,RNDC
85629,LE BARON DE MALLERET,Wine,RNDC
85629,LE BELIER,Wine,RNDC
85629,LE BONHEUR,Wine,RNDC
85629,LE BRUT DU FOUDRE 56,Wine,RNDC
85629,LE CARILLON DE L'ANGELUS,Wine,RNDC
85629,LE CLARENCE DE HAUT BRION,Wine,RNDC
85629,LE CLEMENTIN DU PAPE CLEMENT,Wine,RNDC
85629,LE CLOS JORDANNE,Wine,RNDC
85629,LE COTEAU,Wine,RNDC
85629,LE DRAGON DE QUINTUS,Wine,RNDC
85629,LE FAUX FROG,Wine,RNDC
85629,LE FREAK,Wine,RNDC
85629,LE GALLAIS,Wine,RNDC
85629,LE GARENNE,Wine,RNDC
85629,LE GRAND COURTAGE,Wine,RNDC
85629,LE JAJA DE JAU,Wine,RNDC
85629,LE JOYAU,Wine,RNDC
85629,LE MOMENT,Wine,RNDC
85629,LE MOULIN CHAPITRE,Wine,RNDC
85629,LE MURAIE,Wine,RNDC
85629,LE NOBLE,Wine,RNDC
85629,LE PETIT CHEVAL,Wine,RNDC
85629,LE PETIT CHEVALIER,Wine,RNDC
85629,LE PETIT CLOS,Wine,RNDC
85629,LE PETIT HAUT LAFITTE,Wine,RNDC
85629,LE PETIT XAVIER,Wine,RNDC
85629,LE PROPRIETAIRE ALAIN GAYDA,Wine,RNDC
85629,LE RELAIS DE DURFORT VIVENS,Wine,RNDC
85629,LE RIME,Wine,RNDC
85629,LE ROSE D'AZUR,Wine,RNDC
85629,LE ROSEY,Wine,RNDC
85629,LE SAUTERNES DE CASTELNAU,Wine,RNDC
85629,LE SILLAGE DE MALARTIC,Wine,RNDC
85629,LE TREMBLE,Wine,RNDC
85629,LE VOLTE,Wine,RNDC
85629,LEA,Wine,RNDC
85629,LEAP OF FAITH,Wine,RNDC
85629,LEAPING GRAPES,Wine,RNDC
85629,LEAPING HORSE,Wine,RNDC
85629,LEDA,Wine,RNDC
85629,LEDOMAINE,Wine,RNDC
85629,LEDUCQ VINEYARDS,Wine,RNDC
85629,LEFTIE,Wine,RNDC
85629,LEGACY,Wine,RNDC
85629,LEGADO FERNANDO GUEDES,Wine,RNDC
85629,LEGATO,Wine,RNDC
85629,LEGEND,Wine,RNDC
85629,LEGRAS & HAAS,Wine,RNDC
85629,LEONARD DE SAINT AUBIN,Wine,RNDC
85629,LEONARD KREUSCH,Wine,RNDC
85629,LEONARDINI,Wine,RNDC
85629,LEPRINCE,Wine,RNDC
85629,LES ALLEES DE CANTEMERLE,Wine,RNDC
85629,LES CARRIERES DE MEZY,Wine,RNDC
85629,LES CHAMPS D'OR,Wine,RNDC
85629,LES CLOS DE PAULILLES,Wine,RNDC
85629,LES DEUX RIVES,Wine,RNDC
85629,LES DOMAINES PAUL MAS,Wine,RNDC
85629,LES DOMANIERS,Wine,RNDC
85629,LES FIEFS DE LAGRANGE,Wine,RNDC
85629,LES FLORETS,Wine,RNDC
85629,LES FORTS DE LATOUR,Wine,RNDC
85629,LES GALETS DE SAUVETERRE,Wine,RNDC
85629,LES GLORIES,Wine,RNDC
85629,LES GRANDES CABANES,Wine,RNDC
85629,LES GRIFFONS DE PICHON BARON,Wine,RNDC
85629,LES HAUTS DE GRAMENON,Wine,RNDC
85629,LES HAUTS DE MILLY,Wine,RNDC
85629,LES HAUTS DE SMITH,Wine,RNDC
85629,LES LATIS,Wine,RNDC
85629,LES MINES,Wine,RNDC
85629,LES PAGODES DE COS,Wine,RNDC
85629,LES PAGODES DE COS PRATS,Wine,RNDC
85629,LES PELERINS DE LAFON ROCHET,Wine,RNDC
85629,LES PETIT GRAINS,Wine,RNDC
85629,LES SARRINS,Wine,RNDC
85629,LES TERRASSES DE L'AYGUES,Wine,RNDC
85629,LES TOURELLES DE LONGUEVILLE,Wine,RNDC
85629,LES TOURS DE BEAUMONT,Wine,RNDC
85629,LES VERRIERES,Wine,RNDC
85629,LES VIEUX CEPAGES,Wine,RNDC
85629,LES VIGNERONS DE LA MEDITERRANEE,Wine,RNDC
85629,LES VIGNERONS DE SEPTIMANIE,Wine,RNDC
85629,LES VIGNERONS DES COTEAUX D'AVIGNON,Wine,RNDC
85629,LES VIGNERONS DU VAL D'ORBIEU,Wine,RNDC
85629,LES VINES DE CRUS,Wine,RNDC
85629,LES VINS DE LEONARD,Wine,RNDC
85629,LET GOOD BE,Wine,RNDC
85629,LET'S JUST DANCE,Wine,RNDC
85629,LIBERATED,Wine,RNDC
85629,LIBERTY SCHOOL,Wine,RNDC
85629,LICEIRAS,Wine,RNDC
85629,LIDIO CARRARO,Wine,RNDC
85629,LIFE IS TOO SHORT TO DRINK BORING WINE,Wine,RNDC
85629,LIFEVINE,Wine,RNDC
85629,LIFTED,Wine,RNDC
85629,LIGHT HORSE,Wine,RNDC
85629,LIGHTLY,Wine,RNDC
85629,LIGHTNING STRIKES AGAIN,Wine,RNDC
85629,LIL' RASCAL,Wine,RNDC
85629,LILA,Wine,RNDC
85629,LILLET,Wine,RNDC
85629,LILO,Wine,RNDC
85629,LIME A RITA,Wine,RNDC
85629,LIMONESCO,Wine,RNDC
85629,LINCOURT VINEYARDS,Wine,RNDC
85629,LINDAUER,Wine,RNDC
85629,LINEAGE VINEYARDS,Wine,RNDC
85629,LINGER,Wine,RNDC
85629,LINKS DRINKS,Low Alcohol Beverage,RNDC
85629,LION HEARTED,Wine,RNDC
85629,LION TAMER,Wine,RNDC
85629,LIONNE ROYALE,Wine,RNDC
85629,LIONS DE SUDUIRAUT,Wine,RNDC
85629,LIONS RIDGE,Wine,RNDC
85629,LIQUID LIGHT,Wine,RNDC
85629,LISA'S WINERY TEST FRANCHISE,Wine,RNDC
85629,LIT WINE COCKTAILS,Wine,RNDC
85629,LITHOGRAPH,Wine,RNDC
85629,LITTLE BLACK DRESS,Wine,RNDC
85629,LITTLE BOOMEY,Wine,RNDC
85629,LITTLE CHICA,Wine,RNDC
85629,LITTLE DITTY,Wine,RNDC
85629,LITTLE JONATHAN WINERY,Wine,RNDC
85629,LIUTO,Wine,RNDC
85629,LIVE A LITTLE,Wine,RNDC
85629,LIVE A LOT,Wine,RNDC
85629,LIVE LIFE UNCORKED,Wine,RNDC
85629,LIVIO FELLUGA,Wine,RNDC
85629,LLAMA QUEEN,Wine,RNDC
85629,LO DUCA,Wine,RNDC
85629,LO FI APERTIFS,Wine,RNDC
85629,LO TENGO,Wine,RNDC
85629,LO-FI SPRITZ,Wine,RNDC
85629,LOCATOUR,Wine,RNDC
85629,LOCK & KEY,Wine,RNDC
85629,LOCO LOPEZ,Wine,RNDC
85629,LOCO POR TI,Wine,RNDC
85629,LOCO SIN TI,Wine,RNDC
85629,LODEZ,Wine,RNDC
85629,LODI RED,Wine,RNDC
85629,LOFT,Wine,RNDC
85629,LOFTHOUSE,Wine,RNDC
85629,LOKOYA,Wine,RNDC
85629,LOLAILO,Wine,RNDC
85629,LOLLI,Wine,RNDC
85629,LOLO,Wine,RNDC
85629,LOMBARDINI,Wine,RNDC
85629,LONG BOAT,Wine,RNDC
85629,LONG NECK,Wine,RNDC
85629,LONG STRIDE,Wine,RNDC
85629,LONGEVITY,Wine,RNDC
85629,LONGFORD ESTATE,Wine,RNDC
85629,LORANE VALLEY,Wine,RNDC
85629,LOREDONA,Wine,RNDC
85629,LORENZO MELANI,Wine,RNDC
85629,LORGERIL,Wine,RNDC
85629,LORIKEET,Wine,RNDC
85629,LOS ALISOS WINERY,Wine,RNDC
85629,LOS CABOS,Wine,RNDC
85629,LOS CARDOS,Wine,RNDC
85629,LOS NEVADOS,Wine,RNDC
85629,LOSE YOURSELF IN THE VIBE,Wine,RNDC
85629,LOST ANGEL,Wine,RNDC
85629,LOST CITY,Wine,RNDC
85629,LOST HORIZONS,Wine,RNDC
85629,LOST POET,Wine,RNDC
85629,LOT 365 VINEYARD,Wine,RNDC
85629,LOTE 44,Wine,RNDC
85629,LOTTO,Wine,RNDC
85629,LOUIS JADOT,Wine,RNDC
85629,LOUIS METAIREAU,Wine,RNDC
85629,LOUIS MOULIN,Wine,RNDC
85629,LOUIS ROEDERER,Wine,RNDC
85629,LOVE AND HOPE,Wine,RNDC
85629,LOVE LANGUAGE,Wine,RNDC
85629,LOVE NOIR,Wine,RNDC
85629,LOVE OLIVIA,Wine,RNDC
85629,LOVEBLOCK,Wine,RNDC
85629,LOVEBUG HUG,Wine,RNDC
85629,LOVELAND VINEYARDS,Wine,RNDC
85629,LOYAL FRIEND,Wine,RNDC
85629,LOYAL LOLA,Wine,RNDC
85629,LTD,Wine,RNDC
85629,LUC BELAIRE,Wine,RNDC
85629,LUCA,Wine,RNDC
85629,LUCE,Wine,RNDC
85629,LUCE DEL SOLE,Wine,RNDC
85629,LUCENTE,Wine,RNDC
85629,LUCIEN ALBRECHT,Wine,RNDC
85629,LUCIEN DESCHAUX,Wine,RNDC
85629,LUCIENNE,Wine,RNDC
85629,LUCINDA & MILLIE,Wine,RNDC
85629,LUCKY DUCK,Wine,RNDC
85629,LUCKY ONE,Low Alcohol Beverage,RNDC
85629,LUCKY STAR,Wine,RNDC
85629,LUCOTTO,Wine,RNDC
85629,LUIGI BOSCA,Wine,RNDC
85629,LUIGI RIGHETTI,Wine,RNDC
85629,LUIS FELIPE EDWARDS,Wine,RNDC
85629,LUIS GURPEGUI,Wine,RNDC
85629,LUIS GURPEGUI MUGA,Wine,RNDC
85629,LUKE WINES,Wine,RNDC
85629,LULU B,Wine,RNDC
85629,LUMEN GATE,Wine,RNDC
85629,LUNA BRILLANTE,Wine,RNDC
85629,LUNA DE ORO,Wine,RNDC
85629,LUNA DEL SUR,Wine,RNDC
85629,LUNA NUDA,Wine,RNDC
85629,LUNA ROSA,Wine,RNDC
85629,LUNARDI,Wine,RNDC
85629,LUNETTA,Wine,RNDC
85629,LUNTA,Wine,RNDC
85629,LUPI REALI,Wine,RNDC
85629,LUSH SLUSH,Wine,RNDC
85629,LUXURY EDITION,Wine,RNDC
85629,LVP,Wine,RNDC
85629,LYLO,Wine,RNDC
85629,LYNSOLENCE,Wine,RNDC
85629,LYRICA,Wine,RNDC
85629,LYS DE VOLAN,Wine,RNDC
85629,M BY MICHAEL MONDAVI,Wine,RNDC
85629,M CHAPOUTIER,Wine,RNDC
85629,M G VALLEJO,Wine,RNDC
85629,M HASLINGER & FILS,Wine,RNDC
85629,M TRINCHERO,Wine,RNDC
85629,MA COPINE,Wine,RNDC
85629,MA MIE,Wine,RNDC
85629,MABOROSHI,Wine,RNDC
85629,MACARON VINEYARDS,Wine,RNDC
85629,MACK'S,Wine,RNDC
85629,MACKINAW,Wine,RNDC
85629,MAD CRUSH,Wine,RNDC
85629,MAD GENIUS,Wine,RNDC
85629,MAD HATTER,Wine,RNDC
85629,MAD HOUSEWIFE,Wine,RNDC
85629,MADAME LIBERTE,Wine,RNDC
85629,MADDALENA VINEYARD,Wine,RNDC
85629,MADE BY JAMES,Wine,RNDC
85629,MADISON,Wine,RNDC
85629,MADISON MEADOWS,Wine,RNDC
85629,MAELI,Wine,RNDC
85629,MAGGIE WINE CELLARS,Wine,RNDC
85629,MAGGY HAWK,Wine,RNDC
85629,MAGNA ALIQUAM,Wine,RNDC
85629,MAGNUM VS,Wine,RNDC
85629,MAGRUDERS,Wine,RNDC
85629,MAHLER BESSE,Wine,RNDC
85629,MAIN STREET WINERY,Wine,RNDC
85629,MAISON BELLES COTES,Wine,RNDC
85629,MAISON BOUACHON,Wine,RNDC
85629,MAISON DE MADELEINE,Wine,RNDC
85629,MAISON DU LAC,Wine,RNDC
85629,MAISON FERY MEUNIER,Wine,RNDC
85629,MAISON HENRI DU CHAMPS,Wine,RNDC
85629,MAISON MARCEL,Wine,RNDC
85629,MAISON NO9,Wine,RNDC
85629,MAISON SAVAS,Wine,RNDC
85629,MAJESTAD,Wine,RNDC
85629,MAKE IT SPARKLE,Wine,RNDC
85629,MAKING SEASONS BRIGHT WINTER WINE BOX,Wine,RNDC
85629,MAKING SPIRITS BRIGHT,Wine,RNDC
85629,MAKKU,Wine,RNDC
85629,MALIBU,Low Alcohol Beverage,RNDC
85629,MALIJAY,Wine,RNDC
85629,MALONEY'S,Wine,RNDC
85629,MAMA,Wine,RNDC
85629,MAMERTINO,Wine,RNDC
85629,MAMMA MIA,Wine,RNDC
85629,MANDRAROSSA,Wine,RNDC
85629,MANDRIOLA DE LISBOA,Wine,RNDC
85629,MANGIAVINO,Wine,RNDC
85629,MANGO MANGO,Wine,RNDC
85629,MANISCHEWITZ,Wine,RNDC
85629,MANO CICLO,Wine,RNDC
85629,MANOTSURU,Wine,RNDC
85629,MANTENSEI,Wine,RNDC
85629,MANTEO,Wine,RNDC
85629,MAPOCHO,Wine,RNDC
85629,MAR DEL SUR,Wine,RNDC
85629,MARC BREDIF,Wine,RNDC
85629,MARC JOMAIN,Wine,RNDC
85629,MARC MOREY,Wine,RNDC
85629,MARCEL VINCENT,Wine,RNDC
85629,MARCHESE ANTINORI,Wine,RNDC
85629,MARCHESE DI PANI,Wine,RNDC
85629,MARCHESI DE FRESCOBALDI,Wine,RNDC
85629,MARCHESI MAZZEI,Wine,RNDC
85629,MARCLIFFE,Wine,RNDC
85629,MARCO ABELLA,Wine,RNDC
85629,MARCO BONFANTE,Wine,RNDC
85629,MARCUS JAMES,Wine,RNDC
85629,MARI ANA,Wine,RNDC
85629,MARIELLA,Wine,RNDC
85629,MARIENBERG,Wine,RNDC
85629,MARIETTA CELLARS,Wine,RNDC
85629,MARITANA,Wine,RNDC
85629,MARIUS,Wine,RNDC
85629,MARK NICHOLAS,Wine,RNDC
85629,MARK WEST,Wine,RNDC
85629,MARKHAM VINEYARDS,Wine,RNDC
85629,MARKSTONE,Wine,RNDC
85629,MARLBOROUGH ESTATE RESERVE,Wine,RNDC
85629,MARLBOROUGH RIDGE,Wine,RNDC
85629,MARQUES DE ARIENZO,Wine,RNDC
85629,MARQUES DE CARRION,Wine,RNDC
85629,MARQUES DE GRINON,Wine,RNDC
85629,MARQUES DE LA CONCORDIA,Wine,RNDC
85629,MARQUES DE LA VINA,Wine,RNDC
85629,MARQUES DE LARA,Wine,RNDC
85629,MARQUES DE MURRIETA,Wine,RNDC
85629,MARQUES DE RISCAL,Wine,RNDC
85629,MARQUES DE VALCARLOS,Wine,RNDC
85629,MARQUES DE VIZHOJA,Wine,RNDC
85629,MARQUES DEL ATRIO,Wine,RNDC
85629,MARQUES GRINON,Wine,RNDC
85629,MARQUIS DE BERN,Wine,RNDC
85629,MARQUIS DE CALON,Wine,RNDC
85629,MARQUIS DE GOULAINE,Wine,RNDC
85629,MARQUIS DE JOUENNES,Wine,RNDC
85629,MARQUIS DE PERLADE,Wine,RNDC
85629,MARQUIS DE TALANDIER,Wine,RNDC
85629,MARQUIS DE TERME,Wine,RNDC
85629,MARRASO,Wine,RNDC
85629,MARTIN RAY,Wine,RNDC
85629,MARTIN SORET,Wine,RNDC
85629,MARTINBOROUGH VINEYARD,Wine,RNDC
85629,MARTINEZ,Wine,RNDC
85629,MARTINEZ GASSIOT,Wine,RNDC
85629,MARTINI & PRATI,Wine,RNDC
85629,MARTINI MASTERS,Wine,RNDC
85629,MARVELOUS,Wine,RNDC
85629,MARWOOD,Wine,RNDC
85629,MAS CRISTINE,Wine,RNDC
85629,MAS DE L'ABUNDANCIA,Wine,RNDC
85629,MAS DE LA DAME,Wine,RNDC
85629,MAS DE MASOS,Wine,RNDC
85629,MAS DES AVEYLANS,Wine,RNDC
85629,MAS JAUME,Wine,RNDC
85629,MASCHIO,Wine,RNDC
85629,MASCHIO DEI CAVALIERI,Wine,RNDC
85629,MASI,Wine,RNDC
85629,MASON CELLARS,Wine,RNDC
85629,MASOS D'EN CUBELLS,Wine,RNDC
85629,MASOTTINA,Wine,RNDC
85629,MASSERIA DEL FAUNO,Wine,RNDC
85629,MASSERIA SUPRENO,Wine,RNDC
85629,MASSETO,Wine,RNDC
85629,MASSICAN,Wine,RNDC
85629,MASSIMINO,Cider,RNDC
85629,MASSIMO,Wine,RNDC
85629,MASSON VINEYARDS,Wine,RNDC
85629,MASTER PLAN VINEYARDS,Wine,RNDC
85629,MASTROBERARDINO,Wine,RNDC
85629,MATANZAS CREEK WINERY,Wine,RNDC
85629,MATARIKI,Wine,RNDC
85629,MATCHSTICK,Wine,RNDC
85629,MATEUS,Wine,RNDC
85629,MATIAS RICCITELLI,Wine,RNDC
85629,MATT TAYLOR WINES,Wine,RNDC
85629,MAVERICK WINE GROUP,Wine,RNDC
85629,MAXWELL CREEK,Wine,RNDC
85629,MAYCAS DEL LIMARI,Wine,RNDC
85629,MAYFLY,Wine,RNDC
85629,MAYOR DE CASTILLA,Wine,RNDC
85629,MAYORAL,Wine,RNDC
85629,MAYRO MURDICK,Wine,RNDC
85629,MAYU,Wine,RNDC
85629,MAZZEI,Wine,RNDC
85629,MAZZONI,Wine,RNDC
85629,MCBRIDE SISTERS COLLECTIONS,Wine,RNDC
85629,MCDOWELL VALLEY CELLARS,Wine,RNDC
85629,MCDOWELL VALLEY VINEYARDS,Wine,RNDC
85629,MCGUIGAN,Wine,RNDC
85629,MD 20/20,Wine,RNDC
85629,MEADOW MOON,Wine,RNDC
85629,MEADOWCREEK,Wine,RNDC
85629,MEANDERING MAZE,Wine,RNDC
85629,MEDICI ERMETE,Wine,RNDC
85629,MEDITRINA,Wine,RNDC
85629,MEDUSA,Wine,RNDC
85629,MEERLUST,Wine,RNDC
85629,MELINI,Wine,RNDC
85629,MEMBER'S MARK,Wine,RNDC
85629,MENAGE A TROIS,Wine,RNDC
85629,MENDEL,Wine,RNDC
85629,MENDELSON,Wine,RNDC
85629,MENDOCINO FOG,Wine,RNDC
85629,MENDOCINO VINEYARDS,Wine,RNDC
85629,MENDOCINO WINE COMPANY,Wine,RNDC
85629,MENDOZA NIGHTS,Wine,RNDC
85629,MENDOZA VINEYARDS,Wine,RNDC
85629,MENUISIER,Wine,RNDC
85629,MERCER,Wine,RNDC
85629,MERCER BROS,Wine,RNDC
85629,MERCER CANYONS,Wine,RNDC
85629,MERCER FAMILY VINEYARDS,Wine,RNDC
85629,MERF,Wine,RNDC
85629,MERIDIA SP,Wine,RNDC
85629,MERMAID WINERY,Wine,RNDC
85629,MERMOSA,Wine,RNDC
85629,MERRIAM VINEYARDS,Wine,RNDC
85629,MERRIER THAN EVER,Wine,RNDC
85629,MERRILY,Wine,RNDC
85629,"MERRY CHRISTMAS, CHERISHED MEMENTOS",Wine,RNDC
85629,MERRYVALE,Wine,RNDC
85629,MERUS,Wine,RNDC
85629,MESSENGERS OF NATURE,Wine,RNDC
85629,MESSER DEL FAUNO,Wine,RNDC
85629,METHOD,Wine,RNDC
85629,METIS,Wine,RNDC
85629,METRIA,Wine,RNDC
85629,METZ ROAD,Wine,RNDC
85629,MEZY,Wine,RNDC
85629,MEZZACORONA,Wine,RNDC
85629,MIA'S PLAYGROUND,Wine,RNDC
85629,MICHAEL DAVID WINERY,Wine,RNDC
85629,MICHAEL SERVIN,Wine,RNDC
85629,MICHEL LAROCHE,Wine,RNDC
85629,MICHEL LYNCH,Wine,RNDC
85629,MICHELE CASTELLANI,Wine,RNDC
85629,MICHELE CHIARLO,Wine,RNDC
85629,MICHELLE LOOSEN,Wine,RNDC
85629,MICKEY FINN'S,Wine,RNDC
85629,MIDDLE SISTER,Wine,RNDC
85629,MIDNIGHT BLACK,Wine,RNDC
85629,MIDNIGHT HOUR,Wine,RNDC
85629,MIEUX,Wine,RNDC
85629,MIGUEL AIME POUGET,Wine,RNDC
85629,MILAGRES,Wine,RNDC
85629,MILESTONE,Wine,RNDC
85629,MILFLORES,Wine,RNDC
85629,MILLE BOLLE,Wine,RNDC
85629,MILLE E UNA NOTTE,Wine,RNDC
85629,MILLE GRADI,Wine,RNDC
85629,MILLER FAMILY WINE COMPANY,Wine,RNDC
85629,MILLTON,Wine,RNDC
85629,MILTON CELLARS,Wine,RNDC
85629,MIMI'S HOUSE WINE,Wine,RNDC
85629,MIND & BODY,Wine,RNDC
85629,MINIMALISTA,Wine,RNDC
85629,MINUTE MAID SPIKED,Wine,RNDC
85629,MINUTY,Wine,RNDC
85629,MIONETTO,Wine,RNDC
85629,MIRABELLE CELLARS,Wine,RNDC
85629,MIRALTA,Wine,RNDC
85629,MIRIDIA,Wine,RNDC
85629,MISCHIEF & MAYHEM,Wine,RNDC
85629,MISS ANAIS,Wine,RNDC
85629,MISSING LINK,Wine,RNDC
85629,MISTERO,Wine,RNDC
85629,MISTLE TOE CELLARS,Wine,RNDC
85629,MISTLETOE MAGIC WINE COLLECTION,Wine,RNDC
85629,MISTURA UNICA,Wine,RNDC
85629,MISUTO,Wine,RNDC
85629,MITCHELL,Wine,RNDC
85629,MITSUTAKE,Wine,RNDC
85629,MIXED UP,Wine,RNDC
85629,MODERN CONTOUR,Wine,RNDC
85629,MODERN HOUSE WINE,Wine,RNDC
85629,MODERN MOTIF,Wine,RNDC
85629,MOET & CHANDON,Wine,RNDC
85629,MOGEN DAVID,Wine,RNDC
85629,MOLISSIMO,Wine,RNDC
85629,MOM WATER,Low Alcohol Beverage,RNDC
85629,MON FRERE WINERY,Wine,RNDC
85629,MONBELLO,Wine,RNDC
85629,MONBRISON,Wine,RNDC
85629,MONDORO,Wine,RNDC
85629,MONKEY BAY,Wine,RNDC
85629,MONOGAMY,Wine,RNDC
85629,MONROSSO,Wine,RNDC
85629,MONSANTO,Wine,RNDC
85629,MONSTER MASH,Wine,RNDC
85629,MONT ALBANO,Wine,RNDC
85629,MONTCADI,Wine,RNDC
85629,MONTE DE SERRA,Wine,RNDC
85629,MONTE FRASCATI,Wine,RNDC
85629,MONTE VANNOS,Wine,RNDC
85629,MONTECILLO,Wine,RNDC
85629,MONTEFIORE,Wine,RNDC
85629,MONTEGUELFO,Wine,RNDC
85629,MONTENISA,Wine,RNDC
85629,MONTEREY CANYON,Wine,RNDC
85629,MONTERUSTICO,Wine,RNDC
85629,MONTES,Wine,RNDC
85629,MONTESIERRA,Wine,RNDC
85629,MONTEVINA,Wine,RNDC
85629,MONTFOLLET LE VALENTIN,Wine,RNDC
85629,MONTGRAS,Wine,RNDC
85629,MONTHAVEN,Wine,RNDC
85629,MONTORO E SEVOLE,Wine,RNDC
85629,MOONSHADOW,Wine,RNDC
85629,MOORE CELLARS,Wine,RNDC
85629,MOOSE LAKE WINE CO,Wine,RNDC
85629,MOREY BLANC,Wine,RNDC
85629,MORGAN,Wine,RNDC
85629,MORLANDA,Wine,RNDC
85629,MORNING BIRD VINES,Wine,RNDC
85629,MORNING STAR,Wine,RNDC
85629,MORRO BAY VINEYARDS,Wine,RNDC
85629,MOSCABERRI,Wine,RNDC
85629,MOSCAMANGO,Wine,RNDC
85629,MOSCAPESCA,Wine,RNDC
85629,MOSCATINO,Wine,RNDC
85629,MOSCATO BELLA,Wine,RNDC
85629,MOSELLAND,Wine,RNDC
85629,MOSKETTO,Wine,RNDC
85629,MOTTO,Wine,RNDC
85629,MOULIN DE DUHART,Wine,RNDC
85629,MOULINET,Wine,RNDC
85629,MOUNT MAROMA,Wine,RNDC
85629,MOUNT NELSON,Wine,RNDC
85629,MOUNT PEAK WINERY,Wine,RNDC
85629,MOUNT VEEDER WINERY,Wine,RNDC
85629,MOUNTFORD ESTATE,Wine,RNDC
85629,MOVA,Wine,RNDC
85629,MOVENDO,Wine,RNDC
85629,MOVIA,Wine,RNDC
85629,MOZAIK,Wine,RNDC
85629,MOZAIK IT,Wine,RNDC
85629,MPX MAS DE MONISTROL,Wine,RNDC
85629,MT BEAUTIFUL,Wine,RNDC
85629,MT BRAVE,Wine,RNDC
85629,MT DIFFICULTY,Wine,RNDC
85629,MT FURY,Wine,RNDC
85629,MUCHO MAS,Wine,RNDC
85629,MULLAN ROAD CELLARS,Wine,RNDC
85629,MUMM CUVEE NAPA,Wine,RNDC
85629,MUMM NAPA,Wine,RNDC
85629,MUNDAKA,Wine,RNDC
85629,MURPHY GOODE,Wine,RNDC
85629,MURRIETA'S WELL,Wine,RNDC
85629,MUSE WINES,Wine,RNDC
85629,MUSIC FESTIVAL,Wine,RNDC
85629,MUTT LYNCH WINERY,Wine,RNDC
85629,MY 2 CENTS,Wine,RNDC
85629,MY FAVORITE NEIGHBOR,Wine,RNDC
85629,MYSTIC CLIFFS,Wine,RNDC
85629,MYSTIFIED,Wine,RNDC
85629,MYX FUSIONS,Wine,RNDC
85629,NACRILA,Wine,RNDC
85629,NADIA,Wine,RNDC
85629,NANDU,Wine,RNDC
85629,NAPA ANGEL,Wine,RNDC
85629,NAPA BY N A P A,Wine,RNDC
85629,NAPA CELLARS,Wine,RNDC
85629,NAPA CREST,Wine,RNDC
85629,NAPA RIDGE,Wine,RNDC
85629,NAPANOOK,Wine,RNDC
85629,NASIME,Wine,RNDC
85629,NATHANSON CREEK,Wine,RNDC
85629,NATIVA ECO WINES,Wine,RNDC
85629,NATURA,Wine,RNDC
85629,NATURA NOVAS MULTIPACK,Wine,RNDC
85629,NATURALIS,Wine,RNDC
85629,NAUTIGIRL,Wine,RNDC
85629,NAVARRO CORREAS,Wine,RNDC
85629,NAVELLE VINEYARDS,Wine,RNDC
85629,NECTAR VALLEY,Wine,RNDC
85629,NEIMAN MARCUS,Wine,RNDC
85629,NEIRANO,Wine,RNDC
85629,NELSON ESTATE,Wine,RNDC
85629,NEPENTHE,Wine,RNDC
85629,NEVIO,Wine,RNDC
85629,NEW HEIGHTS,Wine,RNDC
85629,NEW VAVIN,Wine,RNDC
85629,NEW YORK YANKEES,Wine,RNDC
85629,NEXT,Wine,RNDC
85629,NEYEN,Wine,RNDC
85629,NICK FALDO,Wine,RNDC
85629,NICKEL & NICKEL,Wine,RNDC
85629,NICKLAUS,Wine,RNDC
85629,NICKNAME,Wine,RNDC
85629,NICOLAS FEUILLATTE,Wine,RNDC
85629,NICOLAS JAY,Wine,RNDC
85629,NICOLAS JOLY,Wine,RNDC
85629,NIEBAUM ESTATE,Wine,RNDC
85629,NIELSON,Wine,RNDC
85629,NIETO SENETINER,Wine,RNDC
85629,NIGHT BIRD,Wine,RNDC
85629,NIGHT HARVEST,Wine,RNDC
85629,NIGHT LIGHTS,Wine,RNDC
85629,NIGHT OWL,Wine,RNDC
85629,NIGHT TO REMEMBER,Wine,RNDC
85629,NIGHTFALL AM,Wine,RNDC
85629,NIGHTFALL HU,Wine,RNDC
85629,NIGHTFALL SP,Wine,RNDC
85629,NIHON SAKARI,Wine,RNDC
85629,NIMBUS,Wine,RNDC
85629,NINE VINES,Wine,RNDC
85629,NINER WINE ESTATES,Wine,RNDC
85629,NINO FRANCO,Wine,RNDC
85629,NIPOZZANO,Wine,RNDC
85629,NIRO,Wine,RNDC
85629,NITA,Wine,RNDC
85629,NITTARDI,Wine,RNDC
85629,NO,Wine,RNDC
85629,NO PROB LLAMA,Wine,RNDC
85629,NO3,Wine,RNDC
85629,NOBILISSIMA,Wine,RNDC
85629,NOBILO,Wine,RNDC
85629,NOBLE OAK CELLARS,Wine,RNDC
85629,NOBLE VINES,Wine,RNDC
85629,NODUS,Wine,RNDC
85629,NOEL VERSET,Wine,RNDC
85629,NOGUCHI NAOHIKO,Wine,RNDC
85629,NOMADICA,Wine,RNDC
85629,NONCONFORMIST,Wine,RNDC
85629,NORTH WIND CN,Wine,RNDC
85629,NORTHSTAR WINERY,Wine,RNDC
85629,NOSTRO VINO,Wine,RNDC
85629,NOTABLE,Wine,RNDC
85629,NOTES CA,Wine,RNDC
85629,NOTTE ROSSA,Wine,RNDC
85629,NOVUM,Wine,RNDC
85629,NOVY,Wine,RNDC
85629,NOW AND ZEN,Wine,RNDC
85629,NOZZOLE,Wine,RNDC
85629,NXNW,Wine,RNDC
85629,O FILLO DA CONDESA,Wine,RNDC
85629,O MAR,Wine,RNDC
85629,O ORGANICS,Wine,RNDC
85629,O TERRA,Wine,RNDC
85629,O WINES,Wine,RNDC
85629,O' CONNOR'S,Wine,RNDC
85629,O'CONNERY'S,Wine,RNDC
85629,O'SULLIVAN'S,Wine,RNDC
85629,OAK CREEK,Wine,RNDC
85629,OAK LAKE,Wine,RNDC
85629,OAK LEAF VINEYARDS,Wine,RNDC
85629,OASIS VINEYARDS,Wine,RNDC
85629,OBERHOF WINE CELLARS,Wine,RNDC
85629,OBERON,Wine,RNDC
85629,OBSCURA,Wine,RNDC
85629,OBVIOUSLY,Wine,RNDC
85629,OCHAVADO,Wine,RNDC
85629,OCHO DOS DOS,Wine,RNDC
85629,OCTOPADA,Wine,RNDC
85629,ODD LOT,Wine,RNDC
85629,ODE COUPLE,Wine,RNDC
85629,ODFJELL,Wine,RNDC
85629,OGGI,Wine,RNDC
85629,OGV,Wine,RNDC
85629,OH ME OH MY MIMOSA,Wine,RNDC
85629,OLD COLONY,Wine,RNDC
85629,OLD FART'S WIFE,Wine,RNDC
85629,OLD WORLD PLAYER,Wine,RNDC
85629,OLD WORLD PLAYERS,Wine,RNDC
85629,OLDE SAVANNAH,Wine,RNDC
85629,OLIVER WINERY,Wine,RNDC
85629,OLIVIER BERNSTEIN,Wine,RNDC
85629,OLIVIER LEFLAIVE,Wine,RNDC
85629,OMAKA SPRINGS,Wine,RNDC
85629,ON THE ROCKS,Wine,RNDC
85629,ONCE UPON A TIME,Wine,RNDC
85629,ONCE UPON A VINE,Wine,RNDC
85629,ONE MILLION CUTTINGS,Wine,RNDC
85629,OOH LA LA,Wine,RNDC
85629,OOPS,Wine,RNDC
85629,OP BY OPERA PRIMA,Wine,RNDC
85629,OPAQUE,Wine,RNDC
85629,OPEN DOOR POLICY,Wine,RNDC
85629,OPEN RANCH,Wine,RNDC
85629,OPEN SKIES,Wine,RNDC
85629,OPERA PRIMA,Wine,RNDC
85629,OPERE TREVIGIANE,Wine,RNDC
85629,OPTIK,Wine,RNDC
85629,OPUS ONE,Wine,RNDC
85629,ORATORIO,Wine,RNDC
85629,ORBAIO,Wine,RNDC
85629,ORENO,Wine,RNDC
85629,ORIEL,Wine,RNDC
85629,ORIEL ALMA DE LLICORELLA,Wine,RNDC
85629,ORIEL COURANT,Wine,RNDC
85629,ORIGAMI,Wine,RNDC
85629,ORIGAMI SAKE,Wine,RNDC
85629,ORIN SWIFT CELLARS,Wine,RNDC
85629,ORNELLAIA,Wine,RNDC
85629,OROGENY,Wine,RNDC
85629,OROSZ GABOR,Wine,RNDC
85629,OROYA,Wine,RNDC
85629,ORTUGA,Wine,RNDC
85629,ORUBE,Wine,RNDC
85629,OSBORNE,Wine,RNDC
85629,OSMOSIS,Wine,RNDC
85629,OSOYOOS LAROSE,Wine,RNDC
85629,OTHELLO,Wine,RNDC
85629,OTHERS,Wine,RNDC
85629,OTONAL,Wine,RNDC
85629,OUI TU PEUX,Wine,RNDC
85629,OUR CELLARS,Wine,RNDC
85629,OURAGAN,Wine,RNDC
85629,OURO VERDE,Wine,RNDC
85629,OUTER SOUNDS,Wine,RNDC
85629,OUTERBOUND,Wine,RNDC
85629,OUTLIER,Wine,RNDC
85629,OVATION,Wine,RNDC
85629,OVERTURE,Wine,RNDC
85629,OVR,Wine,RNDC
85629,OZAWA SHUZO,Wine,RNDC
85629,Off Centre,Wine,RNDC
85629,P & P,Wine,RNDC
85629,P S GARCIA,Wine,RNDC
85629,PACIFIC GATE,Wine,RNDC
85629,PACIFIC HEIGHTS,Wine,RNDC
85629,PACIFIC RIM,Wine,RNDC
85629,PACIFICANA,Wine,RNDC
85629,PAGO CIMERA,Wine,RNDC
85629,PAGOS DE ANGUIX,Wine,RNDC
85629,PAHLMEYER,Wine,RNDC
85629,PAINTED GATE,Wine,RNDC
85629,PAINTED HILLS,Wine,RNDC
85629,PAINTER BRIDGE,Wine,RNDC
85629,PALACIOS REMONDO,Wine,RNDC
85629,PALAGETTO,Wine,RNDC
85629,PALAMON,Wine,RNDC
85629,PALAZZO,Wine,RNDC
85629,PALLONCINI,Wine,RNDC
85629,PALMER & CO,Wine,RNDC
85629,PALO ALTO,Wine,RNDC
85629,PAMPANO,Wine,RNDC
85629,PANDEMONIUM,Wine,RNDC
85629,PANICAUT,Wine,RNDC
85629,PANNONIA,Wine,RNDC
85629,PANTHERA,Wine,RNDC
85629,PAOLO TOSCANO,Wine,RNDC
85629,PAPER DREAMS,Wine,RNDC
85629,PAPI,Wine,RNDC
85629,PAPIO,Wine,RNDC
85629,PARACOMBE,Wine,RNDC
85629,PARADISE CELLARS,Wine,RNDC
85629,PARAMUS,Wine,RNDC
85629,PARANOIA,Wine,RNDC
85629,PARCELAS DE FAMILIA,Wine,RNDC
85629,PARTY SWEATER,Wine,RNDC
85629,PARXET,Wine,RNDC
85629,PASARICA,Wine,RNDC
85629,PASCAL JOLIVET,Wine,RNDC
85629,PASCAL LALLEMENT,Wine,RNDC
85629,PASCUAL TOSO,Wine,RNDC
85629,PASO CREEK,Wine,RNDC
85629,PASO HILLS VINEYARDS,Wine,RNDC
85629,PASSERELLES,Wine,RNDC
85629,PASTEL,Wine,RNDC
85629,PASTELLO,Wine,RNDC
85629,PASTOURELLE DE CLERC MILON,Wine,RNDC
85629,PATA NEGRA,Wine,RNDC
85629,PATRICK CLERGET,Wine,RNDC
85629,PATRICK LESEC,Wine,RNDC
85629,PATRIMONY,Wine,RNDC
85629,PATZ & HALL,Wine,RNDC
85629,PAUL CHENEAU,Wine,RNDC
85629,PAUL MAS,Wine,RNDC
85629,PAUL MASSON,Wine,RNDC
85629,PAYOFF,Wine,RNDC
85629,PAZO BARRANTES,Wine,RNDC
85629,PAZO CASTRELO,Wine,RNDC
85629,PAZO TORRE PENELAS,Wine,RNDC
85629,"PEACE LOVE & LIGHTS, CANDLES OF HOPE",Wine,RNDC
85629,PEACEFUL BEND VINEYARD,Wine,RNDC
85629,PEACEFUL FOREST,Wine,RNDC
85629,PEAK SEEKER,Wine,RNDC
85629,PEBBLE LANE,Wine,RNDC
85629,PECAN BLUSH,Wine,RNDC
85629,PELLEGRINO,Wine,RNDC
85629,PENA ROBLE,Wine,RNDC
85629,PENASCAL,Wine,RNDC
85629,PENNER ASH,Wine,RNDC
85629,PEPPER TREE,Wine,RNDC
85629,PEPPERWOOD GROVE,Wine,RNDC
85629,PERE ANSELME,Wine,RNDC
85629,PERE VENTURA,Wine,RNDC
85629,PERFORMER,Wine,RNDC
85629,PERIQUITA,Wine,RNDC
85629,PERLAPP,Wine,RNDC
85629,PERMASUR,Wine,RNDC
85629,PERREGRINE RIDGE,Wine,RNDC
85629,PERRIER JOUET,Wine,RNDC
85629,PERRIN + DOBBS VINEYARDS,Wine,RNDC
85629,PERRY'S,Wine,RNDC
85629,PERSEVERANCE,Wine,RNDC
85629,PERTARINGA,Wine,RNDC
85629,PERTINACE,Wine,RNDC
85629,PESCEVINO,Wine,RNDC
85629,PESSAGNO,Wine,RNDC
85629,PESSIMIST,Wine,RNDC
85629,PETALUMA,Wine,RNDC
85629,PETER YEALANDS,Wine,RNDC
85629,PETIT PAVEIL,Wine,RNDC
85629,PEYRASSOL,Wine,RNDC
85629,PFAFFL,Wine,RNDC
85629,PHARAON,Wine,RNDC
85629,PHIL LONG,Wine,RNDC
85629,PHILIP SHAW,Wine,RNDC
85629,PHILIPPONNAT,Wine,RNDC
85629,PHOTOGRAPH,Wine,RNDC
85629,PIAFF,Wine,RNDC
85629,PICCINI,Wine,RNDC
85629,PICCO,Wine,RNDC
85629,PICKET FENCE,Wine,RNDC
85629,PIEDRA DEL AGUILA,Wine,RNDC
85629,PIERRE & PAUL,Wine,RNDC
85629,PIERRE LE GRAND,Wine,RNDC
85629,PIERRE MAREY ET FILS,Wine,RNDC
85629,PIERRE MOREY,Wine,RNDC
85629,PIETRAMAGGIO,Wine,RNDC
85629,PIEVE SANTA RESTITUTA,Wine,RNDC
85629,PIGHIN,Wine,RNDC
85629,PIGNAN,Wine,RNDC
85629,PILCROW,Wine,RNDC
85629,PILEDRIVER,Wine,RNDC
85629,PINACULO,Wine,RNDC
85629,PINECROFT,Wine,RNDC
85629,PININFARINA,Wine,RNDC
85629,PINK & GOLD,Wine,RNDC
85629,PINK DREAMS,Wine,RNDC
85629,PINK POISE,Wine,RNDC
85629,PINK TRUCK,Wine,RNDC
85629,PINKY TRUCE,Wine,RNDC
85629,PINO,Wine,RNDC
85629,PINOPASSO,Wine,RNDC
85629,PINOT ENVY,Wine,RNDC
85629,PINOT EVIL,Wine,RNDC
85629,PINX SKINNY TO GO COCKTAILS,Wine,RNDC
85629,PIO CESARE,Wine,RNDC
85629,PIPER HEIDSIECK,Wine,RNDC
85629,PIPER SONOMA,Wine,RNDC
85629,PIPERS,Wine,RNDC
85629,PIQUE-NIQUE,Wine,RNDC
85629,PIRANHA,Wine,RNDC
85629,PITAGORA,Wine,RNDC
85629,PITARS,Wine,RNDC
85629,PKNT,Wine,RNDC
85629,PLACIDO,Wine,RNDC
85629,PLANET B,Wine,RNDC
85629,PLANET OREGON,Wine,RNDC
85629,PLANETA,Wine,RNDC
85629,PLATINO IT,Wine,RNDC
85629,PLATINO SP,Wine,RNDC
85629,PLATYPUS CREEK,Wine,RNDC
85629,PLAYA CANTINA,Wine,RNDC
85629,PLAYWRIGHT,Wine,RNDC
85629,PLUMERIA,Wine,RNDC
85629,PLUMLOCO,Wine,RNDC
85629,PLUMMY,Wine,RNDC
85629,PLUSH,Wine,RNDC
85629,PODERI MELINI,Wine,RNDC
85629,PODERNUOVO A PALAZZONE,Wine,RNDC
85629,POEMA,Wine,RNDC
85629,POESIA,Wine,RNDC
85629,POGGIO IL CASTELLARE,Wine,RNDC
85629,POGGIO SALVI DI MONTALCINO,Wine,RNDC
85629,POGGIO STELLA,Wine,RNDC
85629,POINT TAKEN,Wine,RNDC
85629,POISE,Wine,RNDC
85629,POL REMY,Wine,RNDC
85629,POL ROGER,Wine,RNDC
85629,POLLO PAZZO,Wine,RNDC
85629,POLVARO ORO,Wine,RNDC
85629,POMEGRANATE,Wine,RNDC
85629,POMELO,Wine,RNDC
85629,POMPITA,Wine,RNDC
85629,POOL HOUSE,Wine,RNDC
85629,POP THE TOP,Wine,RNDC
85629,POPCORN,Wine,RNDC
85629,POPCRUSH,Wine,RNDC
85629,POPPY MEADOW,Wine,RNDC
85629,PORCH SWING,Wine,RNDC
85629,PORTA PALO,Wine,RNDC
85629,PORTA VITA,Wine,RNDC
85629,PORTALE D'ASPRA,Wine,RNDC
85629,PORTE STE GERMAINE,Wine,RNDC
85629,PORTER & PLOT,Wine,RNDC
85629,PORTFOLIO,Wine,RNDC
85629,PORTILLO,Wine,RNDC
85629,PORTRAIT OF A WALLFLOWER,Wine,RNDC
85629,POST & BEAM,Wine,RNDC
85629,POST & PADDOCK,Wine,RNDC
85629,POUR DECISIONS,Wine,RNDC
85629,PRA DELLA LUNA,Wine,RNDC
85629,PRATS FRERES,Wine,RNDC
85629,PRAYERS OF SINNERS AND SAINTS,Wine,RNDC
85629,PREAMBULE,Wine,RNDC
85629,PRECARIOUS,Wine,RNDC
85629,PRECIOUS LIGHTS,Wine,RNDC
85629,PREDATOR,Wine,RNDC
85629,PRELIUS,Wine,RNDC
85629,PRELUDE A GRAND PUY DUCASSE,Wine,RNDC
85629,PREMIAT,Wine,RNDC
85629,PREMIUS,Wine,RNDC
85629,PREVAIL,Wine,RNDC
85629,PRIEURE SAINT COME,Wine,RNDC
85629,PRIMAL ROOTS,Wine,RNDC
85629,PRIME CUT 55,Wine,RNDC
85629,PRIMI,Wine,RNDC
85629,PRIMUS,Wine,RNDC
85629,PRINCE DE LYS,Wine,RNDC
85629,PRINCE HILL VINEYARDS,Wine,RNDC
85629,PRINCE MICHEL,Wine,RNDC
85629,PRINCE MICHEL DE LEON,Wine,RNDC
85629,PRINCE MICHEL DE NAPA,Wine,RNDC
85629,PRINCE MICHEL DE RAPIDAN,Wine,RNDC
85629,PRINCE MICHEL DE VIRGINIA,Wine,RNDC
85629,PRINCIPAL,Wine,RNDC
85629,PRINCIPATO,Wine,RNDC
85629,PRINCIPESSA GAVIA,Wine,RNDC
85629,PRINZ VON HESSEN,Wine,RNDC
85629,PRINZ VON PREUSSEN WEINELLEREI,Wine,RNDC
85629,PRIOR TERRAE,Wine,RNDC
85629,PROMINENCE,Wine,RNDC
85629,PROMISQOUS,Wine,RNDC
85629,PROPER ETIQUETTE,Wine,RNDC
85629,PROSIT NEUJAHR,Wine,RNDC
85629,PROSPERO,Wine,RNDC
85629,PROTEGE,Wine,RNDC
85629,PROVISIONS WINE COMPANY,Wine,RNDC
85629,PROXIMITY TWENTY SIX,Wine,RNDC
85629,PRUNOTTO,Wine,RNDC
85629,PSYCHE,Wine,RNDC
85629,PUBLIC RADIO,Wine,RNDC
85629,PUBLIX,Wine,RNDC
85629,PUENTE AUSTRAL,Wine,RNDC
85629,PUIATTI,Wine,RNDC
85629,PUJANZA,Wine,RNDC
85629,PUMPKIN SPICE,Wine,RNDC
85629,PUNTO NINO,Wine,RNDC
85629,PURA (CHILE),Wine,RNDC
85629,PURAMUN,Wine,RNDC
85629,PURE PLAY,Wine,RNDC
85629,PURE THE WINERY,Wine,RNDC
85629,PURE WINE PLEASURE,Wine,RNDC
85629,PUROS,Wine,RNDC
85629,PURPLE COWBOY,Wine,RNDC
85629,PYRAMID SCHEME,Wine,RNDC
85629,PYROS,Wine,RNDC
85629,Paper Boy,Wine,RNDC
85629,QUAIL CREEK,Wine,RNDC
85629,QUAIL VALLEY VINEYARDS,Wine,RNDC
85629,QUARA,Wine,RNDC
85629,QUATTRO THEORY,Wine,RNDC
85629,QUEEN'S GAMBIT,Wine,RNDC
85629,QUERCETO,Wine,RNDC
85629,QUERCIA AL POGGIO,Wine,RNDC
85629,QUEST,Wine,RNDC
85629,QUICKFIRE,Wine,RNDC
85629,QUINON DE VALMIRA,Wine,RNDC
85629,QUINTA COLLECTION VARIETY BOX,Wine,RNDC
85629,QUINTA DA AVELEDA,Wine,RNDC
85629,QUINTA DA GARRIDA,Wine,RNDC
85629,QUINTA DA ROMANEIRA,Wine,RNDC
85629,QUINTA DO ATAIDE,Wine,RNDC
85629,QUINTA DO CARMO,Wine,RNDC
85629,QUINTA DO NOVAL,Wine,RNDC
85629,QUINTA SARDONIA,Wine,RNDC
85629,QUINTARA,Wine,RNDC
85629,QUINTESSA,Wine,RNDC
85629,QUORUM,Wine,RNDC
85629,QUOTATION,Wine,RNDC
85629,R A MERRY,Wine,RNDC
85629,R H PHILLIPS VINEYARD,Wine,RNDC
85629,R J REED LTD,Wine,RNDC
85629,R2 WINE COMPANY,Wine,RNDC
85629,R37,Wine,RNDC
85629,RACER 68,Wine,RNDC
85629,RACINES,Wine,RNDC
85629,RACINES & TERROIRS,Wine,RNDC
85629,RAEBURN,Wine,RNDC
85629,RAGE,Wine,RNDC
85629,RAIA OR,Wine,RNDC
85629,RAILYARD WINES,Wine,RNDC
85629,RAINSTORM,Wine,RNDC
85629,RAMONA SINGER,Wine,RNDC
85629,RAMOS PINTO,Wine,RNDC
85629,RANCH 32,Wine,RNDC
85629,RANCH RIDER SPIRITS CO,Low Alcohol Beverage,RNDC
85629,RANCHO LA GLORIA,Wine,RNDC
85629,RANDALL BRIDGE,Wine,RNDC
85629,RANDALL MONROE,Wine,RNDC
85629,RANSOM,Wine,RNDC
85629,RAPIDAN RIVER,Wine,RNDC
85629,RARE NORTH,Wine,RNDC
85629,RASCAL,Wine,RNDC
85629,RASCALLY RABBIT,Wine,RNDC
85629,RATTI,Wine,RNDC
85629,RAVAGE,Wine,RNDC
85629,RAVAILLE ERMITAGE DU PIC ST LOUP,Wine,RNDC
85629,RAVANAL,Wine,RNDC
85629,RAVENSWOOD,Wine,RNDC
85629,RAY OF LIGHT,Wine,RNDC
85629,RAY'S CREEK VINEYARDS,Wine,RNDC
85629,RAYMI,Wine,RNDC
85629,RAYNE VIGNEAU,Wine,RNDC
85629,RAYS OF LIGHT,Wine,RNDC
85629,RAZA ARGENTINA,Wine,RNDC
85629,RAZA DOLCE,Wine,RNDC
85629,REAL WINE,Wine,RNDC
85629,REALEZA,Wine,RNDC
85629,REASON TO SPARKLE,Wine,RNDC
85629,REATA,Wine,RNDC
85629,REBEL COAST WINERY,Wine,RNDC
85629,REBEL WINE,Wine,RNDC
85629,REBELLIOUS,Wine,RNDC
85629,REBUSITY,Wine,RNDC
85629,RECANATI,Wine,RNDC
85629,RECIPROCITY,Wine,RNDC
85629,RECKLESS LOVE,Wine,RNDC
85629,RECKLESS LOVE WINES,Wine,RNDC
85629,RED BANDANA,Wine,RNDC
85629,RED DIAMOND,Wine,RNDC
85629,RED FLYER,Wine,RNDC
85629,RED GUITAR,Wine,RNDC
85629,RED SNAKE,Wine,RNDC
85629,RED TRUCK,Wine,RNDC
85629,RED VELVET BY CUPCAKE,Wine,RNDC
85629,REDBUD,Wine,RNDC
85629,REDCLIFFE,Wine,RNDC
85629,REDWOOD HIGHWAY,Wine,RNDC
85629,REFLECTION RIDGE,Wine,RNDC
85629,REFLECTIVE WINGS,Wine,RNDC
85629,REGALEALI,Wine,RNDC
85629,REGINATO,Wine,RNDC
85629,REGNARD,Wine,RNDC
85629,REINDEER RANCH,Wine,RNDC
85629,REJUVENATE,Wine,RNDC
85629,RELATIVE,Wine,RNDC
85629,RELAX,Wine,RNDC
85629,REMOLE,Wine,RNDC
85629,RENATO RATTI,Wine,RNDC
85629,RENE BARBIER,Wine,RNDC
85629,RENE DE LACRAY,Wine,RNDC
85629,RENE ROSTAING,Wine,RNDC
85629,RENWOOD,Wine,RNDC
85629,REPLICA,Wine,RNDC
85629,REPUBLIC OF WINE,Wine,RNDC
85629,RESERVE DE L'AUBE,Wine,RNDC
85629,RESERVE DE LA COMTESSE,Wine,RNDC
85629,RESERVE DES AULEINES,Wine,RNDC
85629,RESERVE DES BERTRANDS,Wine,RNDC
85629,RESERVE DES ROCHERS,Wine,RNDC
85629,RESERVE DU CHATEAU CROIX MOUTON,Wine,RNDC
85629,RESERVE ST MARTIN,Wine,RNDC
85629,RESONANCE,Wine,RNDC
85629,REST IN PEACE,Wine,RNDC
85629,RESTIVO,Wine,RNDC
85629,RESTORATION,Wine,RNDC
85629,RETRATO POR JEAN CLAUDE,Wine,RNDC
85629,RETRO REWIND,Wine,RNDC
85629,REVAH,Cider,RNDC
85629,REVAH,Wine,RNDC
85629,REVEL,Wine,RNDC
85629,REVELEE,Wine,RNDC
85629,REY DE COPAS,Wine,RNDC
85629,REYNOLDS VINEYARDS,Wine,RNDC
85629,RHIANNON,Wine,RNDC
85629,RHINEFLUR,Wine,RNDC
85629,RHUMBERO,Wine,RNDC
85629,RHUMBERTO,Wine,RNDC
85629,RIB SHACK,Wine,RNDC
85629,RIBOLI FAMILY VINEYARD,Wine,RNDC
85629,RICHARDS WILD IRISH ROSE,Wine,RNDC
85629,RICKSHAW,Wine,RNDC
85629,RIDDOCH,Wine,RNDC
85629,RIDE,Wine,RNDC
85629,RIDOLFI,Wine,RNDC
85629,RIGATONI,Wine,RNDC
85629,RIGHT HOOK,Wine,RNDC
85629,RIHAKU,Wine,RNDC
85629,RIMON WINERY,Wine,RNDC
85629,RING RING,Wine,RNDC
85629,RIO DULCE,Wine,RNDC
85629,RIO SECO,Wine,RNDC
85629,RIO VACA VINEYARDS,Wine,RNDC
85629,RIOJA VEGA,Wine,RNDC
85629,RIONDO,Wine,RNDC
85629,RIPARIAN,Wine,RNDC
85629,RISCAL 1860,Wine,RNDC
85629,RISERVA DELLA FAMIGLIA,Wine,RNDC
85629,RISQUE,Wine,RNDC
85629,RITUAL,Wine,RNDC
85629,RIUNITE,Wine,RNDC
85629,RIVA DE LA ROSA,Wine,RNDC
85629,RIVEFORT DE FRANCE,Wine,RNDC
85629,RIVERA,Wine,RNDC
85629,RNR,Wine,RNDC
85629,ROAMER,Wine,RNDC
85629,ROARING MEG,Wine,RNDC
85629,ROBERT AUGUST,Wine,RNDC
85629,ROBERT DE NOLA,Wine,RNDC
85629,ROBERT MONDAVI,Wine,RNDC
85629,ROBERT OATLEY,Wine,RNDC
85629,ROBERT PEPI,Wine,RNDC
85629,ROBERT SKALLI,Wine,RNDC
85629,ROC DE L'ABBAYE,Wine,RNDC
85629,ROC DES BOUTIRES,Wine,RNDC
85629,ROCCA DELLE MACIE,Wine,RNDC
85629,ROCHE GUILHEM,Wine,RNDC
85629,ROCHIOLI,Wine,RNDC
85629,ROCINANTE,Wine,RNDC
85629,ROCK RABBIT,Wine,RNDC
85629,ROCKBARE,Wine,RNDC
85629,ROCKET WINERY,Wine,RNDC
85629,ROCO,Wine,RNDC
85629,RODNEY STRONG,Wine,RNDC
85629,ROEDERER ESTATE,Wine,RNDC
85629,ROESSLER,Wine,RNDC
85629,ROGER LASSARAT,Wine,RNDC
85629,ROKU,Wine,RNDC
85629,ROLLING,Wine,RNDC
85629,ROLLING HISTORY,Wine,RNDC
85629,ROMAIN DUVERNAY,Wine,RNDC
85629,ROMAN COPPOLA RESERVE,Wine,RNDC
85629,ROMBAUER VINEYARDS,Wine,RNDC
85629,ROMEL,Wine,RNDC
85629,ROOT & RUBBLE,Wine,RNDC
85629,ROOT 66,Wine,RNDC
85629,ROOT AND VINE,Wine,RNDC
85629,ROQUATELLE,Wine,RNDC
85629,ROSA OBSCURA,Wine,RNDC
85629,ROSARIO VERA,Wine,RNDC
85629,ROSATELLO,Wine,RNDC
85629,ROSCATO,Wine,RNDC
85629,ROSE ALL DAY,Wine,RNDC
85629,ROSE BAE,Wine,RNDC
85629,ROSE D'ENFER,Wine,RNDC
85629,ROSE D'OR,Wine,RNDC
85629,ROSE DE LA SOLITUDE,Wine,RNDC
85629,ROSEBLOOD D'ESTOUBLON,Wine,RNDC
85629,ROSEHAVEN,Wine,RNDC
85629,ROSELLE,Wine,RNDC
85629,ROSENBLUM CELLARS,Wine,RNDC
85629,ROSSO & BIANCO,Wine,RNDC
85629,ROSSO FIORENTINO,Wine,RNDC
85629,ROTARI,Wine,RNDC
85629,ROTEM & MOUNIR SAOUMA,Wine,RNDC
85629,ROTH ESTATE,Wine,RNDC
85629,ROTHBURY ESTATE,Wine,RNDC
85629,ROUGH DAY,Wine,RNDC
85629,ROUND HILL,Wine,RNDC
85629,ROUND POND ESTATE,Wine,RNDC
85629,ROUNDHOUSE,Wine,RNDC
85629,ROUTE 99,Wine,RNDC
85629,ROUTESTOCK,Wine,RNDC
85629,ROW BY ROW,Wine,RNDC
85629,ROWEN,Wine,RNDC
85629,ROXANNE,Wine,RNDC
85629,ROYAL,Wine,RNDC
85629,ROYAL OAKS RANCH,Wine,RNDC
85629,ROYAL OYSTER,Wine,RNDC
85629,ROYAL POST,Wine,RNDC
85629,ROYAL PRINCE,Wine,RNDC
85629,ROYAL TOKAJI,Wine,RNDC
85629,ROYALE,Wine,RNDC
85629,RUBICON ESTATE,Wine,RNDC
85629,RUFFINO,Wine,RNDC
85629,RUINART,Wine,RNDC
85629,RUNNYMEDE,Wine,RNDC
85629,RUSACK,Wine,RNDC
85629,RUSSIAN STANDARD,Low Alcohol Beverage,RNDC
85629,RUST EN VREDE,Wine,RNDC
85629,RUTHERFORD ESTATE CELLARS,Wine,RNDC
85629,RUTHERFORD HILL,Wine,RNDC
85629,RUTHERFORD RANCH,Wine,RNDC
85629,RUTHERFORD WINE COMPANY,Wine,RNDC
85629,RYDER ESTATE,Wine,RNDC
85629,RYOKO,Wine,RNDC
85629,S A PRUM,Wine,RNDC
85629,SABER,Wine,RNDC
85629,SABLES D'AZUR,Wine,RNDC
85629,SABOTAGE,Wine,RNDC
85629,SACCARDI,Wine,RNDC
85629,SACRED HILL,Wine,RNDC
85629,SACRIFICIAL JOURNEY,Wine,RNDC
85629,SADDLE MOUNTAIN,Wine,RNDC
85629,SADDLEWORTH HILLS,Wine,RNDC
85629,SAINT CLAIR FAMILY ESTATE,Wine,RNDC
85629,SAINT SPRITZ,Wine,RNDC
85629,SAKURA,Wine,RNDC
85629,SALENTEIN,Wine,RNDC
85629,SALEYA,Wine,RNDC
85629,SALMON CREEK,Wine,RNDC
85629,SALMON HARBOR,Wine,RNDC
85629,SALMON'S LEAP,Wine,RNDC
85629,SALMOS,Wine,RNDC
85629,SALNEVAL,Wine,RNDC
85629,SALTY BLONDE,Wine,RNDC
85629,SALVANZA,Wine,RNDC
85629,SALVARE,Wine,RNDC
85629,SALVIANO,Wine,RNDC
85629,SAMUEL SMITH'S,Cider,RNDC
85629,SAN ANGELO,Wine,RNDC
85629,SAN ANTONIO,Wine,RNDC
85629,SAN ANTONIO WINERY,Wine,RNDC
85629,SAN LEON,Wine,RNDC
85629,SAN MICHELE,Wine,RNDC
85629,SAN PATRIGNANO,Wine,RNDC
85629,SAN PEDRO,Wine,RNDC
85629,SAN SIMEON,Wine,RNDC
85629,SANDALFORD,Wine,RNDC
85629,SANDARA,Wine,RNDC
85629,SANDEMAN,Wine,RNDC
85629,SANDHOLDT,Wine,RNDC
85629,SANFORD,Wine,RNDC
85629,SANTA ALICIA,Wine,RNDC
85629,SANTA ANITA,Wine,RNDC
85629,SANTA CRISTINA,Wine,RNDC
85629,SANTA DUC,Wine,RNDC
85629,SANTA EMA,Wine,RNDC
85629,SANTA FLORENTINA,Wine,RNDC
85629,SANTA GABRIELA,Wine,RNDC
85629,SANTA MARGHERITA,Wine,RNDC
85629,SANTA MARINA,Wine,RNDC
85629,SANTA MARTINA,Wine,RNDC
85629,SANTA RITA,Wine,RNDC
85629,SANTA ROSA,Wine,RNDC
85629,SANTA SOFIA,Wine,RNDC
85629,SANTANA,Wine,RNDC
85629,SANTO IT,Wine,RNDC
85629,SANTONINO,Wine,RNDC
85629,SANTOS,Wine,RNDC
85629,SANTOS SANGRIA,Wine,RNDC
85629,SANZENO,Wine,RNDC
85629,SAPIENS,Wine,RNDC
85629,SARACINA,Wine,RNDC
85629,SARGET DE GRUAUD LAROSE,Wine,RNDC
85629,SARTORI,Wine,RNDC
85629,SASSOREGALE,Wine,RNDC
85629,SATURDAY RED,Wine,RNDC
85629,SAUCE,Wine,RNDC
85629,SAUVETAGE,Wine,RNDC
85629,SAVE ME SAN FRANCISCO,Wine,RNDC
85629,SAVED,Wine,RNDC
85629,SAVONA,Wine,RNDC
85629,SAWMILL CREEK,Wine,RNDC
85629,SCARLET VINE,Wine,RNDC
85629,SCATTERED PEAKS,Wine,RNDC
85629,SCHARFFENBERGER,Wine,RNDC
85629,SCHEID VINEYARDS,Wine,RNDC
85629,SCHEUER VINEYARDS,Wine,RNDC
85629,SCHLOSS JOHANNISBERG,Wine,RNDC
85629,SCHLOSS REINHARTSHAUSEN,Wine,RNDC
85629,SCHLOSS VOLLRADS,Wine,RNDC
85629,SCHMITT SCHENK,Wine,RNDC
85629,SCHMITT SOHNE,Wine,RNDC
85629,SCHMITT SOHNE FAMILY WINES,Wine,RNDC
85629,SCHMITT SOHNE WINES,Wine,RNDC
85629,SCHRADER,Wine,RNDC
85629,SCHRAMSBERG,Wine,RNDC
85629,SCHUCKS,Wine,RNDC
85629,SCOTT FAMILY ESTATE,Wine,RNDC
85629,SCOUT WILD,Wine,RNDC
85629,SCREW KAPPA NAPA,Wine,RNDC
85629,SEA MONSTER,Wine,RNDC
85629,SEA PHANTOM,Wine,RNDC
85629,SEA RIDGE,Wine,RNDC
85629,SEA SIREN,Wine,RNDC
85629,SEA WAVE,Wine,RNDC
85629,SEAGLASS,Wine,RNDC
85629,SEASON'S TWEETINGS,Wine,RNDC
85629,SEAVIEW,Wine,RNDC
85629,SEAWORTH,Wine,RNDC
85629,SEBASTIANI,Wine,RNDC
85629,SECCO IT,Wine,RNDC
85629,SECLUDED RETREAT,Wine,RNDC
85629,SECRET DE FAMILLE,Wine,RNDC
85629,SECRET DOOR,Wine,RNDC
85629,SECRETS REVEALED,Wine,RNDC
85629,SEDIMENTARY,Wine,RNDC
85629,SEEBERGER,Wine,RNDC
85629,SEEK & ESCAPE,Wine,RNDC
85629,SEGURA VIUDAS,Wine,RNDC
85629,SEIGNEUR DE LA TOUR,Wine,RNDC
85629,SEIKYO,Wine,RNDC
85629,SEIN,Wine,RNDC
85629,SELAKS,Wine,RNDC
85629,SELECTION RENE MANUEL,Wine,RNDC
85629,SELLA & MOSCA,Wine,RNDC
85629,SEMBRA UNA VESPA,Wine,RNDC
85629,SENKIN SAKE BREWERY CO,Wine,RNDC
85629,SENORIO DE LA ANTIGUA,Wine,RNDC
85629,SENORIO DE LOS LLANOS,Wine,RNDC
85629,SENTIDO DE BORO,Wine,RNDC
85629,SEPPELT,Wine,RNDC
85629,SEQUIN,Wine,RNDC
85629,SEQUOIA GROVE,Wine,RNDC
85629,SEQURA VIUDAS,Wine,RNDC
85629,SERAFINI & VIDOTTO,Wine,RNDC
85629,SERENITA BELLA,Wine,RNDC
85629,SERIAL WINES,Wine,RNDC
85629,SERIE IMPAR,Wine,RNDC
85629,SERVE,Wine,RNDC
85629,SESSHU OTOKOYAMA,Wine,RNDC
85629,SETTESOLI,Wine,RNDC
85629,SETTING SUN,Wine,RNDC
85629,SETTLEMENT,Wine,RNDC
85629,SEURIN,Wine,RNDC
85629,SEVEN,Wine,RNDC
85629,SEVEN DAUGHTERS,Wine,RNDC
85629,SEVEN FALLS,Wine,RNDC
85629,SEVEN SISTERS,Wine,RNDC
85629,SEVEN SUNS,Wine,RNDC
85629,SEVENTH MOON,Wine,RNDC
85629,SEVILLANA,Wine,RNDC
85629,SHADES,Wine,RNDC
85629,SHADES OF BLUE,Wine,RNDC
85629,SHADOW CREEK CELLARS,Wine,RNDC
85629,SHADOW DANCE,Wine,RNDC
85629,SHADOW HILL,Wine,RNDC
85629,SHADOW SHOW,Wine,RNDC
85629,SHANIA,Wine,RNDC
85629,SHARK TRUST,Wine,RNDC
85629,SHATTER,Wine,RNDC
85629,SHAYA,Wine,RNDC
85629,SHEEP STATION,Wine,RNDC
85629,SHEEP THRILLS,Wine,RNDC
85629,SHICHI HON YARI,Wine,RNDC
85629,SHIMIZU NO MAI,Wine,RNDC
85629,SHIMMIN CANYON VINEYARD,Wine,RNDC
85629,SHINING HILL,Wine,RNDC
85629,SHIOKAWA,Wine,RNDC
85629,SHIRAKAWAGO,Wine,RNDC
85629,SHIRAYUKI,Wine,RNDC
85629,SHO CHIKU BAI,Wine,RNDC
85629,SHOOTING STAR,Wine,RNDC
85629,SHORESIDE,Wine,RNDC
85629,SHOTTY'S,Wine,RNDC
85629,SICANI,Wine,RNDC
85629,SICHEL,Wine,RNDC
85629,SIDE BY SIDE,Wine,RNDC
85629,SIDECAR,Wine,RNDC
85629,SIDERAL,Wine,RNDC
85629,SIELO BLU,Wine,RNDC
85629,SIEPI,Wine,RNDC
85629,SIERRA MADRE VINEYARD,Wine,RNDC
85629,SIERRA SANGRIA,Wine,RNDC
85629,SIGN OF THE TIMES,Wine,RNDC
85629,SIGNAL RIDGE,Wine,RNDC
85629,SIGNATERRA,Wine,RNDC
85629,SIGNATURE RESERVE CELLARS,Wine,RNDC
85629,SIGNOR LUNA,Wine,RNDC
85629,SIGNOS DE ORIGEN,Wine,RNDC
85629,SILENT HUNTER,Wine,RNDC
85629,SILK & SPICE,Wine,RNDC
85629,SILTERRA,Wine,RNDC
85629,SILVER BIRCH,Wine,RNDC
85629,SILVER BUCKLE CELLARS,Wine,RNDC
85629,SILVER GATE,Wine,RNDC
85629,SILVER OAK,Wine,RNDC
85629,SILVER PALM,Wine,RNDC
85629,SILVER RAVEN,Wine,RNDC
85629,SILVER TOTEM,Wine,RNDC
85629,SILVERADO VINEYARDS,Wine,RNDC
85629,SIMI,Wine,RNDC
85629,SIMONETTE,Wine,RNDC
85629,SIMPLE,Wine,RNDC
85629,SIMPLY FRUIT,Wine,RNDC
85629,SIMPLY NAKED,Wine,RNDC
85629,SINCERITY,Wine,RNDC
85629,SINEGAL,Wine,RNDC
85629,SINO DA ROMANEIRA,Wine,RNDC
85629,SIP 'N SAMPLE,Wine,RNDC
85629,SIP'N WITH BLITZEN,Wine,RNDC
85629,SIPPIN SPARKS,Wine,RNDC
85629,SIRENA DEL MARE,Wine,RNDC
85629,SIRIUS,Wine,RNDC
85629,SIRSELL,Wine,RNDC
85629,SISTER MOON,Wine,RNDC
85629,SITRAL,Wine,RNDC
85629,SIX DEGREES,Wine,RNDC
85629,SIX STRING,Wine,RNDC
85629,SIXTO,Wine,RNDC
85629,SIXTY-FIVE & BROAD,Wine,RNDC
85629,SKALLI DUPUIS 1920 GRAND VIN DU RHONE,Wine,RNDC
85629,SKELETON,Wine,RNDC
85629,SKINNYGIRL,Wine,RNDC
85629,SKULL & BONES,Wine,RNDC
85629,SKY'S THE LIMIT,Wine,RNDC
85629,SKYFAIR,Wine,RNDC
85629,SLAM DUNK,Wine,RNDC
85629,SLOTH,Wine,RNDC
85629,SLOW CHURN,Wine,RNDC
85629,SLOW DANCER,Wine,RNDC
85629,SLOW PRESS,Wine,RNDC
85629,SLS,Wine,RNDC
85629,SLY AS A FOX,Wine,RNDC
85629,SMASHBERRY,Wine,RNDC
85629,SMASHED GRAPES,Wine,RNDC
85629,SMG CELLARS,Wine,RNDC
85629,SMIRNOFF SINGLES,Wine,RNDC
85629,SMITH & HOOK,Wine,RNDC
85629,SMITH & PERRY,Wine,RNDC
85629,SNAP DRAGON,Wine,RNDC
85629,SNOQUALMIE VINEYARDS,Wine,RNDC
85629,SNOW CRYSTALS,Wine,RNDC
85629,SNOW DOVE,Wine,RNDC
85629,SNOW FLURRIES,Wine,RNDC
85629,SNOW FORT,Wine,RNDC
85629,SNOW FUN,Wine,RNDC
85629,SNOW MUCH FUN,Wine,RNDC
85629,SNOWFLAKE DANCE,Wine,RNDC
85629,SNOWFLAKE ENCORE,Wine,RNDC
85629,SNOWY VILLAGE,Wine,RNDC
85629,SNUGGLE SEASON,Wine,RNDC
85629,SO VIN SE,Wine,RNDC
85629,SOC AGR COLLI ASOLANI DE BEDIN ENRICO,Wine,RNDC
85629,SOCIAL ENJOYMENTS,Wine,RNDC
85629,SOCIOLOGIE,Wine,RNDC
85629,SOFFIATO VIA,Wine,RNDC
85629,SOFFOCONE DI VINCIGLIATA,Wine,RNDC
85629,SOFIA,Wine,RNDC
85629,SOIREE SIPPER,Wine,RNDC
85629,SOKOL BLOSSER,Wine,RNDC
85629,SOL DE IBIZA,Wine,RNDC
85629,SOL RIO,Wine,RNDC
85629,SOLA,Wine,RNDC
85629,SOLA  SP,Wine,RNDC
85629,SOLANES,Wine,RNDC
85629,SOLAR DE LA VEGA,Wine,RNDC
85629,SOLAR PLEXUS,Wine,RNDC
85629,SOLEIL,Wine,RNDC
85629,SOLEN,Wine,RNDC
85629,SOLEO,Wine,RNDC
85629,SOLINE,Wine,RNDC
85629,SOLIVINO,Wine,RNDC
85629,SOLLETICO,Wine,RNDC
85629,SOLMAYOR,Wine,RNDC
85629,SOLO REFLECTION,Wine,RNDC
85629,SOLO REFLECTIONS,Wine,RNDC
85629,SOLOMON HILLS,Wine,RNDC
85629,SOLSTONE ESTATE,Wine,RNDC
85629,SOME WINE,Wine,RNDC
85629,SONGBIRD DUET,Wine,RNDC
85629,SONGS ABOUT WINTER,Wine,RNDC
85629,SONJA,Wine,RNDC
85629,SONOMA CREST,Wine,RNDC
85629,SONOMA HILL VINEYARDS,Wine,RNDC
85629,SONOMA HILLS,Wine,RNDC
85629,SONOMA RANCHES,Wine,RNDC
85629,SONOMA VINEYARDS,Wine,RNDC
85629,SONOROSO,Wine,RNDC
85629,SOPHENIA,Wine,RNDC
85629,SOPHIE BARON,Wine,RNDC
85629,SOPHIE'S CELLARS,Wine,RNDC
85629,SOPRA SOTTO,Wine,RNDC
85629,SOTER VINEYARDS,Wine,RNDC
85629,SOTO,Wine,RNDC
85629,SOTO DE TORRES,Wine,RNDC
85629,SOUL MATE,Wine,RNDC
85629,SOUL OF THE SUN,Wine,RNDC
85629,SOULFUL SMILE,Wine,RNDC
85629,SOUND AND FURY,Wine,RNDC
85629,SOUR SHOT,Wine,RNDC
85629,SOUTHERN POINT,Wine,RNDC
85629,SOUTHWEST WINES,Wine,RNDC
85629,SPACE AGE,Wine,RNDC
85629,SPACE COWBOY,Wine,RNDC
85629,SPADINA,Wine,RNDC
85629,SPALLETTI,Wine,RNDC
85629,SPANISH SONS,Wine,RNDC
85629,SPANISH VINES,Wine,RNDC
85629,SPARKLE HOUSE,Wine,RNDC
85629,SPARKLING CHEERS,Wine,RNDC
85629,SPARKLING MAGIC,Wine,RNDC
85629,SPARKLING ORNAMENT,Wine,RNDC
85629,SPARKLING SPLENDOR,Wine,RNDC
85629,SPASSO,Wine,RNDC
85629,SPECIAL SELECTION BY CUPCAKE VINEYARDS,Wine,RNDC
85629,SPECIALYST,Wine,RNDC
85629,SPELLBOUND,Wine,RNDC
85629,SPHERE,Wine,RNDC
85629,SPIN THE BOTTLE,Wine,RNDC
85629,SPLENDID,Wine,RNDC
85629,SPLINTER PARTNERS,Wine,RNDC
85629,SPOKEN BARREL,Wine,RNDC
85629,SPRING MOUNTAIN VINEYARD,Wine,RNDC
85629,SPRING VALLEY VINEYARD,Wine,RNDC
85629,SPRINTER,Low Alcohol Beverage,RNDC
85629,SPRITZ DEL CONTE,Wine,RNDC
85629,SPRITZATTO,Wine,RNDC
85629,SPYGLASS,Wine,RNDC
85629,ST ANDREW'S WINERY,Wine,RNDC
85629,ST ARMEL,Low Alcohol Beverage,RNDC
85629,ST CLAIR WINERY,Wine,RNDC
85629,ST FRANCIS,Wine,RNDC
85629,ST GEORGS,Wine,RNDC
85629,ST LORENZ,Wine,RNDC
85629,ST SUPERY,Wine,RNDC
85629,STACK WINES,Wine,RNDC
85629,STACKS & STONES,Wine,RNDC
85629,STAG'S LEAP WINE CELLARS,Wine,RNDC
85629,STALKING HORSE,Wine,RNDC
85629,STAR BRIGHT,Wine,RNDC
85629,STARK RAVING,Wine,RNDC
85629,STARLIGHT,Wine,RNDC
85629,STARLIGHT WONDER,Wine,RNDC
85629,STARMONT,Wine,RNDC
85629,STASH,Wine,RNDC
85629,STATELAND CELLARS,Wine,RNDC
85629,STAY AT GNOME PARENTS,Wine,RNDC
85629,STEADY STATE,Wine,RNDC
85629,STEELE WINES,Wine,RNDC
85629,STEELHEAD,Wine,RNDC
85629,STEEP RIDGE,Wine,RNDC
85629,STEEP'D,Wine,RNDC
85629,STEIL,Wine,RNDC
85629,STEILLAGE,Wine,RNDC
85629,STELLA & HENRY,Wine,RNDC
85629,STELLA ROSA,Wine,RNDC
85629,STELLA ROYALE,Wine,RNDC
85629,STELLAR ORGANICS,Wine,RNDC
85629,STELVIO,Wine,RNDC
85629,STEMMARI,Wine,RNDC
85629,STEPHANE AVIRON,Wine,RNDC
85629,STICKS,Wine,RNDC
85629,STIMSON ESTATE CELLARS,Wine,RNDC
85629,STLTO,Wine,RNDC
85629,STOKES' GHOST,Wine,RNDC
85629,STOLLER,Wine,RNDC
85629,STOLLER FAMILY ESTATE,Wine,RNDC
85629,STOLLER SWING,Wine,RNDC
85629,STOMPING GROUND,Wine,RNDC
85629,STONE BARN VINEYARDS,Wine,RNDC
85629,STONE CELLARS,Wine,RNDC
85629,STONE CREEK,Wine,RNDC
85629,STONE FLY VINEYARD,Wine,RNDC
85629,STONE HORSE CELLARS,Wine,RNDC
85629,STONE'S ORIGINAL GINGER,Wine,RNDC
85629,STONEGATE,Wine,RNDC
85629,STONEHAVEN,Wine,RNDC
85629,STONELEIGH,Wine,RNDC
85629,STONESTREET,Wine,RNDC
85629,STONIER,Wine,RNDC
85629,STONY HILL VINEYARD,Wine,RNDC
85629,STONYBROOK VINEYARDS,Wine,RNDC
85629,STORMHOEK,Wine,RNDC
85629,STORY BEGINS,Wine,RNDC
85629,STRACCALI,Wine,RNDC
85629,STRAWBERRY FIELDS,Wine,RNDC
85629,STRUGGLING DEEP ROOTS,Wine,RNDC
85629,STRUT KING,Wine,RNDC
85629,STRUTTURA,Wine,RNDC
85629,STUMBLING GOAT,Wine,RNDC
85629,STURDY FOUNDATION,Wine,RNDC
85629,SU YUEN,Wine,RNDC
85629,SUBSTANCE,Wine,RNDC
85629,SUENO,Wine,RNDC
85629,SUFER GIRL,Wine,RNDC
85629,SUGAR REEF,Wine,RNDC
85629,SUMMER PEACH,Wine,RNDC
85629,SUMMER WATER,Wine,RNDC
85629,SUMMERLAND WINERY,Wine,RNDC
85629,SUMMIT,Wine,RNDC
85629,SUN SOAKED,Wine,RNDC
85629,SUNDAY FUNDAY,Wine,RNDC
85629,SUNNY WITH A CHANCE OF FLOWERS,Wine,RNDC
85629,SUNSEEKER,Wine,RNDC
85629,SUNSET PEAK,Wine,RNDC
85629,SUNSET SOCIAL,Wine,RNDC
85629,SURF POINT,Wine,RNDC
85629,SURF SWIM,Wine,RNDC
85629,SURFER GIRL,Wine,RNDC
85629,SUTTER HOME,Wine,RNDC
85629,SUVOROV VIN,Wine,RNDC
85629,SWANSON VINEYARDS,Wine,RNDC
85629,SWASHBUCKLER,Wine,RNDC
85629,SWEET MARIE,Wine,RNDC
85629,SWEET WINES LIMITED,Wine,RNDC
85629,SWIFT DIVE,Wine,RNDC
85629,SXS,Wine,RNDC
85629,SYCAMORE LANE,Wine,RNDC
85629,SYMPHONIE MAISON SAINTE MARGUERITE,Wine,RNDC
85629,SYNTHESIS,Wine,RNDC
85629,TABALI,Wine,RNDC
85629,TABLAO,Wine,RNDC
85629,TAHBILK,Wine,RNDC
85629,TAIHEIKAI,Wine,RNDC
85629,TAILLAN,Wine,RNDC
85629,TAILOR MADE,Wine,RNDC
85629,TAILWINDS,Wine,RNDC
85629,TAITTINGER,Wine,RNDC
85629,TAKANO BREWERY,Wine,RNDC
85629,TAKARA,Wine,RNDC
85629,TAKATENJIN,Wine,RNDC
85629,TAKE A WINE ADVENTURE,Wine,RNDC
85629,TAKEN,Wine,RNDC
85629,TALAMONTI,Wine,RNDC
85629,TALL DARK STRANGER,Wine,RNDC
85629,TALL HORSE,Wine,RNDC
85629,TALL TALES,Wine,RNDC
85629,TALOMAS,Wine,RNDC
85629,TALTARNI,Wine,RNDC
85629,TALUS,Wine,RNDC
85629,TALUS CELLARS,Wine,RNDC
85629,TALUS COLLECTION,Wine,RNDC
85629,TAMANOHIKARI,Wine,RNDC
85629,TAMARI,Wine,RNDC
85629,TANGENT,Wine,RNDC
85629,TANGLEY OAKS,Wine,RNDC
85629,TANTERRA,Wine,RNDC
85629,TAPANAPPA,Wine,RNDC
85629,TAPENA,Wine,RNDC
85629,TAPIZ,Wine,RNDC
85629,TAPROOT,Wine,RNDC
85629,TARANTULA,Low Alcohol Beverage,RNDC
85629,TARGET ADVENT 2022,Wine,RNDC
85629,TARRAWATTA,Wine,RNDC
85629,TARSUS,Wine,RNDC
85629,TASTE,Wine,RNDC
85629,TASTE THE TRUTH,Wine,RNDC
85629,TASTY,Wine,RNDC
85629,TATACHILLA,Wine,RNDC
85629,TATENOKAWA,Wine,RNDC
85629,TATIE,Wine,RNDC
85629,TAUB FAMILY VINEYARDS,Wine,RNDC
85629,TAVERNELLE,Wine,RNDC
85629,TAVOLO MATTO,Wine,RNDC
85629,TAYLOR,Wine,RNDC
85629,TAYLOR CALIFORNIA CELLARS,Wine,RNDC
85629,TAYLOR COUNTRY CELLARS,Wine,RNDC
85629,TAYLOR FLADGATE,Wine,RNDC
85629,TAZ,Wine,RNDC
85629,TE MATA ESTATE,Wine,RNDC
85629,TECHNIQUE,Wine,RNDC
85629,TELEGRAPH HILL VINEYARDS,Wine,RNDC
85629,TEMPLO,Wine,RNDC
85629,TEMPRA TANTRUM,Wine,RNDC
85629,TEMPUS TWO,Wine,RNDC
85629,TEN TO LIFE,Wine,RNDC
85629,TENBU,Wine,RNDC
85629,TENET,Wine,RNDC
85629,TENRYO,Wine,RNDC
85629,TENSLEY,Wine,RNDC
85629,TENUTA CASENUOVE,Wine,RNDC
85629,TENUTA CASTELBUONO,Wine,RNDC
85629,TENUTA DEL TERRICCIO,Wine,RNDC
85629,TENUTA DI ARCENO,Wine,RNDC
85629,TENUTA DI BISERNO,Wine,RNDC
85629,TENUTA DI CEPPAIANO,Wine,RNDC
85629,TENUTA DI GHIZZANO,Wine,RNDC
85629,TENUTA LA NOVELLA,Wine,RNDC
85629,TENUTA PERANO,Wine,RNDC
85629,TENUTA POLVARO,Wine,RNDC
85629,TENUTA REGALEALI,Wine,RNDC
85629,TENUTA ROCCA,Wine,RNDC
85629,TENUTA SAN GIORGIO,Wine,RNDC
85629,TENUTA SAN GUIDO,Wine,RNDC
85629,TENUTA SETTE CIELI,Wine,RNDC
85629,TENUTA SETTE PONTI,Wine,RNDC
85629,TENUTA VALLESELLE,Wine,RNDC
85629,TENUTE GIROLAMO,Wine,RNDC
85629,TENUTE LUNELLI,Wine,RNDC
85629,TENUTE SILVIO NARDI,Wine,RNDC
85629,TENZAN,Wine,RNDC
85629,TEOREMA,Wine,RNDC
85629,TERA BOX,Wine,RNDC
85629,TERCET,Wine,RNDC
85629,TERLATO,Wine,RNDC
85629,TERLATO FAMILY VINEYARDS,Wine,RNDC
85629,TERLATO VINEYARDS,Wine,RNDC
85629,TERMINIM,Wine,RNDC
85629,TERRA D'ORO,Wine,RNDC
85629,TERRA NOVA,Wine,RNDC
85629,TERRA VIVA,Wine,RNDC
85629,TERRALE,Wine,RNDC
85629,TERRAMARE,Wine,RNDC
85629,TERRAS GAUDA,Wine,RNDC
85629,TERRASSES DE CABRIO,Wine,RNDC
85629,TERRASSOUS,Wine,RNDC
85629,TERRAZAS DE LOS ANDES,Wine,RNDC
85629,TERRE DAVINO,Wine,RNDC
85629,TERRE DE PRINCES,Wine,RNDC
85629,TERRE MORE,Wine,RNDC
85629,TERREDAVINO,Wine,RNDC
85629,TERROIR TERRIER,Wine,RNDC
85629,TERUZZI & PUTHOD,Wine,RNDC
85629,TESSERA,Wine,RNDC
85629,TESTAMATTA,Wine,RNDC
85629,TEXAS DE BRAZIL,Wine,RNDC
85629,TGI FRIDAY'S,Wine,RNDC
85629,THE BEACH HOUSE,Wine,RNDC
85629,THE BERNARD SERIES,Wine,RNDC
85629,THE BERRIO,Wine,RNDC
85629,THE BUTCHERY,Wine,RNDC
85629,THE CHAMPION,Wine,RNDC
85629,THE COLLECTION,Wine,RNDC
85629,THE CONDUCTOR,Wine,RNDC
85629,THE COSMIC EGG,Wine,RNDC
85629,THE CRIMINAL,Wine,RNDC
85629,THE DREAMING TREE,Wine,RNDC
85629,THE DROP,Wine,RNDC
85629,THE FALL,Wine,RNDC
85629,THE FAMILY COPPOLA,Wine,RNDC
85629,THE FEDERALIST,Wine,RNDC
85629,THE FOUR GRACES,Wine,RNDC
85629,THE GLOAMING,Wine,RNDC
85629,THE GREAT AMERICAN WINE COMPANY,Wine,RNDC
85629,THE GREAT OREGON WINE CO,Wine,RNDC
85629,THE HEADLINER,Wine,RNDC
85629,THE HEART HAS ITS RIESLING,Wine,RNDC
85629,THE HOLY SNAIL,Wine,RNDC
85629,THE ICON ROCK,Wine,RNDC
85629,THE JEFFERSON,Wine,RNDC
85629,THE JIBE,Wine,RNDC
85629,THE JUICY CRAB,Wine,RNDC
85629,THE KRAKEN,Wine,RNDC
85629,THE LADY IN RED,Wine,RNDC
85629,THE LANGUAGE OF YES,Wine,RNDC
85629,THE LITTLE PENGUIN,Wine,RNDC
85629,THE LOST COLONY,Wine,RNDC
85629,THE MICHAEL MONDAVI FAMILY,Wine,RNDC
85629,THE MILLTON VINEYARD,Wine,RNDC
85629,THE MODERN COCKTAIL,Wine,RNDC
85629,THE MOST WONDERFUL WINES OF THE SEASON,Wine,RNDC
85629,THE PEDALER,Wine,RNDC
85629,THE PERFECT MATCH,Wine,RNDC
85629,THE PRINCESS AND THE PEASANT,Wine,RNDC
85629,THE RETREAT,Wine,RNDC
85629,THE RULE,Wine,RNDC
85629,THE SAX,Wine,RNDC
85629,THE SEDUCER,Wine,RNDC
85629,THE SEEKER,Wine,RNDC
85629,THE SHOW,Wine,RNDC
85629,THE SIMPLE GRAPE,Wine,RNDC
85629,THE SLAMMER,Wine,RNDC
85629,THE SOLDIER,Wine,RNDC
85629,THE SUPPER CLUB,Wine,RNDC
85629,THE TWIST,Wine,RNDC
85629,THE VEGAN VINE,Wine,RNDC
85629,THE WATERMARK HOTEL,Wine,RNDC
85629,THE WATUSI,Wine,RNDC
85629,THE WHITE DOE,Wine,RNDC
85629,THE WINE WITH NO NAME,Wine,RNDC
85629,THE WINES OF FRANCIS COPPOLA,Wine,RNDC
85629,THIBERT PARISSE,Wine,RNDC
85629,THICK SKINNED,Wine,RNDC
85629,THOMAS HALBY,Wine,RNDC
85629,THORNY ROSE,Wine,RNDC
85629,THOUSAND ISLANDS WINERY,Wine,RNDC
85629,THOUSAND OAKS,Wine,RNDC
85629,THREE BROTHERS,Wine,RNDC
85629,THREE FINGER JACK,Wine,RNDC
85629,THREE GHOST VINE,Wine,RNDC
85629,THREE MINERS,Wine,RNDC
85629,THREE OAKS,Wine,RNDC
85629,THREE PEARS,Wine,RNDC
85629,THREE PINES,Wine,RNDC
85629,THREE RIVERS WINERY,Wine,RNDC
85629,THREE SIDES,Wine,RNDC
85629,THREE THIEVES,Wine,RNDC
85629,THREE TIDES,Wine,RNDC
85629,THREE WISHES,Wine,RNDC
85629,THRILLER,Wine,RNDC
85629,THRIVE,Wine,RNDC
85629,TIBOR GAL,Wine,RNDC
85629,TIE DYE,Wine,RNDC
85629,TIERRA SECRETA,Wine,RNDC
85629,TIERRAS MORADAS,Wine,RNDC
85629,TIKAL,Wine,RNDC
85629,TIMBERWOOD VINEYARDS,Wine,RNDC
85629,TIME TO SHINE,Wine,RNDC
85629,TIME WITH FRIENDS,Wine,RNDC
85629,TIME WITH LOVED ONES,Wine,RNDC
85629,TIMOK RIVER,Wine,RNDC
85629,TIN ROOF,Wine,RNDC
85629,TINSEL & HOLLY,Wine,RNDC
85629,TINSEL AND HOLLY,Wine,RNDC
85629,TINSEL TIME,Wine,RNDC
85629,TINTO DE SOL,Wine,RNDC
85629,TINY PINK BUBBLES,Wine,RNDC
85629,TIO SOTO,Wine,RNDC
85629,TISHBI ESTATE WINERY,Wine,RNDC
85629,TITIANA,Wine,RNDC
85629,TITIGNANO,Wine,RNDC
85629,TIZ RED,Wine,RNDC
85629,TO LIFE,Wine,RNDC
85629,TOAD HOLLOW,Wine,RNDC
85629,TOAST TO LAUGHTER,Wine,RNDC
85629,TOASTED HEAD,Wine,RNDC
85629,TOASTED YOLK,Wine,RNDC
85629,TOKAJ CRUS SELECT,Wine,RNDC
85629,TOKAJI,Wine,RNDC
85629,TOLENTINO,Wine,RNDC
85629,TOLLOY,Wine,RNDC
85629,TOM EDDY,Wine,RNDC
85629,TOM GORE VINEYARDS,Wine,RNDC
85629,TOMERO,Wine,RNDC
85629,TOMIO,Wine,RNDC
85629,TONGAI,Wine,RNDC
85629,TOP HAT,Wine,RNDC
85629,TOPBOX,Wine,RNDC
85629,TOPOLOS AT RUSSIAN RIVER VINEYARDS,Wine,RNDC
85629,TORBRECK,Wine,RNDC
85629,TORCALVANO,Wine,RNDC
85629,TORCIA,Wine,RNDC
85629,TOREO,Wine,RNDC
85629,TORLASCO,Wine,RNDC
85629,TORMARESCA,Wine,RNDC
85629,TORN,Wine,RNDC
85629,TORNATORE,Wine,RNDC
85629,TORRAE DEL SALE,Wine,RNDC
85629,TORRE LA MOREIRA,Wine,RNDC
85629,TORRE ORIA,Wine,RNDC
85629,TORRE ROSAZZA,Wine,RNDC
85629,TORRE SPINA,Wine,RNDC
85629,TORRENT,Wine,RNDC
85629,TORRES,Wine,RNDC
85629,TORRESELLA,Wine,RNDC
85629,TOSO AG,Wine,RNDC
85629,TOSTI,Wine,RNDC
85629,TOTALLY RANDOM WINES,Wine,RNDC
85629,TOUCH POINT,Wine,RNDC
85629,TOUR DES FIEFS,Wine,RNDC
85629,TOURBILLOUN,Wine,RNDC
85629,TOURELLO,Wine,RNDC
85629,TOWN,Wine,RNDC
85629,TOZAI,Wine,RNDC
85629,TR WINES,Wine,RNDC
85629,TRAGOLARGO,Wine,RNDC
85629,TRAILING VINES FARM,Wine,RNDC
85629,TRAILSIDE VINEYARD,Wine,RNDC
85629,TRANQUILLE,Wine,RNDC
85629,TRANSLATIONS,Wine,RNDC
85629,TRANZIND,Wine,RNDC
85629,TRAPICHE,Wine,RNDC
85629,TRAVAGLINI,Wine,RNDC
85629,TRAVERSE CITY,Wine,RNDC
85629,TRAVIATA,Wine,RNDC
85629,TRE ALBERI,Wine,RNDC
85629,TREAD SOFTLY,Wine,RNDC
85629,TREANA,Wine,RNDC
85629,TREANA WINERY,Wine,RNDC
85629,TREE FORT,Wine,RNDC
85629,TREE TOP HILL,Wine,RNDC
85629,TREE TOPS,Wine,RNDC
85629,TRENEL,Wine,RNDC
85629,TRESTORIA,Wine,RNDC
85629,TRIADA,Wine,RNDC
85629,TRIBUNO,Wine,RNDC
85629,TRIBUTE,Wine,RNDC
85629,TRIDENTE,Wine,RNDC
85629,TRIENNES,Wine,RNDC
85629,TRILLENNIUM,Wine,RNDC
85629,TRIM VINE,Wine,RNDC
85629,TRINCHERI,Wine,RNDC
85629,TRINCHERO FAMILY ESTATES,Wine,RNDC
85629,TRINCHERO WINERY,Wine,RNDC
85629,TRINITY OAKS,Wine,RNDC
85629,TRISQUEL,Wine,RNDC
85629,TRIVENTO,Wine,RNDC
85629,TROUBLEMAKER,Wine,RNDC
85629,TROVE,Wine,RNDC
85629,TRU REIGN,Wine,RNDC
85629,TRUE EARTH,Wine,RNDC
85629,TRUE MYTH,Wine,RNDC
85629,TRUE OAK ESTATE,Wine,RNDC
85629,TRUETT HURST WINERY,Wine,RNDC
85629,TRUMP,Wine,RNDC
85629,TUDAL FAMILY WINERY,Wine,RNDC
85629,TUDAL WINERY,Wine,RNDC
85629,TUFFO,Wine,RNDC
85629,TUPELO HONEY,Wine,RNDC
85629,TURKEY FLAT VINEYARDS,Wine,RNDC
85629,TURNER ROAD,Wine,RNDC
85629,TUS NALGUITAS,Low Alcohol Beverage,RNDC
85629,TUTTO MIO,Wine,RNDC
85629,TWIN BEAKS,Wine,RNDC
85629,TWIN FIN,Wine,RNDC
85629,TWIN OAKS,Wine,RNDC
85629,TWIN SUNS,Wine,RNDC
85629,TWIN VINES,Wine,RNDC
85629,TWINKLE,Wine,RNDC
85629,TWISTED RIVER,Wine,RNDC
85629,TWISTED WINE CELLARS,Wine,RNDC
85629,TWO ARROWHEADS,Wine,RNDC
85629,TWO HORNS,Wine,RNDC
85629,TWO SISTERS,Wine,RNDC
85629,TWO VINES,Wine,RNDC
85629,TWOMEY,Wine,RNDC
85629,TWOTONE FARM,Wine,RNDC
85629,UITKYK,Wine,RNDC
85629,ULTIMATE PROVENCE,Wine,RNDC
85629,UN DOUBLE,Wine,RNDC
85629,UN4SEEN,Wine,RNDC
85629,UNDAUNTED,Wine,RNDC
85629,UNE FEMME,Wine,RNDC
85629,UNEXPECTED,Wine,RNDC
85629,UNICO,Wine,RNDC
85629,UNITED INK,Wine,RNDC
85629,UNIVERSAL WINE NETWORK,Wine,RNDC
85629,UNKNOWN AUTHOR,Wine,RNDC
85629,UNO MAS,Wine,RNDC
85629,UNOBLE,Wine,RNDC
85629,UNOKEG,Wine,RNDC
85629,UNPARALLELED,Wine,RNDC
85629,UNRATED,Wine,RNDC
85629,UNSANCTIONED,Wine,RNDC
85629,UNSCRIPTED,Wine,RNDC
85629,URBAN BARN,Wine,RNDC
85629,URBAN PROVENCE,Wine,RNDC
85629,URBAN VIBES,Wine,RNDC
85629,URBINA,Wine,RNDC
85629,URLAR,Wine,RNDC
85629,URLARI,Wine,RNDC
85629,URLO,Wine,RNDC
85629,USA CABERNET,Wine,RNDC
85629,USED AUTOMOBILE PARTS,Wine,RNDC
85629,V G CORYDON,Wine,RNDC
85629,V'NILLA NOIR,Wine,RNDC
85629,V.NO,Wine,RNDC
85629,V2G,Wine,RNDC
85629,VAI,Wine,RNDC
85629,VAL D'ASTIER,Wine,RNDC
85629,VAL D'OCA,Wine,RNDC
85629,VAL D'OR,Wine,RNDC
85629,VAL DEL BARONE,Wine,RNDC
85629,VAL DES ROIS,Wine,RNDC
85629,VAL DI SUGA,Wine,RNDC
85629,VAL DU CHARRON,Wine,RNDC
85629,VALCANTARA,Wine,RNDC
85629,VALDUBON,Wine,RNDC
85629,VALE PERDIDO,Wine,RNDC
85629,VALL LLACH,Wine,RNDC
85629,VALLATE,Wine,RNDC
85629,VALLONS DE PROVENCE,Wine,RNDC
85629,VALOROSO,Wine,RNDC
85629,VALOROSO TOSCANO,Wine,RNDC
85629,VALVASOR,Wine,RNDC
85629,VAN ASPEREN VINEYARDS,Wine,RNDC
85629,VAN DER HAUTE,Wine,RNDC
85629,VAN DUZER,Wine,RNDC
85629,VAN LOVEREN,Wine,RNDC
85629,VANDERBILT RESERVE,Wine,RNDC
85629,VANDERPUMP,Wine,RNDC
85629,VANDORI,Wine,RNDC
85629,VAQUOS,Wine,RNDC
85629,VASCO SASSETTI,Wine,RNDC
85629,VAVASOUR WINES LIMITED,Wine,RNDC
85629,VAVAVOOM WINES,Wine,RNDC
85629,VAZA,Wine,RNDC
85629,VDR,Wine,RNDC
85629,VEDOVA,Wine,RNDC
85629,VEGA MONTAN,Wine,RNDC
85629,VEGAS 3,Wine,RNDC
85629,VELVET FOG,Wine,RNDC
85629,VELVET RIDER,Wine,RNDC
85629,VELVET SKY,Wine,RNDC
85629,VENDANGE,Wine,RNDC
85629,VENEZIA,Wine,RNDC
85629,VENISSA,Wine,RNDC
85629,VENTARRON,Wine,RNDC
85629,VENTEUX22,Wine,RNDC
85629,VENTISQUERO,Wine,RNDC
85629,VENTURA,Wine,RNDC
85629,VENTUS,Wine,RNDC
85629,VERA WANG,Wine,RNDC
85629,VERAMONTE,Wine,RNDC
85629,VERGELEGEN,Wine,RNDC
85629,VERITE,Wine,RNDC
85629,VERRAZZANO,Wine,RNDC
85629,VERRAZZANO ROSSO,Wine,RNDC
85629,VERSE AND CHORUS,Wine,RNDC
85629,VESSANTS,Wine,RNDC
85629,VIA FIRENZE,Wine,RNDC
85629,VIALA,Wine,RNDC
85629,VIAMA,Wine,RNDC
85629,VIAMORA,Wine,RNDC
85629,VIARAE,Wine,RNDC
85629,VIBE BY VENDANGE,Wine,RNDC
85629,VIBE TWISTED SIPS,Wine,RNDC
85629,VICARA,Wine,RNDC
85629,VICHON MEDITERRANEAN,Wine,RNDC
85629,VICTOR BLACHET,Wine,RNDC
85629,VICTORIA'S CREST,Wine,RNDC
85629,VIEILLE FRANCE,Wine,RNDC
85629,VIEUX CHATEAU CERTAN,Wine,RNDC
85629,VIEUX CISEAUX,Wine,RNDC
85629,VIEUX MAS DES PAPES,Wine,RNDC
85629,VIGNAIOLI DI SANTO STEFANO,Wine,RNDC
85629,VIGNERONS DE L'ENCLAVE,Wine,RNDC
85629,VIGNETI LA SELVANELLA,Wine,RNDC
85629,VIGNOBLES DES ROCHES,Wine,RNDC
85629,VILA SANTA,Wine,RNDC
85629,VILANO,Wine,RNDC
85629,VILLA AL CORTILE,Wine,RNDC
85629,VILLA ANTINORI,Wine,RNDC
85629,VILLA BANFI,Wine,RNDC
85629,VILLA BARBI,Wine,RNDC
85629,VILLA BEL AIR,Wine,RNDC
85629,VILLA CILNIA,Wine,RNDC
85629,VILLA COSTA,Wine,RNDC
85629,VILLA DE MORESCHI,Wine,RNDC
85629,VILLA DI CORLO,Wine,RNDC
85629,VILLA DI GEGGIANO,Wine,RNDC
85629,VILLA GIRARDI,Wine,RNDC
85629,VILLA MANGIACANE,Wine,RNDC
85629,VILLA MARCELLO,Wine,RNDC
85629,VILLA MATILDE,Wine,RNDC
85629,VILLA MT EDEN,Wine,RNDC
85629,VILLA NOZZOLE,Wine,RNDC
85629,VILLA PANI,Wine,RNDC
85629,VILLA SANDI,Wine,RNDC
85629,VILLA SOLARE,Wine,RNDC
85629,VILLA SPARINA,Wine,RNDC
85629,VILLA SYMPOSIA,Wine,RNDC
85629,VILLA VENTO,Wine,RNDC
85629,VILLA VIVA,Wine,RNDC
85629,VILLAGE,Wine,RNDC
85629,VILLAGE MAISON,Wine,RNDC
85629,VILLAGE PAYS D'OC,Wine,RNDC
85629,VILLAREI,Wine,RNDC
85629,VIN 21,Wine,RNDC
85629,VIN GLOGG,Wine,RNDC
85629,VIN TWENTY ONE,Wine,RNDC
85629,VIN TWENTY THREE,Wine,RNDC
85629,VINA ALBALI,Wine,RNDC
85629,VINA ARNAIZ,Wine,RNDC
85629,VINA BROCO,Wine,RNDC
85629,VINA DIEZMO RV,Wine,RNDC
85629,VINA EXTREMENA,Wine,RNDC
85629,VINA HARAS DE PIRQUE,Wine,RNDC
85629,VINA MAYOR,Wine,RNDC
85629,VINA QUEBRADA DE MACUL,Wine,RNDC
85629,VINA SALCEDA,Wine,RNDC
85629,VINA TARAPACA,Wine,RNDC
85629,VINAFORE,Wine,RNDC
85629,VINAMAS,Wine,RNDC
85629,VINCENT SAINCRIT,Wine,RNDC
85629,VINCENT VATAN,Wine,RNDC
85629,VINDICATED,Wine,RNDC
85629,VINE HILL RANCH,Wine,RNDC
85629,VINEDOS DE EL SEQUE,Wine,RNDC
85629,VINEDOS EL SEQUE,Wine,RNDC
85629,VINELIFE,Wine,RNDC
85629,VINESMOOTHIE,Wine,RNDC
85629,VINHA DA COUTADA VELHA,Wine,RNDC
85629,VINHA DAS MARGARIDAS,Wine,RNDC
85629,VINO,Wine,RNDC
85629,VINO CASATA,Wine,RNDC
85629,VINO DECOR,Wine,RNDC
85629,VINO DELL'AMICIZIA,Wine,RNDC
85629,VINO DI VITO,Wine,RNDC
85629,VINOPTIMA,Wine,RNDC
85629,VINOS DE LOS MUERTOS,Wine,RNDC
85629,VINTAGE CRUSH,Wine,RNDC
85629,VINTAGE ERA,Wine,RNDC
85629,VINTAGE INK,Wine,RNDC
85629,VINTAGE RANCH,Wine,RNDC
85629,VINTAGE SUN,Wine,RNDC
85629,VINTAGE UPPER LEFT,Wine,RNDC
85629,VINTEA,Wine,RNDC
85629,VINTNER'S CHOICE,Wine,RNDC
85629,VINWOOD,Wine,RNDC
85629,VIONTA,Wine,RNDC
85629,VIPRA,Wine,RNDC
85629,VIRGINIA DARE,Wine,RNDC
85629,VIRNA BORGOGNO,Wine,RNDC
85629,VIS DE VARA,Wine,RNDC
85629,VISTA POINT VINEYARDS,Wine,RNDC
85629,VISTALBA,Wine,RNDC
85629,VISTANA,Wine,RNDC
85629,VISTORTA,Wine,RNDC
85629,VITALMA,Wine,RNDC
85629,VIV,Wine,RNDC
85629,VIVACE,Wine,RNDC
85629,VIVARO,Wine,RNDC
85629,VIZCAINO VISTA VINEYARDS,Wine,RNDC
85629,VLAST,Wine,RNDC
85629,VOELOS,Wine,RNDC
85629,VOGA,Wine,RNDC
85629,VOL DU COLIBRI,Wine,RNDC
85629,VOL ROYAL,Wine,RNDC
85629,VOLCA,Wine,RNDC
85629,VOLDE,Wine,RNDC
85629,VOLERE,Wine,RNDC
85629,VOLLEREAUX,Wine,RNDC
85629,VOLLRADS,Wine,RNDC
85629,VOLPAIA,Wine,RNDC
85629,VOLRATZ,Wine,RNDC
85629,VOLUNTEER,Wine,RNDC
85629,VOTRE SANTE,Wine,RNDC
85629,VOVETI,Wine,RNDC
85629,VOYAGE,Wine,RNDC
85629,VOYAGER POINT,Wine,RNDC
85629,W O W WINES OF THE WEST,Wine,RNDC
85629,W S KEYES,Wine,RNDC
85629,WAIKIWI BAY,Wine,RNDC
85629,WAIRAU RIVER,Wine,RNDC
85629,WAKATAKE,Wine,RNDC
85629,WAKAZE,Wine,RNDC
85629,WALL ART,Wine,RNDC
85629,WALLABY CREEK,Wine,RNDC
85629,WALLY'S HUT,Wine,RNDC
85629,WALNUT CREST,Wine,RNDC
85629,WALT,Wine,RNDC
85629,WAN FU,Wine,RNDC
85629,WAPISA,Wine,RNDC
85629,WARM THOUGHTS,Wine,RNDC
85629,WARM WISHES,Wine,RNDC
85629,WARNINKS,Wine,RNDC
85629,WARTHOG,Wine,RNDC
85629,WASHINGTON NATIONALS,Wine,RNDC
85629,WATARI BUNE,Wine,RNDC
85629,WATCH TOWER,Wine,RNDC
85629,WATCHDOG ROCK,Wine,RNDC
85629,WATERLOO,Low Alcohol Beverage,RNDC
85629,WATERMELON SPLASH,Wine,RNDC
85629,WATTLE CREEK WINERY,Wine,RNDC
85629,WAVE SERIES,Wine,RNDC
85629,WAYFARER,Wine,RNDC
85629,WAYNE GRETZKY ESTATES,Wine,RNDC
85629,WE THE PEOPLE,Wine,RNDC
85629,WEATHER,Wine,RNDC
85629,WEBER,Wine,RNDC
85629,WEED CELLARS,Wine,RNDC
85629,WEINGUT MARKGRAF VON BADEN,Wine,RNDC
85629,WEINKELLEREI KLOSTOR,Wine,RNDC
85629,WELLSLEY FARMS CA,Wine,RNDC
85629,WELLSLEY FARMS IT,Wine,RNDC
85629,WELLSLEY FARMS NZ,Wine,RNDC
85629,WENTE VINEYARDS,Wine,RNDC
85629,WEST CAPE GOLD,Wine,RNDC
85629,WEST SIDE WINE CO,Wine,RNDC
85629,WESTONS,Cider,RNDC
85629,WESTSIDE RED,Wine,RNDC
85629,WESTSIDE WHITE,Wine,RNDC
85629,WHEELHOUSE WINE CELLARS,Wine,RNDC
85629,WHEN WE DANCE,Wine,RNDC
85629,WHIDBEYS,Wine,RNDC
85629,WHINY BABY,Wine,RNDC
85629,WHIPLASH,Wine,RNDC
85629,WHISPERING PEAK VINEYARDS,Wine,RNDC
85629,WHITE CLIFF,Wine,RNDC
85629,WHITE DOVE,Wine,RNDC
85629,WHITE HAUTE,Wine,RNDC
85629,WHITE HILLS VINEYARDS,Wine,RNDC
85629,WHITE LIE,Wine,RNDC
85629,WHITE ROCK DISTILLERIES,Wine,RNDC
85629,WHITE TRUCK,Wine,RNDC
85629,WHITESCAPE,Wine,RNDC
85629,WHO'S BEEN NICE,Wine,RNDC
85629,WHO'S WHO,Wine,RNDC
85629,WICKED GROVE,Cider,RNDC
85629,WIFEY,Wine,RNDC
85629,WILD BUNCH,Wine,RNDC
85629,WILD HARE,Wine,RNDC
85629,WILD HORSE,Wine,RNDC
85629,WILD OATS,Wine,RNDC
85629,WILD PIG,Wine,RNDC
85629,WILD RIDGE,Wine,RNDC
85629,WILD ROCK,Wine,RNDC
85629,WILDHURST VINEYARDS,Wine,RNDC
85629,WILDSONG,Wine,RNDC
85629,WILL WRAP FOR WINE,Wine,RNDC
85629,WILLAKENZIE ESTATE,Wine,RNDC
85629,WILLAMETTE VALLEY VINEYARDS,Wine,RNDC
85629,WILLIAM FEVRE,Wine,RNDC
85629,WILLIAMS & HUMBERT,Wine,RNDC
85629,WILLIAMS SELYEM,Wine,RNDC
85629,WILLIAMSBURG WINERY,Wine,RNDC
85629,WILLYN CELLARS,Wine,RNDC
85629,WILSON DANIELS,Wine,RNDC
85629,WINDBORNE,Wine,RNDC
85629,WINDFINDER,Wine,RNDC
85629,WINDMILL,Wine,RNDC
85629,WINDRACER,Wine,RNDC
85629,WINDSOR SONOMA,Wine,RNDC
85629,WINDSTREAM,Wine,RNDC
85629,WINDTREE,Wine,RNDC
85629,WINE A RITA,Wine,RNDC
85629,WINE ADVENT 2022,Wine,RNDC
85629,WINE ADVENT URE CALENDAR,Wine,RNDC
85629,WINE BLOCK,Wine,RNDC
85629,WINE BY ALISA JACOBSON,Wine,RNDC
85629,WINE BY JOE,Wine,RNDC
85629,WINE CONNOISSEUR,Wine,RNDC
85629,WINE CUBE,Wine,RNDC
85629,WINE IN BOX,Wine,RNDC
85629,WINE MEN OF GOTHAM,Wine,RNDC
85629,WINE SISTERHOOD,Wine,RNDC
85629,WINE VILLAGE ADVENT CALENDAR,Wine,RNDC
85629,WINE VOYAGE,Wine,RNDC
85629,WINE WORLD ESTATES,Wine,RNDC
85629,WINEMAKER'S SELECT,Wine,RNDC
85629,WINEMAKERS SELECTION CA,Wine,RNDC
85629,WINEMAKERS SELECTION CELLAR RESERVE,Wine,RNDC
85629,WINEMAKERS SELECTION RESERVE,Wine,RNDC
85629,WINEMAKERS SELECTION RESERVE SERIES,Wine,RNDC
85629,WINEMAKERS SPARKLING,Wine,RNDC
85629,WINES OF SUBSTANCE,Wine,RNDC
85629,WINES THAT ROCK,Wine,RNDC
85629,WINGNUT,Wine,RNDC
85629,WINIGMA,Wine,RNDC
85629,WINTER WINE BOX CELEBRATION PACK,Wine,RNDC
85629,WINTER WINE DOWN,Wine,RNDC
85629,WINTER WINE SELECTION,Wine,RNDC
85629,WINTER WONDER,Wine,RNDC
85629,WINTRY WONDER,Wine,RNDC
85629,WIRRA WIRRA,Wine,RNDC
85629,WISDOM & WARTER,Wine,RNDC
85629,WISE ASS,Wine,RNDC
85629,WISH YOU WERE HERE,Wine,RNDC
85629,WITCHES BREW,Wine,RNDC
85629,WITCHES GOBLET,Wine,RNDC
85629,WONDERFUL WINE CO,Wine,RNDC
85629,WONDERLAND,Wine,RNDC
85629,WONDERS,Wine,RNDC
85629,WOODBRIDGE,Wine,RNDC
85629,WOODBRIDGE BY ROBERT MONDAVI,Wine,RNDC
85629,WORLD MARKET,Wine,RNDC
85629,WORLD SPIRITS LTD,Wine,RNDC
85629,WORLD'S EDGE,Wine,RNDC
85629,WRITER'S BLOCK,Wine,RNDC
85629,XISTO ROQUETTE E CAZES,Wine,RNDC
85629,XMAS SWEATER,Wine,RNDC
85629,XO G,Wine,RNDC
85629,XOBC CELLARS,Wine,RNDC
85629,XXL,Wine,RNDC
85629,YAMADA SHOTEN,Wine,RNDC
85629,YAMAGUCHI SAKE BREWERY G P,Wine,RNDC
85629,YANGARRA ESTATE VINEYARD,Wine,RNDC
85629,YANGARRA PARK,Wine,RNDC
85629,YANO,Wine,RNDC
85629,YARDSTICK,Wine,RNDC
85629,YEALANDS,Wine,RNDC
85629,YELLOWGLEN,Wine,RNDC
85629,YOSEMITE ROAD VINEYARDS,Wine,RNDC
85629,YOU ALWAYS BRING WINE,Wine,RNDC
85629,YSIOS,Wine,RNDC
85629,YUKI NO BOSHA,Wine,RNDC
85629,YURI MASAMUNE,Wine,RNDC
85629,YVES ROCHE,Wine,RNDC
85629,Z ALEXANDER BROWN,Wine,RNDC
85629,ZACA MESA,Wine,RNDC
85629,ZAMBA,Wine,RNDC
85629,ZAZO,Wine,RNDC
85629,ZD WINES,Wine,RNDC
85629,ZED,Wine,RNDC
85629,ZEN GARDEN,Wine,RNDC
85629,ZENA CROWN VINEYARD,Wine,RNDC
85629,ZENTRALKELLEREI,Wine,RNDC
85629,ZENZEN,Wine,RNDC
85629,ZERAFINI,Wine,RNDC
85629,ZERO GRAVITY W,Wine,RNDC
85629,ZEROINCONDOTTA,Wine,RNDC
85629,ZEVERI,Wine,RNDC
85629,ZIATA,Wine,RNDC
85629,ZIG ZAG ZIN,Wine,RNDC
85629,ZILLE,Wine,RNDC
85629,ZILLY,Wine,RNDC
85629,ZIMMERMANN,Wine,RNDC
85629,ZIPPER,Wine,RNDC
85629,ZISOLA,Wine,RNDC
85629,ZOCKER WINERY,Wine,RNDC
85629,ZOES KITCHEN BY NATURA,Wine,RNDC
85629,ZOLO,Wine,RNDC
85629,ZONNEBLOEM,Wine,RNDC
85629,ZOOM JUICE,Wine,RNDC
85629,ZUM,Wine,RNDC
85628,60 NORTH,Wine,RNDC
85628,ANAS GEHEIMNISSE,Malt Beverage,RNDC
85628,ASHWOOD HARD ROOT BEER,Malt Beverage,RNDC
85628,AYINGER,Malt Beverage,RNDC
85628,BEAMISH,Malt Beverage,RNDC
85628,BIELER FAMILY DAISY,Wine,RNDC
85628,BLUE BARREL,Malt Beverage,RNDC
85628,BOAGS,Malt Beverage,RNDC
85628,BOCHOLT,Malt Beverage,RNDC
85628,BRASSERIE DE SUTTER,Malt Beverage,RNDC
85628,BRASSEURS BIERE DE PARIS,Malt Beverage,RNDC
85628,BRAUER THEOBALD,Malt Beverage,RNDC
85628,BREEZER BY BACARDI,Malt Beverage,RNDC
85628,BRNOVAR S R O,Malt Beverage,RNDC
85628,BROWN BOMBER,Malt Beverage,RNDC
85628,CARNEROS HILLS WINERY,Wine,RNDC
85628,CELEBRATOR,Malt Beverage,RNDC
85628,CHATEAU CLUZAN,Wine,RNDC
85628,CHATEAU FERREYRES,Wine,RNDC
85628,CHATEAU LAFLEUR SAINT JEAN,Wine,RNDC
85628,CLIFF TOP BREWING,Malt Beverage,RNDC
85628,COLLECTION MEDAILLES,Wine,RNDC
85628,DER KLETTERER,Malt Beverage,RNDC
85628,DIE KONIGIN DES FEUERS,Malt Beverage,RNDC
85628,DOMAINE LE MOURRE,Wine,RNDC
85628,DOUBLE DIAMOND,Malt Beverage,RNDC
85628,DUINEN,Malt Beverage,RNDC
85628,EIBAUER,Malt Beverage,RNDC
85628,EUROPEAN BEER COLLECTION,Malt Beverage,RNDC
85628,F JANOUEIX,Wine,RNDC
85628,FAMILLE BIELER,Wine,RNDC
85628,FELDSCHLOBCHEN,Malt Beverage,RNDC
85628,GEIERSLAY,Wine,RNDC
85628,GEORG RITTMAYER,Malt Beverage,RNDC
85628,GOLDENER HOPFEN,Malt Beverage,RNDC
85628,GREEN'S,Malt Beverage,RNDC
85628,HARP,Malt Beverage,RNDC
85628,HAUTS DE MEYNAC,Wine,RNDC
85628,HOWDY DEW,Malt Beverage,RNDC
85628,IRLBACHER PREMIUM,Malt Beverage,RNDC
85628,JOHN COURAGE,Malt Beverage,RNDC
85628,KAISERDOM,Malt Beverage,RNDC
85628,KIRKLAND SIGNATURE,Malt Beverage,RNDC
85628,LINDEMANS BREWERY,Malt Beverage,RNDC
85628,LUPINO,Wine,RNDC
85628,LUSTY,Malt Beverage,RNDC
85628,MACANDREWS,Malt Beverage,RNDC
85628,MCEWAN'S,Malt Beverage,RNDC
85628,MELBOURN BROS,Malt Beverage,RNDC
85628,MIZO,Malt Beverage,RNDC
85628,MYSTIC REEF,Malt Beverage,RNDC
85628,NEW AMSTERDAM,Malt Beverage,RNDC
85628,NEYERS VINEYARDS,Wine,RNDC
85628,OLIBA GREEN BEER,Malt Beverage,RNDC
85628,ORVAL,Malt Beverage,RNDC
85628,OVER THE BARREL,Malt Beverage,RNDC
85628,PERFEKTE ZEIT,Malt Beverage,RNDC
85628,PIKE PLACE,Malt Beverage,RNDC
85628,PINKUS,Malt Beverage,RNDC
85628,PRIVATEBRAUEREI EICHBAUM,Malt Beverage,RNDC
85628,RHANER,Malt Beverage,RNDC
85628,RICK'S SPIKED,Malt Beverage,RNDC
85628,RICK'S SPIKED LEMONADE,Malt Beverage,RNDC
85628,ROCKDALE BREWING CO,Malt Beverage,RNDC
85628,ROTMISTRZ,Malt Beverage,RNDC
85628,SAMUEL SMITH,Malt Beverage,RNDC
85628,SANCHO LIBRE,Wine,RNDC
85628,ST SIXTUS,Malt Beverage,RNDC
85628,STEIGERVYHNE,Malt Beverage,RNDC
85628,STEINLAGER,Malt Beverage,RNDC
85628,SUNPOP,Malt Beverage,RNDC
85628,TRADITIONS GEBRAU,Malt Beverage,RNDC
85628,TRAQUAIR,Malt Beverage,RNDC
85628,TROUBLE BREWING,Malt Beverage,RNDC
85628,TWISTED WHIPZ,Malt Beverage,RNDC
85628,TWO DOGS,Malt Beverage,RNDC
85628,VYBE,Malt Beverage,RNDC
85628,WATNEYS,Malt Beverage,RNDC
85628,WESTMALLE TRAPPIST,Malt Beverage,RNDC
85628,WHITBREAD,Malt Beverage,RNDC
85628,WYATT'S WILD,Malt Beverage,RNDC
85628,ZATEC BREWERY,Malt Beverage,RNDC
85628,ZUNDERT TRAPPIST,Malt Beverage,RNDC
85629,#NICEWINE,Wine,RNDC
85629,10SPAN,Wine,RNDC
85629,12 GENERATIONS,Wine,RNDC
85629,12 KNIGHTS,Wine,RNDC
85629,12 WINES OF CHRISTMAS,Wine,RNDC
85629,13 CELSIUS,Wine,RNDC
85629,14 HANDS,Wine,RNDC
85629,1749,Wine,RNDC
85629,181 WINE CELLARS,Wine,RNDC
85629,24 DAYS OF WINE,Wine,RNDC
85629,24 DAYS OF WINE ADVENT,Wine,RNDC
85629,2SONS WINERY,Wine,RNDC
85629,3 BALL,Wine,RNDC
85629,3 BLIND MOOSE,Wine,RNDC
85629,30 DEGREES,Wine,RNDC
85629,30A,Wine,RNDC
85629,337 WINE CELLARS,Wine,RNDC
85629,35 SOUTH,Wine,RNDC
85629,35 SUR,Wine,RNDC
85629,4 FOXES,Wine,RNDC
85629,5 CABERNET SAUVIGNON,Wine,RNDC
85629,5 DRY RED WINES,Wine,RNDC
85629,5 RED WINES,Wine,RNDC
85629,5 SWEET RED WINES,Wine,RNDC
85629,50 ESTATE RANCH,Wine,RNDC
85629,50°,Wine,RNDC
85629,6 DAYS OF WINE HOLIDAY WINE BOX,Wine,RNDC
85629,6 O'CLOCK,Low Alcohol Beverage,RNDC
85629,60 SOULS,Wine,RNDC
85629,7 DEADLY,Wine,RNDC
85629,7 DEADLY ZINS,Wine,RNDC
85629,7 HEAVENLY CHARDS,Wine,RNDC
85629,7 MOONS,Wine,RNDC
85629,719 W,Wine,RNDC
85629,75 WINE COMPANY,Wine,RNDC
85629,A ET P DE VILLAINE,Wine,RNDC
85629,A GIFT FROM HOME,Wine,RNDC
85629,A LITTLE MERRIER THIS YEAR,Wine,RNDC
85629,A NIGHT TO REMEMBER,Wine,RNDC
85629,A PROPER CLARET,Wine,RNDC
85629,A ROYAL TWIST,Wine,RNDC
85629,A SEAWORTHY TALE,Wine,RNDC
85629,A TO Z,Wine,RNDC
85629,ABANDON,Wine,RNDC
85629,ABELE 1757,Wine,RNDC
85629,ABRUPT VINEYARDS,Wine,RNDC
85629,ABSTRACT ART,Wine,RNDC
85629,ACAB,Wine,RNDC
85629,ACCADEMIA,Wine,RNDC
85629,ACES HIGH,Wine,RNDC
85629,ACHAIA CLAUSS,Wine,RNDC
85629,ACHAVAL FERRER,Wine,RNDC
85629,ACORDEON,Wine,RNDC
85629,ACOUSTIC HARMONY,Wine,RNDC
85629,ACQUESI,Wine,RNDC
85629,ACRE & VINE,Wine,RNDC
85629,ACROBAT,Wine,RNDC
85629,ACTUM,Wine,RNDC
85629,ACUARELLO,Wine,RNDC
85629,ADAMS BROTHERS,Wine,RNDC
85629,ADEGA COOP PONTE DA BARCA,Wine,RNDC
85629,ADEREZO,Wine,RNDC
85629,ADOBE CANYON,Wine,RNDC
85629,ADORED,Wine,RNDC
85629,ADORO,Wine,RNDC
85629,ADRIANO RAMOS PINTO,Wine,RNDC
85629,ADUENTUS,Wine,RNDC
85629,ADUNA,Wine,RNDC
85629,AEGERTER,Wine,RNDC
85629,AGOSTINO BRUGO,Wine,RNDC
85629,AGRICOLA LA BOLLINA,Wine,RNDC
85629,AGRICOLA PUNICA,Wine,RNDC
85629,AGRICOLA QUERCIABELLA,Wine,RNDC
85629,AIA DELLA MACINA,Wine,RNDC
85629,AILA,Wine,RNDC
85629,AIR LIFT,Wine,RNDC
85629,AIRES DE AROSA,Wine,RNDC
85629,AIX,Wine,RNDC
85629,ALAIN COCHE BIZOUARD,Wine,RNDC
85629,ALAIN PARET,Wine,RNDC
85629,ALARIS,Wine,RNDC
85629,ALAURA,Wine,RNDC
85629,ALBERT LEBRUN,Wine,RNDC
85629,ALBERT PIC & FILS,Wine,RNDC
85629,ALBERTO CONTI,Wine,RNDC
85629,ALBINEA CANALI,Wine,RNDC
85629,ALBINO ARMANI,Wine,RNDC
85629,ALBIS,Wine,RNDC
85629,ALCANCE,Wine,RNDC
85629,ALCANZA,Wine,RNDC
85629,ALDINO,Wine,RNDC
85629,ALDO MARENCO & FIGLIO,Wine,RNDC
85629,ALESSI,Wine,RNDC
85629,ALEX ELMAN,Wine,RNDC
85629,ALEXIS GEORGE,Wine,RNDC
85629,ALFRED GRATIEN,Wine,RNDC
85629,ALI SOPRA,Wine,RNDC
85629,ALICE WHITE,Wine,RNDC
85629,ALLA FAMIGLIA,Wine,RNDC
85629,ALLENDE,Wine,RNDC
85629,ALLISON COMBS,Wine,RNDC
85629,ALLURE,Wine,RNDC
85629,ALMADEN,Wine,RNDC
85629,ALMIRA,Wine,RNDC
85629,ALPACA,Wine,RNDC
85629,ALQUIER,Wine,RNDC
85629,ALTA LUNA,Wine,RNDC
85629,ALTA MORA,Wine,RNDC
85629,ALTA VIA,Wine,RNDC
85629,ALTA VISTA,Wine,RNDC
85629,ALTA VITA,Wine,RNDC
85629,ALTAMANA,Wine,RNDC
85629,ALTANUTA,Wine,RNDC
85629,ALTEMASI,Wine,RNDC
85629,ALTER EGO DE PALMER,Wine,RNDC
85629,ALTERED DIMENSION,Wine,RNDC
85629,ALTEREGO,Wine,RNDC
85629,ALTO CINCO,Wine,RNDC
85629,ALTO LOS ROMEROS,Wine,RNDC
85629,ALTO VENTO,Wine,RNDC
85629,ALTOSUR,Wine,RNDC
85629,ALTVS,Wine,RNDC
85629,ALURA,Wine,RNDC
85629,ALYSSA,Wine,RNDC
85629,AMA NO TO,Wine,RNDC
85629,AMABUKI,Wine,RNDC
85629,AMADO SUR,Wine,RNDC
85629,AMANCAY,Wine,RNDC
85629,AMAYNA,Wine,RNDC
85629,AMBIGUITY,Wine,RNDC
85629,AMBO,Wine,RNDC
85629,AMBOSCATO,Wine,RNDC
85629,AMBROISE LAPIERRE,Wine,RNDC
85629,AMELIA,Wine,RNDC
85629,AMERICAN PIE,Wine,RNDC
85629,AMERICAN VINTNERS,Wine,RNDC
85629,AMERICAN VINTNERS HAPPY HOLIDAYS,Wine,RNDC
85629,AMIGO PERRO,Wine,RNDC
85629,AMISFIELD,Wine,RNDC
85629,AMISTANI,Wine,RNDC
85629,AMMIRAGLIA,Wine,RNDC
85629,AMOR DE MADRE,Wine,RNDC
85629,AMOR DE MAR,Wine,RNDC
85629,AMSBURY WINERY,Wine,RNDC
85629,AMULET,Wine,RNDC
85629,ANAKOTA,Wine,RNDC
85629,ANCIENT COAST,Wine,RNDC
85629,ANDANTINO,Wine,RNDC
85629,ANDERRA,Wine,RNDC
85629,ANDES PEAKS,Wine,RNDC
85629,ANDRE BRUNEL,Wine,RNDC
85629,ANDRE NEVEU,Wine,RNDC
85629,ANERI,Wine,RNDC
85629,ANEW,Wine,RNDC
85629,ANGEL JUICE,Wine,RNDC
85629,ANGELINE,Wine,RNDC
85629,ANGELO D'ANGELO,Wine,RNDC
85629,ANGOVE FAMILY WINEMAKERS,Wine,RNDC
85629,ANGRY BUNCH,Wine,RNDC
85629,ANIMA UMBRA,Wine,RNDC
85629,ANIMAE,Wine,RNDC
85629,ANIMO,Wine,RNDC
85629,ANNIE'S LANE,Wine,RNDC
85629,ANNUAL ROADTRIP,Wine,RNDC
85629,ANSELMI,Wine,RNDC
85629,ANTANO,Wine,RNDC
85629,ANTERA,Wine,RNDC
85629,ANTERRA,Wine,RNDC
85629,ANTICA NAPA VALLEY,Wine,RNDC
85629,ANTICICLONE,Wine,RNDC
85629,ANTIGAL,Wine,RNDC
85629,ANTIGAL UNO,Wine,RNDC
85629,ANTIGUA,Wine,RNDC
85629,ANTINORI,Wine,RNDC
85629,ANTIQUITOUS,Wine,RNDC
85629,ANTLER ENVY,Wine,RNDC
85629,ANTLER HILL,Wine,RNDC
85629,ANTOINE OLIVIER,Wine,RNDC
85629,ANTU NINQUEN,Wine,RNDC
85629,APARTADO,Wine,RNDC
85629,APOCALYPSE NOW,Wine,RNDC
85629,AQUITANIA,Wine,RNDC
85629,ARA,Wine,RNDC
85629,ARACIEL,Wine,RNDC
85629,ARALENA,Wine,RNDC
85629,ARAUCO,Wine,RNDC
85629,ARAVAIL,Wine,RNDC
85629,ARBOR MIST,Wine,RNDC
85629,ARCH RIVAL WINE CO,Wine,RNDC
85629,ARCHETYPE CA,Wine,RNDC
85629,ARCHIMEDES,Wine,RNDC
85629,ARCHIPEL,Wine,RNDC
85629,ARDAL,Wine,RNDC
85629,ARDORE,Wine,RNDC
85629,ARE YOU GAME,Wine,RNDC
85629,AREYNA,Wine,RNDC
85629,ARGENTA,Wine,RNDC
85629,ARGENTIERA,Wine,RNDC
85629,ARGENTO,Wine,RNDC
85629,ARGIANO,Wine,RNDC
85629,ARGOSY,Wine,RNDC
85629,ARGOSY PIRATES,Wine,RNDC
85629,ARGUESO,Wine,RNDC
85629,ARIA,Wine,RNDC
85629,ARIA DI CAIAROSSA,Wine,RNDC
85629,ARIANNA,Wine,RNDC
85629,ARINDO,Wine,RNDC
85629,ARINZANO,Wine,RNDC
85629,ARIONE,Wine,RNDC
85629,ARISTA,Wine,RNDC
85629,ARIZONA HARD WITH VODKA,Low Alcohol Beverage,RNDC
85629,ARLAUX,Wine,RNDC
85629,ARMAND DE BRIGNAC,Wine,RNDC
85629,ARNALDO CAPRAI,Wine,RNDC
85629,ARNISTON BAY INFUSIONS,Wine,RNDC
85629,ARPARTADO,Wine,RNDC
85629,ARROGANT FROG,Wine,RNDC
85629,ARROWOOD,Wine,RNDC
85629,ARROYO DEL SOL,Wine,RNDC
85629,ART OF EARTH,Wine,RNDC
85629,ART OF THE COOPER,Wine,RNDC
85629,ARTE LATINO,Wine,RNDC
85629,ARTES DEL SUR,Wine,RNDC
85629,ARTFUL VINE,Wine,RNDC
85629,ARTIE,Wine,RNDC
85629,ARTISAN VINTNERS,Wine,RNDC
85629,ARTISAN VINTNERS GUILD,Wine,RNDC
85629,ARTISAN WINERY,Wine,RNDC
85629,ARTISTA,Wine,RNDC
85629,ASABIRAKI,Wine,RNDC
85629,ASAHI SHUZO,Wine,RNDC
85629,ASHBRIDGE LANE,Wine,RNDC
85629,ASHLEY HILL,Wine,RNDC
85629,ASTICA,Wine,RNDC
85629,ASTON DESCHAMPS,Wine,RNDC
85629,ASTRA BELLA,Wine,RNDC
85629,ASTRATTA,Wine,RNDC
85629,ATALAYA,Wine,RNDC
85629,ATALON,Wine,RNDC
85629,ATHENA,Wine,RNDC
85629,ATLAS BEAR,Wine,RNDC
85629,ATOMIC BOSS,Wine,RNDC
85629,ATREVIDO,Wine,RNDC
85629,ATTEMS,Wine,RNDC
85629,ATTO PRIMO,Wine,RNDC
85629,AU CONTRAIRE,Wine,RNDC
85629,AU VODKA CO,Low Alcohol Beverage,RNDC
85629,AUBERT L,Wine,RNDC
85629,AUBERT LEFAS VIGNERON,Wine,RNDC
85629,AUBERT VIGNOBLES,Wine,RNDC
85629,AUGUST SEBASTIANI,Wine,RNDC
85629,AURA,Wine,RNDC
85629,AURA DI VALERIE,Wine,RNDC
85629,AURELIAN,Wine,RNDC
85629,AURORE DE DAUZAC,Wine,RNDC
85629,AUROS,Wine,RNDC
85629,AUSTIN HOPE,Wine,RNDC
85629,AUSTIN VALE,Wine,RNDC
85629,AUTOMOTO,Wine,RNDC
85629,AUTORITAS,Wine,RNDC
85629,AVA GRACE,Wine,RNDC
85629,AVAILABLE,Wine,RNDC
85629,AVALINE,Wine,RNDC
85629,AVALON,Wine,RNDC
85629,AVELEDA,Wine,RNDC
85629,AVISSI,Wine,RNDC
85629,AVVIATO,Wine,RNDC
85629,AXIS,Wine,RNDC
85629,AY CARUMBA,Wine,RNDC
85629,AZIENDA AGRICOLA BOCELLI,Wine,RNDC
85629,AZUR,Wine,RNDC
85629,AZURE BAY WINES,Wine,RNDC
85629,AZZIMATO,Wine,RNDC
85629,AZZURRA,Wine,RNDC
85629,B HAPPY WINE COMPANY,Wine,RNDC
85629,B LEMON SPRITZ,Wine,RNDC
85629,BABS,Wine,RNDC
85629,BABY DOLL,Wine,RNDC
85629,BACA,Wine,RNDC
85629,BACHELOR,Wine,RNDC
85629,BACHELORETTE,Wine,RNDC
85629,BACIATO DAL SOL,Wine,RNDC
85629,BACON,Wine,RNDC
85629,BAD DOG RANCH,Wine,RNDC
85629,BADIA A COLTIBUONO,Wine,RNDC
85629,BAGLIO DI GRISI,Wine,RNDC
85629,BAGUERI,Wine,RNDC
85629,BAILEYANA,Wine,RNDC
85629,BALANCE OF POWER,Wine,RNDC
85629,BALBI VINEYARD,Wine,RNDC
85629,BALKAN CREST,Wine,RNDC
85629,BALLANTRAE WINE MERCHANTS,Wine,RNDC
85629,BALLARD LANE,Wine,RNDC
85629,BALLUN,Wine,RNDC
85629,BALTIMORE ORIOLES,Wine,RNDC
85629,BAMBOLINO,Wine,RNDC
85629,BANDANA,Wine,RNDC
85629,BANDIT,Wine,RNDC
85629,BANFI,Wine,RNDC
85629,BANJO BLUES,Wine,RNDC
85629,BANROCK STATION,Wine,RNDC
85629,BANSHEE,Wine,RNDC
85629,BAR DOG,Wine,RNDC
85629,BARBED WIRE,Wine,RNDC
85629,BARCELOS,Wine,RNDC
85629,BARKING SHEEP,Wine,RNDC
85629,BARON ALBERT,Wine,RNDC
85629,BARON DE BRANE,Wine,RNDC
85629,BARON DE CHALLET,Wine,RNDC
85629,BARON DE CHIREL,Wine,RNDC
85629,BARON DE LUZE,Wine,RNDC
85629,BARON DES CHARTRONS,Wine,RNDC
85629,BARON DES TOURS,Wine,RNDC
85629,BARON PATRICK DE LADOUCETTE,Wine,RNDC
85629,BARON PHILIPPE DE ROTHSCHILD,Wine,RNDC
85629,BARON VALROME,Wine,RNDC
85629,BARONE,Wine,RNDC
85629,BARONE MONTALTO,Wine,RNDC
85629,BARONNE DE VIGNONET,Wine,RNDC
85629,BARRE FRERES,Wine,RNDC
85629,BARREL BOX,Wine,RNDC
85629,BARREL BURNER,Wine,RNDC
85629,BARRYMORE,Wine,RNDC
85629,BARWANG,Wine,RNDC
85629,BASEDOW,Wine,RNDC
85629,BASKOLI,Wine,RNDC
85629,BATASIOLO,Wine,RNDC
85629,BATAVIA WINE CELLARS,Wine,RNDC
85629,BATCH NO 198,Wine,RNDC
85629,BATIK,Wine,RNDC
85629,BAY BRIDGE,Wine,RNDC
85629,BAYLISS & FORTUNE VINEYARDS,Wine,RNDC
85629,BAYVIEW CELLARS,Wine,RNDC
85629,BE MINE,Wine,RNDC
85629,BE MY,Wine,RNDC
85629,BE ORMEAU,Wine,RNDC
85629,BEACH BAG,Wine,RNDC
85629,BEACH DOGS,Wine,RNDC
85629,BEACH JUICE LAB,Low Alcohol Beverage,RNDC
85629,BEACH WHISKEY CO,Low Alcohol Beverage,RNDC
85629,BEACON RESERVE,Wine,RNDC
85629,BEAR ON BIKE,Wine,RNDC
85629,BEARBOAT CA,Wine,RNDC
85629,BEAUTY IN CHAOS,Wine,RNDC
85629,BEC HARDY,Wine,RNDC
85629,BECKON,Wine,RNDC
85629,BEE LIGHTLY,Wine,RNDC
85629,BEE YOU,Wine,RNDC
85629,BEE'S BOX,Wine,RNDC
85629,BEL COLLE,Wine,RNDC
85629,BEL ORMEAU,Wine,RNDC
85629,BEL SOGNO,Wine,RNDC
85629,BELAIRE CREEK,Wine,RNDC
85629,BELL MOUNTAIN,Wine,RNDC
85629,BELL'AGIO,Wine,RNDC
85629,BELLA BELLINA,Wine,RNDC
85629,BELLA FIORE,Wine,RNDC
85629,BELLA UNION,Wine,RNDC
85629,BELLE,Wine,RNDC
85629,BELLE AMBIANCE,Wine,RNDC
85629,BELLE GROVE,Wine,RNDC
85629,BELLE PROVENCALE,Wine,RNDC
85629,BELLE ROSE,Wine,RNDC
85629,BELLEVUE SEILLAN,Wine,RNDC
85629,BELLINGHAM,Wine,RNDC
85629,BELLISSIMA,Wine,RNDC
85629,BELMONDO,Wine,RNDC
85629,BELMONTI,Wine,RNDC
85629,BELPOGGIO,Wine,RNDC
85629,BELVINO,Wine,RNDC
85629,BENACCETTO,Wine,RNDC
85629,BENANTI,Wine,RNDC
85629,BENOIT XII,Wine,RNDC
85629,BENTON GROVE,Wine,RNDC
85629,BENVOLIO,Wine,RNDC
85629,BENZIGER,Wine,RNDC
85629,BENZIGER FAMILY WINERY,Wine,RNDC
85629,BENZIGER IMAGERY SERIES,Wine,RNDC
85629,BERAIL LAGARDE,Wine,RNDC
85629,BERGERON ESTATE,Wine,RNDC
85629,BERGSTROM,Wine,RNDC
85629,BERLUCCHI,Wine,RNDC
85629,BERNARD BURGAUD,Wine,RNDC
85629,BERNARD GUY,Wine,RNDC
85629,BERNE,Wine,RNDC
85629,BERRY BOMB,Wine,RNDC
85629,BERTANI,Wine,RNDC
85629,BESITOS WINERY,Wine,RNDC
85629,BESO DEL SOL,Wine,RNDC
85629,BEV,Wine,RNDC
85629,BEWITCHED,Wine,RNDC
85629,BEX,Wine,RNDC
85629,BEYERSKLOOF,Wine,RNDC
85629,BEYOND LOVE,Wine,RNDC
85629,BEZEL,Wine,RNDC
85629,BIAGIO TANGO VINO,Wine,RNDC
85629,BIBI GRAETZ,Wine,RNDC
85629,BIBO,Wine,RNDC
85629,BIELER FAMILY,Wine,RNDC
85629,BIELER PERE ET FILS,Wine,RNDC
85629,BIEN NACIDO VINEYARDS,Wine,RNDC
85629,BIG BRIGHT IDEA,Wine,RNDC
85629,BIG HAND,Wine,RNDC
85629,BIG HOUSE,Wine,RNDC
85629,BIG MACHINE,Low Alcohol Beverage,RNDC
85629,BIG MACHINE VODKA,Low Alcohol Beverage,RNDC
85629,BIG MAX,Wine,RNDC
85629,BIG SHOTS,Wine,RNDC
85629,BIGGY ROCKER,Wine,RNDC
85629,BIGI,Wine,RNDC
85629,BILLAUD SIMON,Wine,RNDC
85629,BILLINGS FARM,Wine,RNDC
85629,BILTMORE,Wine,RNDC
85629,BILTMORE ESTATE,Wine,RNDC
85629,BING BANG,Wine,RNDC
85629,BIONDI SANTI,Wine,RNDC
85629,BIOTIFULFOX,Wine,RNDC
85629,BIRDS ON A WIRE,Wine,RNDC
85629,BIRDSONG,Wine,RNDC
85629,BISANZIO,Wine,RNDC
85629,BISCAYE BAIE,Wine,RNDC
85629,BISCHOFLICHE WEINGUTER TRIER,Wine,RNDC
85629,BISOL,Wine,RNDC
85629,BISON RIDGE,Wine,RNDC
85629,BITE HARD,Wine,RNDC
85629,BIVIO,Wine,RNDC
85629,BIXIA,Wine,RNDC
85629,BLACK BIRCH,Wine,RNDC
85629,BLACK BOX,Wine,RNDC
85629,BLACK BURGUNDY THOUSAND OAKS,Wine,RNDC
85629,BLACK HOLE VINEYARDS,Wine,RNDC
85629,BLACK OPAL,Wine,RNDC
85629,BLACK POINT,Wine,RNDC
85629,BLACK SLATE,Wine,RNDC
85629,BLACK STALLION ESTATE WINERY,Wine,RNDC
85629,BLACKBERET,Wine,RNDC
85629,BLACKSTONE,Wine,RNDC
85629,BLANC DE BLEU,Wine,RNDC
85629,BLANC DE LYNCH BAGES,Wine,RNDC
85629,BLANK CANVAS,Wine,RNDC
85629,BLASON D'ISSAN,Wine,RNDC
85629,BLASON DE L'EVANGILE,Wine,RNDC
85629,BLEU ROCK VINEYARDS,Wine,RNDC
85629,BLIND TASTE,Wine,RNDC
85629,BLISS,Low Alcohol Beverage,RNDC
85629,BLOC & BARREL,Wine,RNDC
85629,BLOCK 50,Wine,RNDC
85629,BLOCK RED,Wine,RNDC
85629,BLOCK WHITE,Wine,RNDC
85629,BLOKE,Wine,RNDC
85629,BLOOMDUST,Wine,RNDC
85629,BLOSSOM HILL COLLECTION,Wine,RNDC
85629,BLOSSOM HILL WINERY,Wine,RNDC
85629,BLUE FISH,Wine,RNDC
85629,BLUE JEAN,Wine,RNDC
85629,BLUE MARLIN,Wine,RNDC
85629,BLUE NUN,Wine,RNDC
85629,BLUE RIDGE WINERY,Wine,RNDC
85629,BLUE SEIRINA,Wine,RNDC
85629,BLUE'S CORNER,Wine,RNDC
85629,BLUES POINT,Wine,RNDC
85629,BLUFELD,Wine,RNDC
85629,BOARDWALK,Wine,RNDC
85629,BOCCE,Wine,RNDC
85629,BOCELLI,Wine,RNDC
85629,BOCELLI 1831,Wine,RNDC
85629,BODEGA BELGRANO,Wine,RNDC
85629,BODEGA DE SAN ANTONIO,Wine,RNDC
85629,BODEGA FOSTER,Wine,RNDC
85629,BODEGA NORTON,Wine,RNDC
85629,BODEGA Y VINEDOS MAURICIO LORCA,Wine,RNDC
85629,BODEGAS BAI GORRI,Wine,RNDC
85629,BODEGAS BELGRANO,Wine,RNDC
85629,BODEGAS BERCEO,Wine,RNDC
85629,BODEGAS CAMPILLO,Wine,RNDC
85629,BODEGAS CARCHELO,Wine,RNDC
85629,BODEGAS CERROSOL,Wine,RNDC
85629,BODEGAS FONTANA,Wine,RNDC
85629,BODEGAS FUENTESPINA,Wine,RNDC
85629,BODEGAS FUNDADOR,Wine,RNDC
85629,BODEGAS LOS PINOS,Wine,RNDC
85629,BODEGAS MORCA,Wine,RNDC
85629,BODEGAS PAGOS DE ARAIZ,Wine,RNDC
85629,BODEGAS PALACIO,Wine,RNDC
85629,BODEGAS RODA,Wine,RNDC
85629,BODEGAS VERDUGUEZ,Wine,RNDC
85629,BODINI,Wine,RNDC
85629,BODYGUARD,Wine,RNDC
85629,BOGLE FAMILY VINEYARDS,Wine,RNDC
85629,BOGLE VINEYARDS,Wine,RNDC
85629,BOGONI,Wine,RNDC
85629,BOHEMIAN,Wine,RNDC
85629,BOISSIERE,Wine,RNDC
85629,BOLD BULL,Wine,RNDC
85629,BOLD VINE,Wine,RNDC
85629,BOLDLY GO,Wine,RNDC
85629,BOLLA,Wine,RNDC
85629,BOLLICINI,Wine,RNDC
85629,BOLLINI,Wine,RNDC
85629,BOMZZ WINE COCKTAILS,Wine,RNDC
85629,BON MAS,Wine,RNDC
85629,BONDI BLUE,Wine,RNDC
85629,BONESHAKER,Wine,RNDC
85629,BONIZIO,Wine,RNDC
85629,BONVERRE,Wine,RNDC
85629,BOOK CLUB,Wine,RNDC
85629,BOOKER VINEYARD,Wine,RNDC
85629,BOONAROO,Wine,RNDC
85629,BOOTLEG,Wine,RNDC
85629,BORDEAUX COLLECTION TRI VIN,Wine,RNDC
85629,BORGHINI,Wine,RNDC
85629,BORGO CONVENTI,Wine,RNDC
85629,BORGO MAGREDO,Wine,RNDC
85629,BORIE MANOUX,Wine,RNDC
85629,BORN FAB,Wine,RNDC
85629,BORN WILD,Wine,RNDC
85629,BORNE OF FIRE,Wine,RNDC
85629,BOSCARELLI,Wine,RNDC
85629,BOSCHENDAL,Wine,RNDC
85629,BOTA BOX VINEYARDS,Wine,RNDC
85629,BOTA MINI,Wine,RNDC
85629,BOTTEGA,Wine,RNDC
85629,BOTTEGA VINAIA,Wine,RNDC
85629,BOTTLEROCKET SPRITZ,Wine,RNDC
85629,BOUCHARD PERE & FILS,Wine,RNDC
85629,BOUCHIE CHATELLIER,Wine,RNDC
85629,BOUDINAUD,Wine,RNDC
85629,BOUGIE,Wine,RNDC
85629,BOULDER BANK,Wine,RNDC
85629,BOUQUET DE MONBRISON,Wine,RNDC
85629,BOUVET LADUBAY,Wine,RNDC
85629,BOWERS HARBOR VINEYARDS,Wine,RNDC
85629,BOX STAR,Wine,RNDC
85629,BOX WIZE,Wine,RNDC
85629,BOXI,Wine,RNDC
85629,BOYA,Wine,RNDC
85629,BRACCO,Wine,RNDC
85629,BRAIDENWOOD ESTATES,Wine,RNDC
85629,BRAMANTE COSIMI,Wine,RNDC
85629,BRAMPTON,Wine,RNDC
85629,BRANCOTT,Wine,RNDC
85629,BRANCOTT ESTATE,Wine,RNDC
85629,BRANCOTT VINEYARDS,Wine,RNDC
85629,BRANDLIN,Wine,RNDC
85629,BRASS RABBIT,Wine,RNDC
85629,BRAVA TERRA,Wine,RNDC
85629,BRAVEHEART,Wine,RNDC
85629,BRAVIUM,Wine,RNDC
85629,BRAVURA,Wine,RNDC
85629,BRAZIN,Wine,RNDC
85629,BREAD & BUTTER,Wine,RNDC
85629,BREEZETTE,Wine,RNDC
85629,BRENDEL,Wine,RNDC
85629,BRESFORD WINES,Wine,RNDC
85629,BREWER CLIFTON,Wine,RNDC
85629,BRIGHT SPIRITS SHINE,Wine,RNDC
85629,BRIGHTLANDS,Wine,RNDC
85629,BRILLIANT,Wine,RNDC
85629,BRILLO SOLAR,Wine,RNDC
85629,BROKE ESTATES,Wine,RNDC
85629,BROOK HOLLOW,Wine,RNDC
85629,BROWN BROTHERS,Wine,RNDC
85629,BROWNIE POINTS,Wine,RNDC
85629,BRUMEUX,Wine,RNDC
85629,BRUN ESTATE,Wine,RNDC
85629,BRUNO GIACOSA,Wine,RNDC
85629,BUBBLES TONIGHT,Wine,RNDC
85629,BUBBLY CELEBRATION,Wine,RNDC
85629,BUBO,Wine,RNDC
85629,BUCA DI BEPPO,Wine,RNDC
85629,BUCHLI STATION,Wine,RNDC
85629,BUCKELEY'S,Wine,RNDC
85629,BUCKET LIST,Wine,RNDC
85629,BUDHAGIRL,Wine,RNDC
85629,BUEHLER VINEYARDS,Wine,RNDC
85629,BUENA VISTA,Wine,RNDC
85629,BUGLIONI,Wine,RNDC
85629,BUISSON BATTAULT,Wine,RNDC
85629,BULGARIANA,Wine,RNDC
85629,BUMBLEBEE,Wine,RNDC
85629,BUNDLE UP,Wine,RNDC
85629,BUONA STELLA,Wine,RNDC
85629,BURGESS CELLARS,Wine,RNDC
85629,BUSHIDO,Wine,RNDC
85629,BUTTER BOMB,Wine,RNDC
85629,BUTTERFIELD STATION,Wine,RNDC
85629,BUTTERNUT,Wine,RNDC
85629,BUTTERY BOMB,Wine,RNDC
85629,BUTTONS,Wine,RNDC
85629,BYRON,Wine,RNDC
85629,BYRON VINEYARD & WINERY,Wine,RNDC
85629,BZ CELLARS,Wine,RNDC
85629,CA DEI FRATI,Wine,RNDC
85629,CA DONINI,Wine,RNDC
85629,CA WINECRAFT,Wine,RNDC
85629,CA' BERTOLDI,Wine,RNDC
85629,CA' DI RAJO,Wine,RNDC
85629,CA' MAIOL,Wine,RNDC
85629,CA' MONTINI,Wine,RNDC
85629,CA'DEL BOSCO,Wine,RNDC
85629,CA'MARCANDA,Wine,RNDC
85629,CA'MONTINI,Wine,RNDC
85629,CABALLERO DE PLATA,Wine,RNDC
85629,CABIN FEVER,Wine,RNDC
85629,CABREO,Wine,RNDC
85629,CABULOUS,Wine,RNDC
85629,CABUTTO,Wine,RNDC
85629,CADEAUX,Wine,RNDC
85629,CADIS,Wine,RNDC
85629,CADORO,Wine,RNDC
85629,CAFAGGIO,Wine,RNDC
85629,CAFE AGAVE,Wine,RNDC
85629,CAFE DE SANTO,Wine,RNDC
85629,CAKEBREAD CELLARS,Wine,RNDC
85629,CALADAN,Wine,RNDC
85629,CALATRASI,Wine,RNDC
85629,CALEB'S,Wine,RNDC
85629,CALI VINO,Wine,RNDC
85629,CALICE DE FAUGERES,Wine,RNDC
85629,CALIFORNIA 37,Wine,RNDC
85629,CALIFORNIA CONSPIRACY CELLARS,Wine,RNDC
85629,CALIFORNIA CRUSH,Wine,RNDC
85629,CALIFORNIA DREAM,Wine,RNDC
85629,CALIFORNIA ROOTS,Wine,RNDC
85629,CALIFORNIA TRADITIONS,Wine,RNDC
85629,CALIFORNIA'S JEWEL COLLECTION,Wine,RNDC
85629,CALINA,Wine,RNDC
85629,CALISTA,Wine,RNDC
85629,CALISTOGA CELLARS,Wine,RNDC
85629,CALITERRA,Wine,RNDC
85629,CALLAWAY,Wine,RNDC
85629,CALLAWAY COASTAL,Wine,RNDC
85629,CALLE AZUL,Wine,RNDC
85629,CALLIA,Wine,RNDC
85629,CALLIE COLLECTION,Wine,RNDC
85629,CALLING ALL ANGELS,Wine,RNDC
85629,CALON SEGUR,Wine,RNDC
85629,CALVANO,Wine,RNDC
85629,CAMBIASO,Wine,RNDC
85629,CAMBRIA,Wine,RNDC
85629,CAMELOT VINEYARDS,Wine,RNDC
85629,CAMERON HUGHES,Wine,RNDC
85629,CAMILA,Wine,RNDC
85629,CAMINADA,Wine,RNDC
85629,CAMINO CALIXO,Wine,RNDC
85629,CAMPANETA,Wine,RNDC
85629,CAMPO AL MARE,Wine,RNDC
85629,CAMPO DI FIORI,Wine,RNDC
85629,CAMPO DI SASSO,Wine,RNDC
85629,CAMPO ROJA ESPANA,Wine,RNDC
85629,CAMPO VIEJO,Wine,RNDC
85629,CAN BLAU,Wine,RNDC
85629,CANADIAN WICKET,Wine,RNDC
85629,CANALS CANALS,Wine,RNDC
85629,CANDELLS,Wine,RNDC
85629,CANDIDO,Wine,RNDC
85629,CANDLE VINEYARDS,Wine,RNDC
85629,CANDOR,Wine,RNDC
85629,CANEI,Wine,RNDC
85629,CANNED OREGON,Wine,RNDC
85629,CANON 13,Wine,RNDC
85629,CANOPY HILL,Wine,RNDC
85629,CANTAGRILLOS,Wine,RNDC
85629,CANTINA DEL CASTELLO,Wine,RNDC
85629,CANTINA DI MONTALCINO,Wine,RNDC
85629,CANTINA DI ROSA,Wine,RNDC
85629,CANTINA DI SOAVE,Wine,RNDC
85629,CANTINA GIRLAN,Wine,RNDC
85629,CANTINE DI MARCO,Wine,RNDC
85629,CANTINE INTORCIA,Wine,RNDC
85629,CANTORA,Wine,RNDC
85629,CANTUS,Wine,RNDC
85629,CANVAS,Wine,RNDC
85629,CAP ROYAL,Wine,RNDC
85629,CAPARZO,Wine,RNDC
85629,CAPATAZ,Wine,RNDC
85629,CAPENSIS,Wine,RNDC
85629,CAPOSALDO,Wine,RNDC
85629,CAPRI,Wine,RNDC
85629,CAPRICCIO,Wine,RNDC
85629,CAPRICCIO SPIRITS CO,Low Alcohol Beverage,RNDC
85629,CAPRICCIO TAKE OUT COCKTAILS,Wine,RNDC
85629,CAPTURE WINES,Wine,RNDC
85629,CARA A CARA,Wine,RNDC
85629,CARAVAN,Wine,RNDC
85629,CARDINAL ZIN,Wine,RNDC
85629,CARDINALE,Wine,RNDC
85629,CARICATURE,Wine,RNDC
85629,CARMAZZI,Wine,RNDC
85629,CARMEL ROAD,Wine,RNDC
85629,CARMENET,Wine,RNDC
85629,CARMES DE RIEUSSEC,Wine,RNDC
85629,CARNEROS CREEK,Wine,RNDC
85629,CARNEROS SPRINGS,Wine,RNDC
85629,CARNISSI,Wine,RNDC
85629,CARO,Wine,RNDC
85629,CARPE DIEM,Wine,RNDC
85629,CARRAMAR ESTATE,Wine,RNDC
85629,CARRETE,Wine,RNDC
85629,CARRUADES DE LAFITE,Wine,RNDC
85629,CARTA VIEJA,Wine,RNDC
85629,CARTLIDGE & BROWNE,Wine,RNDC
85629,CARYS,Wine,RNDC
85629,CASA AZUL,Low Alcohol Beverage,RNDC
85629,CASA CANTINA,Wine,RNDC
85629,CASA DEI FAVERI,Wine,RNDC
85629,CASA FARIVE,Wine,RNDC
85629,CASA FERREIRINHA,Wine,RNDC
85629,CASA NATAL,Wine,RNDC
85629,CASA SILVA,Wine,RNDC
85629,CASA VALDUGA,Wine,RNDC
85629,CASA VINICOLA BRUNO GIACOSA,Wine,RNDC
85629,CASABELLA,Wine,RNDC
85629,CASADO MORALES,Wine,RNDC
85629,CASAL GARCIA,Wine,RNDC
85629,CASAL THAULERO,Wine,RNDC
85629,CASALEIRO,Wine,RNDC
85629,CASALS,Wine,RNDC
85629,CASAMATTA,Wine,RNDC
85629,CASARENA,Wine,RNDC
85629,CASARSA,Wine,RNDC
85629,CASASMITH,Wine,RNDC
85629,CASINO DELLE VIE,Wine,RNDC
85629,CASK & BARREL,Wine,RNDC
85629,CASS,Wine,RNDC
85629,CASS WINERY,Wine,RNDC
85629,CASTEL FIRMIAN,Wine,RNDC
85629,CASTELGIOCONDO,Wine,RNDC
85629,CASTELGREVE,Wine,RNDC
85629,CASTELLANI,Wine,RNDC
85629,CASTELLO BANFI,Wine,RNDC
85629,CASTELLO DEL TERRICCIO,Wine,RNDC
85629,CASTELLO DELLA SALA,Wine,RNDC
85629,CASTELLO DI MONASTERO,Wine,RNDC
85629,CASTELLO DI QUERCETO,Wine,RNDC
85629,CASTELLO DI VERRAZZANO,Wine,RNDC
85629,CASTELLO DI VOLPAIA,Wine,RNDC
85629,CASTELLO FONTERUTOLI,Wine,RNDC
85629,CASTELLO MONTAUTO,Wine,RNDC
85629,CASTELLO NIPOZZANO,Wine,RNDC
85629,CASTELLO POMINO,Wine,RNDC
85629,CASTELNAU DE SUDUIRAUT,Wine,RNDC
85629,CASTIGLION DEL BOSCO,Wine,RNDC
85629,CASTIGLIONI,Wine,RNDC
85629,CASTILLO DE LOGRONO,Wine,RNDC
85629,CASTILLO DE MOLINA,Wine,RNDC
85629,CASTILLO MONTE LA REINA,Wine,RNDC
85629,CASTILLO SAN SIMON,Wine,RNDC
85629,CASTILLO YGAY,Wine,RNDC
85629,CAT HOLLOW,Cider,RNDC
85629,CAT TAILS,Wine,RNDC
85629,CATALINA SOUNDS,Wine,RNDC
85629,CAVAS HILL,Wine,RNDC
85629,CAVATINA PREMIUM,Wine,RNDC
85629,CAVE & COVE,Wine,RNDC
85629,CAVES ALIANCA,Wine,RNDC
85629,CAVES DES PAPES,Wine,RNDC
85629,CAVIRO,Wine,RNDC
85629,CAVIT,Wine,RNDC
85629,CAVIT ADVENT CALENDAR,Wine,RNDC
85629,CAVORY,Wine,RNDC
85629,CAYWOOD,Wine,RNDC
85629,CECCHETTI SEBASTIANI,Wine,RNDC
85629,CECCHI,Wine,RNDC
85629,CEDAR + SALMON,Wine,RNDC
85629,CEDARVILLE VINEYARD,Wine,RNDC
85629,CEDERBERG,Wine,RNDC
85629,CEFIRO,Wine,RNDC
85629,CELANI FAMILY VINEYARDS,Wine,RNDC
85629,CELEBRATE FRIENDS,Wine,RNDC
85629,CELEBRATE WITH SPARKLE,Wine,RNDC
85629,CELEBRITY CELLARS,Wine,RNDC
85629,CELLA,Wine,RNDC
85629,CELLAR BOX,Wine,RNDC
85629,CELLAR FOUR79,Wine,RNDC
85629,CELLAR NO 8,Wine,RNDC
85629,CELLER BARCELONA,Wine,RNDC
85629,CELLER FRANCISCO CASTILLO,Wine,RNDC
85629,CELLERS CAPAFONS OSSO,Wine,RNDC
85629,CELLERS FUENTES,Wine,RNDC
85629,CELLIER DES PRINCES COTES DU RHONE,Wine,RNDC
85629,CENSE,Wine,RNDC
85629,CENTINE,Wine,RNDC
85629,CENTURY CELLARS,Wine,RNDC
85629,CENYTH,Wine,RNDC
85629,CEPPAIANO,Wine,RNDC
85629,CERES FR,Wine,RNDC
85629,CERETTO,Wine,RNDC
85629,CERRUTI CELLARS,Wine,RNDC
85629,CERULLI IRELLI SPINOZZI,Wine,RNDC
85629,CEU DO NORTE,Wine,RNDC
85629,CHACRA,Wine,RNDC
85629,CHACRAS,Wine,RNDC
85629,CHAGUAL,Wine,RNDC
85629,CHAINED MELODY,Wine,RNDC
85629,CHAKRAS,Wine,RNDC
85629,CHALK HILL,Wine,RNDC
85629,CHALONE VINEYARD,Wine,RNDC
85629,CHAMP DE REVES,Wine,RNDC
85629,CHAMPAGNE BARONS DE ROTHSCHILD,Wine,RNDC
85629,CHAMPAGNE BOIZEL,Wine,RNDC
85629,CHAMPAGNE HENRIOT,Wine,RNDC
85629,CHAMPAGNE MANDOIS,Wine,RNDC
85629,CHAMPAGNE NOMINE RENARD,Wine,RNDC
85629,CHAMPAGNE SABINE GODME,Wine,RNDC
85629,CHAMPS ANCIENS,Wine,RNDC
85629,CHAMPS DE FOIN,Wine,RNDC
85629,CHANDELIER,Wine,RNDC
85629,CHANDON,Wine,RNDC
85629,CHANTEFLEUR,Wine,RNDC
85629,CHAPELLE DE POTENSAC,Wine,RNDC
85629,CHARAMBA,Wine,RNDC
85629,CHARDONYEAH,Wine,RNDC
85629,CHARLES & CHARLES,Wine,RNDC
85629,CHARLES DEBOURGES,Wine,RNDC
85629,CHARLES HEIDSIECK,Wine,RNDC
85629,CHARLES MONTAINE,Wine,RNDC
85629,CHARLES SMITH FAMILY,Wine,RNDC
85629,CHARONGE,Wine,RNDC
85629,CHASE CREEK WINE,Wine,RNDC
85629,CHASE LIMOGERE,Wine,RNDC
85629,CHATEAU ALEXANDRE,Wine,RNDC
85629,CHATEAU AME DE VIAUD,Wine,RNDC
85629,CHATEAU ANGELUS,Wine,RNDC
85629,CHATEAU ASCENSION,Wine,RNDC
85629,CHATEAU BALLAN LARQUETTE,Wine,RNDC
85629,CHATEAU BARACAN,Wine,RNDC
85629,CHATEAU BARBEYROLLES,Wine,RNDC
85629,CHATEAU BARON BELLEVUE,Wine,RNDC
85629,CHATEAU BARRAIL LAUSSAC,Wine,RNDC
85629,CHATEAU BAS,Wine,RNDC
85629,CHATEAU BASTOR LAMONTAGNE,Wine,RNDC
85629,CHATEAU BEAU SEJOUR BECOT,Wine,RNDC
85629,CHATEAU BEAUMONT,Wine,RNDC
85629,CHATEAU BEAUREGARD DUCASSE,Wine,RNDC
85629,CHATEAU BEAUSEJOUR,Wine,RNDC
85629,CHATEAU BEL AIR GLORIA,Wine,RNDC
85629,CHATEAU BELEGRAVE,Wine,RNDC
85629,CHATEAU BELLE GARDE,Wine,RNDC
85629,CHATEAU BELLE VUE,Wine,RNDC
85629,CHATEAU BELLEFONT BELCIER,Wine,RNDC
85629,CHATEAU BELLEGRAVE,Wine,RNDC
85629,CHATEAU BELLEVUE,Wine,RNDC
85629,CHATEAU BELLEVUE D'AMECOURT,Wine,RNDC
85629,CHATEAU BELLEVUE PEYCHARNEAU,Wine,RNDC
85629,CHATEAU BERBILLOT,Wine,RNDC
85629,CHATEAU BERNON BECOT,Wine,RNDC
85629,CHATEAU BERTHENON,Wine,RNDC
85629,CHATEAU BEYCHEVELLE,Wine,RNDC
85629,CHATEAU BILTMORE,Wine,RNDC
85629,CHATEAU BLAIGNAN,Wine,RNDC
85629,CHATEAU BOUSCAUT,Wine,RNDC
85629,CHATEAU BOYD CANTENAC,Wine,RNDC
85629,CHATEAU BRANAIRE,Wine,RNDC
85629,CHATEAU BRANE CANTENAC,Wine,RNDC
85629,CHATEAU BRILLETTE,Wine,RNDC
85629,CHATEAU BROUSTET,Wine,RNDC
85629,CHATEAU BROWN,Wine,RNDC
85629,CHATEAU BROWN LAMARTINE,Wine,RNDC
85629,CHATEAU CABRIERES,Wine,RNDC
85629,CHATEAU CALON SEGUR,Wine,RNDC
85629,CHATEAU CAMENSAC,Wine,RNDC
85629,CHATEAU CANON,Wine,RNDC
85629,CHATEAU CANON CLOS CANON,Wine,RNDC
85629,CHATEAU CANON LA GAFFELIERE,Wine,RNDC
85629,CHATEAU CANTELOUP LESTAGE,Wine,RNDC
85629,CHATEAU CANTEMERLE,Wine,RNDC
85629,CHATEAU CANTENAC BROWN,Wine,RNDC
85629,CHATEAU CANUET,Wine,RNDC
85629,CHATEAU CAP DE BIOLET,Wine,RNDC
85629,CHATEAU CAP DE FAUGERES,Wine,RNDC
85629,CHATEAU CAPBERN,Wine,RNDC
85629,CHATEAU CAPET DUVERGER,Wine,RNDC
85629,CHATEAU CARBONNIEUX,Wine,RNDC
85629,CHATEAU CARLMAGNUS,Wine,RNDC
85629,CHATEAU CASCADAIS,Wine,RNDC
85629,CHATEAU CASTEGENS,Wine,RNDC
85629,CHATEAU CAZAL VIEL,Wine,RNDC
85629,CHATEAU CAZEAUX,Wine,RNDC
85629,CHATEAU CERTAN MARZELLE,Wine,RNDC
85629,CHATEAU CHAMBEAU,Wine,RNDC
85629,CHATEAU CHANTALOUETTE,Wine,RNDC
85629,CHATEAU CHANTEMERLE,Wine,RNDC
85629,CHATEAU CHARMAIL,Wine,RNDC
85629,CHATEAU CHASSE SPLEEN,Wine,RNDC
85629,CHATEAU CHEVAL BLANC,Wine,RNDC
85629,CHATEAU CITRAN,Wine,RNDC
85629,CHATEAU CIVRAC LAGRANGE,Wine,RNDC
85629,CHATEAU CLARKE,Wine,RNDC
85629,CHATEAU CLAUSS,Wine,RNDC
85629,CHATEAU CLERC MILON,Wine,RNDC
85629,CHATEAU CLINET,Wine,RNDC
85629,CHATEAU CLOS L'EGLISE,Wine,RNDC
85629,CHATEAU CONE TAILLASSON SABOURIN,Wine,RNDC
85629,CHATEAU CORBIN,Wine,RNDC
85629,CHATEAU CORDEILLAN BAGES,Wine,RNDC
85629,CHATEAU CORMEIL FIGEAC,Wine,RNDC
85629,CHATEAU COS D'ESTOURNEL,Wine,RNDC
85629,CHATEAU COTE DE BALEAU,Wine,RNDC
85629,CHATEAU COTE MONTPEZAT,Wine,RNDC
85629,CHATEAU COURAC,Wine,RNDC
85629,CHATEAU COUTET,Wine,RNDC
85629,CHATEAU CRISP,Wine,RNDC
85629,CHATEAU CROIX CARDINALE,Wine,RNDC
85629,CHATEAU CROIX FIGEAC,Wine,RNDC
85629,CHATEAU CROIX MOUTON,Wine,RNDC
85629,CHATEAU D'AIGUILHE,Wine,RNDC
85629,CHATEAU D'ANICE,Wine,RNDC
85629,CHATEAU D'AQUERIA,Wine,RNDC
85629,CHATEAU D'ARCHE,Wine,RNDC
85629,CHATEAU D'ARGADENS,Wine,RNDC
85629,CHATEAU D'ARMAILHAC,Wine,RNDC
85629,CHATEAU D'ARSAC,Wine,RNDC
85629,CHATEAU D'ARTHUS,Wine,RNDC
85629,CHATEAU D'EPIRE,Wine,RNDC
85629,CHATEAU D'ESCLANS,Wine,RNDC
85629,CHATEAU D'ISSAN,Wine,RNDC
85629,CHATEAU D'YQUEM,Wine,RNDC
85629,CHATEAU DALLAU,Wine,RNDC
85629,CHATEAU DASSAULT,Wine,RNDC
85629,CHATEAU DAUZAC,Wine,RNDC
85629,CHATEAU DE BEAULIEU,Wine,RNDC
85629,CHATEAU DE BELCIER,Wine,RNDC
85629,CHATEAU DE BERNE,Wine,RNDC
85629,CHATEAU DE BERTINEAU,Wine,RNDC
85629,CHATEAU DE CAMARSAC,Wine,RNDC
85629,CHATEAU DE CANDALE,Wine,RNDC
85629,CHATEAU DE CHAMBOUREAU,Wine,RNDC
85629,CHATEAU DE DRACY,Wine,RNDC
85629,CHATEAU DE FIEUZAL,Wine,RNDC
85629,CHATEAU DE FONSALETTE,Wine,RNDC
85629,CHATEAU DE FRANCS,Wine,RNDC
85629,CHATEAU DE GOULAINE,Wine,RNDC
85629,CHATEAU DE GREZELS,Wine,RNDC
85629,CHATEAU DE JAU,Wine,RNDC
85629,CHATEAU DE L'OISELINIERE,Wine,RNDC
85629,CHATEAU DE LA CHAIZE,Wine,RNDC
85629,CHATEAU DE LA COSTE,Wine,RNDC
85629,CHATEAU DE LA COUR D'ARGENT,Wine,RNDC
85629,CHATEAU DE LA VIEILLE TOUR,Wine,RNDC
85629,CHATEAU DE LAMARQUE,Wine,RNDC
85629,CHATEAU DE LAUNAY,Wine,RNDC
85629,CHATEAU DE LAUSSAC,Wine,RNDC
85629,CHATEAU DE LAVILLE,Wine,RNDC
85629,CHATEAU DE LYDE,Wine,RNDC
85629,CHATEAU DE MACARD,Wine,RNDC
85629,CHATEAU DE MALIGNY,Wine,RNDC
85629,CHATEAU DE MALLE,Wine,RNDC
85629,CHATEAU DE MALLERET,Wine,RNDC
85629,CHATEAU DE PERRON,Wine,RNDC
85629,CHATEAU DE PEZ,Wine,RNDC
85629,CHATEAU DE PIC,Wine,RNDC
85629,CHATEAU DE PITRAY,Wine,RNDC
85629,CHATEAU DE PONCIE,Wine,RNDC
85629,CHATEAU DE PRESSAC,Wine,RNDC
85629,CHATEAU DE RIBEBON,Wine,RNDC
85629,CHATEAU DE ROQUEBRUNE,Wine,RNDC
85629,CHATEAU DE SAINT PEY,Wine,RNDC
85629,CHATEAU DE SAINT PHILIPPE,Wine,RNDC
85629,CHATEAU DE SALES,Wine,RNDC
85629,CHATEAU DE SEIZE,Wine,RNDC
85629,CHATEAU DE VAUDIEU,Wine,RNDC
85629,CHATEAU DE VILLAMBIS,Wine,RNDC
85629,CHATEAU DES ARNAUDS,Wine,RNDC
85629,CHATEAU DES BACHELARDS,Wine,RNDC
85629,CHATEAU DES CRES RICARDS,Wine,RNDC
85629,CHATEAU DES GRAVES,Wine,RNDC
85629,CHATEAU DES JACQUES,Wine,RNDC
85629,CHATEAU DES LAURETS BARON,Wine,RNDC
85629,CHATEAU DES LEOTINS,Wine,RNDC
85629,CHATEAU DES ORMEAUX,Wine,RNDC
85629,CHATEAU DES ROCHERS,Wine,RNDC
85629,CHATEAU DES ROCHES,Wine,RNDC
85629,CHATEAU DES TOURS,Wine,RNDC
85629,CHATEAU DEYREM VALENTIN,Wine,RNDC
85629,CHATEAU DOMI COURS,Wine,RNDC
85629,CHATEAU DOYAC,Wine,RNDC
85629,CHATEAU DU BEAU VALLON,Wine,RNDC
85629,CHATEAU DU CAILLAU,Wine,RNDC
85629,CHATEAU DU COUDRAY MONTPENSIER,Wine,RNDC
85629,CHATEAU DU GLANA,Wine,RNDC
85629,CHATEAU DU GRAND BERN,Wine,RNDC
85629,CHATEAU DU GRAND MAINE,Wine,RNDC
85629,CHATEAU DU LUC,Wine,RNDC
85629,CHATEAU DU MARGAUX,Wine,RNDC
85629,CHATEAU DU PEUIL,Wine,RNDC
85629,CHATEAU DU PIN,Wine,RNDC
85629,CHATEAU DU PORT,Wine,RNDC
85629,CHATEAU DU RAGON,Wine,RNDC
85629,CHATEAU DU RAUX,Wine,RNDC
85629,CHATEAU DU TERTRE,Wine,RNDC
85629,CHATEAU DU TRIGNON,Wine,RNDC
85629,CHATEAU DUCRU BEAUCAILLOU,Wine,RNDC
85629,CHATEAU DUHART MILON,Wine,RNDC
85629,CHATEAU DULUC,Wine,RNDC
85629,CHATEAU DURFORT VIVENS,Wine,RNDC
85629,CHATEAU FAUGERES,Wine,RNDC
85629,CHATEAU FAURIE DE SOUCHARD,Wine,RNDC
85629,CHATEAU FAYAN,Wine,RNDC
85629,CHATEAU FERRAN,Wine,RNDC
85629,CHATEAU FERRIERE,Wine,RNDC
85629,CHATEAU FEYTIT CLINET,Wine,RNDC
85629,CHATEAU FIGEAC,Wine,RNDC
85629,CHATEAU FINET,Wine,RNDC
85629,CHATEAU FOMBRAUGE,Wine,RNDC
85629,CHATEAU FONBADET,Wine,RNDC
85629,CHATEAU FONFROIDE,Wine,RNDC
85629,CHATEAU FONTESTEAU,Wine,RNDC
85629,CHATEAU FONTJONCOUSE,Wine,RNDC
85629,CHATEAU FOURCAS DUPRE,Wine,RNDC
85629,CHATEAU FOURCAS HOSTEN,Wine,RNDC
85629,CHATEAU FRANC COUPLET,Wine,RNDC
85629,CHATEAU FUISSE,Wine,RNDC
85629,CHATEAU GAILLARD,Wine,RNDC
85629,CHATEAU GALAU,Wine,RNDC
85629,CHATEAU GARDAT,Wine,RNDC
85629,CHATEAU GAYON,Wine,RNDC
85629,CHATEAU GAZIN,Wine,RNDC
85629,CHATEAU GILLET,Wine,RNDC
85629,CHATEAU GISCOURS,Wine,RNDC
85629,CHATEAU GLORIA,Wine,RNDC
85629,CHATEAU GLORIA ST JULIEN,Wine,RNDC
85629,CHATEAU GODEAU DUCARPE,Wine,RNDC
85629,CHATEAU GRAND BARRAIL LAMARZELLE FIGEAC,Wine,RNDC
85629,CHATEAU GRAND MAYNE,Wine,RNDC
85629,CHATEAU GRAND PASCAUD,Wine,RNDC
85629,CHATEAU GRAND PUY DUCASSE,Wine,RNDC
85629,CHATEAU GRAND PUY LACOSTE,Wine,RNDC
85629,CHATEAU GRANGE NEUVE,Wine,RNDC
85629,CHATEAU GRAVELIER,Wine,RNDC
85629,CHATEAU GUEYDON,Wine,RNDC
85629,CHATEAU GUIRAUD CHEVAL BLANC,Wine,RNDC
85629,CHATEAU HANTEILLAN,Wine,RNDC
85629,CHATEAU HARMONIE,Wine,RNDC
85629,CHATEAU HAUT BAGES AVEROUS,Wine,RNDC
85629,CHATEAU HAUT BAGES LIBERAL,Wine,RNDC
85629,CHATEAU HAUT BAILLY,Wine,RNDC
85629,CHATEAU HAUT BEAUSEJOUR,Wine,RNDC
85629,CHATEAU HAUT BERGERON,Wine,RNDC
85629,CHATEAU HAUT BERGEY,Wine,RNDC
85629,CHATEAU HAUT BRION,Wine,RNDC
85629,CHATEAU HAUT BRISSON,Wine,RNDC
85629,CHATEAU HAUT CADET,Wine,RNDC
85629,CHATEAU HAUT CANTELOUP,Wine,RNDC
85629,CHATEAU HAUT COLOMBIER,Wine,RNDC
85629,CHATEAU HAUT COTEAU,Wine,RNDC
85629,CHATEAU HAUT L'EVEQUE,Wine,RNDC
85629,CHATEAU HAUT LA VALETTE,Wine,RNDC
85629,CHATEAU HAUT LANDON,Wine,RNDC
85629,CHATEAU HAUT MAURAC,Wine,RNDC
85629,CHATEAU HAUT MAURIN,Wine,RNDC
85629,CHATEAU HAUT MONDAIN,Wine,RNDC
85629,CHATEAU HAUT PASQUET,Wine,RNDC
85629,CHATEAU HAUT PEYRUGUET,Wine,RNDC
85629,CHATEAU HAUT PEZAT,Wine,RNDC
85629,CHATEAU HAUT POURJAC,Wine,RNDC
85629,CHATEAU HAUT ROCHER,Wine,RNDC
85629,CHATEAU HAUT SOCIONDO,Wine,RNDC
85629,CHATEAU HOCLET,Wine,RNDC
85629,CHATEAU HOSANNA,Wine,RNDC
85629,CHATEAU HUSSON,Wine,RNDC
85629,CHATEAU IMPERIAL,Wine,RNDC
85629,CHATEAU KIRWAN,Wine,RNDC
85629,CHATEAU L'ANGELUS,Wine,RNDC
85629,CHATEAU L'ECUYER,Wine,RNDC
85629,CHATEAU L'EVANGILE,Wine,RNDC
85629,CHATEAU LA BRANDE,Wine,RNDC
85629,CHATEAU LA CAVE DU ROC,Wine,RNDC
85629,CHATEAU LA CHAPELLE AUX MOINES,Wine,RNDC
85629,CHATEAU LA COMMANDERIE,Wine,RNDC
85629,CHATEAU LA COMMANDERIE DE SAINT GENIS,Wine,RNDC
85629,CHATEAU LA COMMANDERIE DU BARDELET,Wine,RNDC
85629,CHATEAU LA COURONNE,Wine,RNDC
85629,CHATEAU LA COUSPAUDE,Wine,RNDC
85629,CHATEAU LA CROIX ST ANDRE,Wine,RNDC
85629,CHATEAU LA DEVINE,Wine,RNDC
85629,CHATEAU LA FLEUR DE BOUARD,Wine,RNDC
85629,CHATEAU LA FLEUR POURRET,Wine,RNDC
85629,CHATEAU LA FON DU BERGER,Wine,RNDC
85629,CHATEAU LA FRANCE,Wine,RNDC
85629,CHATEAU LA FREYNELLE,Wine,RNDC
85629,CHATEAU LA GOMERIE,Wine,RNDC
85629,CHATEAU LA GRACE DIEU,Wine,RNDC
85629,CHATEAU LA GRANDE NOVE,Wine,RNDC
85629,CHATEAU LA GRANGE D'ORLEAN,Wine,RNDC
85629,CHATEAU LA GURGUE,Wine,RNDC
85629,CHATEAU LA HAUTE CLAYMORE,Wine,RNDC
85629,CHATEAU LA JUSTICE,Wine,RNDC
85629,CHATEAU LA LAGUNE,Wine,RNDC
85629,CHATEAU LA MISSION HAUT BRION,Wine,RNDC
85629,CHATEAU LA MISSION HAUT BRION GRAVES,Wine,RNDC
85629,CHATEAU LA NERTHE,Wine,RNDC
85629,CHATEAU LA PAWS,Wine,RNDC
85629,CHATEAU LA PIERRIERE,Wine,RNDC
85629,CHATEAU LA POINTE,Wine,RNDC
85629,CHATEAU LA REVERENCE,Wine,RNDC
85629,CHATEAU LA RIVIERE,Wine,RNDC
85629,CHATEAU LA ROSE DU PIN,Wine,RNDC
85629,CHATEAU LA SALLE,Wine,RNDC
85629,CHATEAU LA SOULEGE,Wine,RNDC
85629,CHATEAU LA TOUR CARNET,Wine,RNDC
85629,CHATEAU LA TOUR DE BESSAN,Wine,RNDC
85629,CHATEAU LA TOUR DE L'EVEQUE,Wine,RNDC
85629,CHATEAU LA TOUR DE SEGUR,Wine,RNDC
85629,CHATEAU LA TOUR FIGEAC,Wine,RNDC
85629,CHATEAU LA TOUR HAUT BRION,Wine,RNDC
85629,CHATEAU LABEGORCE,Wine,RNDC
85629,CHATEAU LABEGORCE ZEDE,Wine,RNDC
85629,CHATEAU LABOURE ROI,Wine,RNDC
85629,CHATEAU LAFFITTE CARCASSET,Wine,RNDC
85629,CHATEAU LAFFITTE LAUJAC,Wine,RNDC
85629,CHATEAU LAFITE ROTHSCHILD,Wine,RNDC
85629,CHATEAU LAFLEUR GAZIN,Wine,RNDC
85629,CHATEAU LAFOND,Wine,RNDC
85629,CHATEAU LAFONT MENAUT,Wine,RNDC
85629,CHATEAU LAGRANGE,Wine,RNDC
85629,CHATEAU LAJARRE,Wine,RNDC
85629,CHATEAU LALANDE,Wine,RNDC
85629,CHATEAU LALANDE BORIE,Wine,RNDC
85629,CHATEAU LALANDE DE GRAVET,Wine,RNDC
85629,CHATEAU LAMARGUE,Wine,RNDC
85629,CHATEAU LAMOTHE BERGERON,Wine,RNDC
85629,CHATEAU LAMOTHE VINCENT,Wine,RNDC
85629,CHATEAU LANGOA BARTON,Wine,RNDC
85629,CHATEAU LAQUIROU,Wine,RNDC
85629,CHATEAU LARIBOTTE,Wine,RNDC
85629,CHATEAU LAROQUE,Wine,RNDC
85629,CHATEAU LARRIVAUX,Wine,RNDC
85629,CHATEAU LASCOMBES,Wine,RNDC
85629,CHATEAU LATASTE,Wine,RNDC
85629,CHATEAU LATOUR,Wine,RNDC
85629,CHATEAU LATOUR MARTILLAC,Wine,RNDC
85629,CHATEAU LE BOSCQ,Wine,RNDC
85629,CHATEAU LE CONE,Wine,RNDC
85629,CHATEAU LE GRAND MOULIN,Wine,RNDC
85629,CHATEAU LE MOULIN BASILEUS,Wine,RNDC
85629,CHATEAU LE PAPE,Wine,RNDC
85629,CHATEAU LE PRIEURE,Wine,RNDC
85629,CHATEAU LE ROC,Wine,RNDC
85629,CHATEAU LE ROUDIER,Wine,RNDC
85629,CHATEAU LEOVILLE BARTON,Wine,RNDC
85629,CHATEAU LEOVILLE LAS CASES,Wine,RNDC
85629,CHATEAU LEOVILLE POYFERRE,Wine,RNDC
85629,CHATEAU LES AUBIERS,Wine,RNDC
85629,CHATEAU LES CARMES HAUT BRION,Wine,RNDC
85629,CHATEAU LES DAMES DE LA RENARDIERE,Wine,RNDC
85629,CHATEAU LES GARELLES,Wine,RNDC
85629,CHATEAU LES GRANDS MARECHAUX,Wine,RNDC
85629,CHATEAU LES GRAVIERES,Wine,RNDC
85629,CHATEAU LES JUSTICES,Wine,RNDC
85629,CHATEAU LES ORMES DE PEZ,Wine,RNDC
85629,CHATEAU LES PASQUETS,Wine,RNDC
85629,CHATEAU LES PINS,Wine,RNDC
85629,CHATEAU LES TROIS CROIX,Wine,RNDC
85629,CHATEAU LES VIEILLES MURAILLES,Wine,RNDC
85629,CHATEAU LHORENS,Wine,RNDC
85629,CHATEAU LIEUJEAN,Wine,RNDC
85629,CHATEAU LILIAN LADOUYS,Wine,RNDC
85629,CHATEAU LISTRAN,Wine,RNDC
85629,CHATEAU LONGUEVILLE AU BARON DE PICHON LONGUEVILLE,Wine,RNDC
85629,CHATEAU LOUDENNE,Wine,RNDC
85629,CHATEAU LOUIS,Wine,RNDC
85629,CHATEAU LUCHEY HALDE,Wine,RNDC
85629,CHATEAU LUSSEAU,Wine,RNDC
85629,CHATEAU LYNCH BAGES,Wine,RNDC
85629,CHATEAU MACQUIN,Wine,RNDC
85629,CHATEAU MAGDELAINE,Wine,RNDC
85629,CHATEAU MAILLET,Wine,RNDC
85629,CHATEAU MAISON BLANCHE,Wine,RNDC
85629,CHATEAU MALARTIC LAGRAVIERE,Wine,RNDC
85629,CHATEAU MALIJAY,Wine,RNDC
85629,CHATEAU MALLARD LES ROUSSEAUX,Wine,RNDC
85629,CHATEAU MALMAISON,Wine,RNDC
85629,CHATEAU MARCHAND,Wine,RNDC
85629,CHATEAU MARGAUX,Wine,RNDC
85629,CHATEAU MARJOSSE,Wine,RNDC
85629,CHATEAU MARQUIS D'ALESME,Wine,RNDC
85629,CHATEAU MARQUIS DE CALON,Wine,RNDC
85629,CHATEAU MARQUIS DE TERME,Wine,RNDC
85629,CHATEAU MARTIN,Wine,RNDC
85629,CHATEAU MATERRE,Wine,RNDC
85629,CHATEAU MAUCOIL,Wine,RNDC
85629,CHATEAU MAUSSE,Wine,RNDC
85629,CHATEAU MENAUT,Wine,RNDC
85629,CHATEAU MEYNEY,Wine,RNDC
85629,CHATEAU MINUTY,Wine,RNDC
85629,CHATEAU MIQUEL,Wine,RNDC
85629,CHATEAU MIQUEU,Wine,RNDC
85629,CHATEAU MOINE MARTIN,Wine,RNDC
85629,CHATEAU MONBOUSQUET,Wine,RNDC
85629,CHATEAU MONGRAVEY,Wine,RNDC
85629,CHATEAU MONSAN ESTEBE,Wine,RNDC
85629,CHATEAU MONT REDON,Wine,RNDC
85629,CHATEAU MONTROSE,Wine,RNDC
85629,CHATEAU MORIN,Wine,RNDC
85629,CHATEAU MOULIN DE LA BRIDANE,Wine,RNDC
85629,CHATEAU MOULIN DE VIGNOLLE,Wine,RNDC
85629,CHATEAU MOULIN DES RICHARDS,Wine,RNDC
85629,CHATEAU MOULIN DU CADET,Wine,RNDC
85629,CHATEAU MOULINET,Wine,RNDC
85629,CHATEAU MOUTON ROTHSCHILD,Wine,RNDC
85629,CHATEAU NENIN,Wine,RNDC
85629,CHATEAU NOAILLAC,Wine,RNDC
85629,CHATEAU ODILON,Wine,RNDC
85629,CHATEAU OLIVIER,Wine,RNDC
85629,CHATEAU ORMES DE PEZ,Wine,RNDC
85629,CHATEAU PALMER,Wine,RNDC
85629,CHATEAU PALOUMEY,Wine,RNDC
85629,CHATEAU PAPE CLEMENT,Wine,RNDC
85629,CHATEAU PATRIS QUERRE,Wine,RNDC
85629,CHATEAU PAUL MAS,Wine,RNDC
85629,CHATEAU PAVIE,Wine,RNDC
85629,CHATEAU PAVIE MACQUIN,Wine,RNDC
85629,CHATEAU PECH LATT,Wine,RNDC
85629,CHATEAU PEDESCLAUX,Wine,RNDC
85629,CHATEAU PETIT CLOS DU ROY,Wine,RNDC
85629,CHATEAU PETIT FIGEAC,Wine,RNDC
85629,CHATEAU PETIT FREYLON,Wine,RNDC
85629,CHATEAU PETIT ROUBIE,Wine,RNDC
85629,CHATEAU PEY DE PONT,Wine,RNDC
85629,CHATEAU PEYMOUTON,Wine,RNDC
85629,CHATEAU PEYRASSOL,Wine,RNDC
85629,CHATEAU PEYREDON LAGRAVETTE,Wine,RNDC
85629,CHATEAU PHELAN SEGUR,Wine,RNDC
85629,CHATEAU PIBRAN,Wine,RNDC
85629,CHATEAU PICARD,Wine,RNDC
85629,CHATEAU PICHON BARON,Wine,RNDC
85629,CHATEAU PICHON COMTESEE,Wine,RNDC
85629,CHATEAU PICHON COMTESSE,Wine,RNDC
85629,CHATEAU PICHON LONGUEVILLE COMTESSE DE LALANDE,Wine,RNDC
85629,CHATEAU PICON,Wine,RNDC
85629,CHATEAU PICQUE CAILLOU,Wine,RNDC
85629,CHATEAU PLAIZIRS,Wine,RNDC
85629,CHATEAU PLANERES,Wine,RNDC
85629,CHATEAU PLANTEY,Wine,RNDC
85629,CHATEAU PONT DE MOUQUET,Wine,RNDC
85629,CHATEAU PONTET CANET,Wine,RNDC
85629,CHATEAU POTENSAC,Wine,RNDC
85629,CHATEAU POUGET,Wine,RNDC
85629,CHATEAU POUJEAUX,Wine,RNDC
85629,CHATEAU PREUILLAC,Wine,RNDC
85629,CHATEAU PUY BLANQUET,Wine,RNDC
85629,CHATEAU PUY BOYREIN,Wine,RNDC
85629,CHATEAU PUY CASTERA,Wine,RNDC
85629,CHATEAU QUINTUS,Wine,RNDC
85629,CHATEAU RASQUE,Wine,RNDC
85629,CHATEAU RAUZAN GASSIES,Wine,RNDC
85629,CHATEAU RAUZAN SEGLA,Wine,RNDC
85629,CHATEAU RAYAS,Wine,RNDC
85629,CHATEAU REINE BLANCHE,Wine,RNDC
85629,CHATEAU RESPIDE MEDEVILLE,Wine,RNDC
85629,CHATEAU REYNELLA,Wine,RNDC
85629,CHATEAU RICHEBON,Wine,RNDC
85629,CHATEAU RIEUSSEC,Wine,RNDC
85629,CHATEAU ROC DE BECOT,Wine,RNDC
85629,CHATEAU ROC DU PIN,Wine,RNDC
85629,CHATEAU ROCHERS BELLEVUE,Wine,RNDC
85629,CHATEAU ROL VALENTIN,Wine,RNDC
85629,CHATEAU ROLAND LA GARDE,Wine,RNDC
85629,CHATEAU ROLLAN DE BY,Wine,RNDC
85629,CHATEAU ROQUEFEUILLE,Wine,RNDC
85629,CHATEAU ROQUEFORT,Wine,RNDC
85629,CHATEAU ROQUEGRAVE,Wine,RNDC
85629,CHATEAU ROUSSET CAILLAU,Wine,RNDC
85629,CHATEAU SABY,Wine,RNDC
85629,CHATEAU SAINT ANDRE CORBIN,Wine,RNDC
85629,CHATEAU SAINT GEORGES,Wine,RNDC
85629,CHATEAU SAINT GERMAIN,Wine,RNDC
85629,CHATEAU SAINT HUBERT,Wine,RNDC
85629,CHATEAU SAINT PIERRE,Wine,RNDC
85629,CHATEAU SAINT SULPICE,Wine,RNDC
85629,CHATEAU SAINTAYME,Wine,RNDC
85629,CHATEAU SAINTE COLOMBE,Wine,RNDC
85629,CHATEAU SAINTE MARGUERITE,Wine,RNDC
85629,CHATEAU SEIGNEURIE DE MURVIEL,Wine,RNDC
85629,CHATEAU SENEJAC,Wine,RNDC
85629,CHATEAU SIAURAC,Wine,RNDC
85629,CHATEAU SIMARD,Wine,RNDC
85629,CHATEAU SIRAN,Wine,RNDC
85629,CHATEAU SMITH HAUT LAFITTE,Wine,RNDC
85629,CHATEAU SOCIANDO MALLET,Wine,RNDC
85629,CHATEAU SOUVERAIN,Wine,RNDC
85629,CHATEAU STE MICHELLE,Wine,RNDC
85629,CHATEAU TAILLEFER,Wine,RNDC
85629,CHATEAU TALBOT,Wine,RNDC
85629,CHATEAU TERRES DES GRANGES,Wine,RNDC
85629,CHATEAU TESSENDEY,Wine,RNDC
85629,CHATEAU TEYNAC,Wine,RNDC
85629,CHATEAU TEYSSIER,Wine,RNDC
85629,CHATEAU THOMAS,Wine,RNDC
85629,CHATEAU TIMBERLAY,Wine,RNDC
85629,CHATEAU TOUR CALON,Wine,RNDC
85629,CHATEAU TOUR DU HAUT MOULIN,Wine,RNDC
85629,CHATEAU TOUR DU ROCH MILON,Wine,RNDC
85629,CHATEAU TOUR HAUT CAUSSAN,Wine,RNDC
85629,CHATEAU TOUR LEOGNAN,Wine,RNDC
85629,CHATEAU TOUR PIBRAN,Wine,RNDC
85629,CHATEAU TOUR SAINT CHRISTOPHE,Wine,RNDC
85629,CHATEAU TOURNEFEUILLE,Wine,RNDC
85629,CHATEAU TOUZIGNAN,Wine,RNDC
85629,CHATEAU TRIANON,Wine,RNDC
85629,CHATEAU TRIMOULET,Wine,RNDC
85629,CHATEAU TRONQUOY LALANDE,Wine,RNDC
85629,CHATEAU TROPLONG MONDOT,Wine,RNDC
85629,CHATEAU TROUPIAN,Wine,RNDC
85629,CHATEAU TUILERIE PLAISANCE,Wine,RNDC
85629,CHATEAU VAL JOANIS,Wine,RNDC
85629,CHATEAU VIEUX CHEVROL,Wine,RNDC
85629,CHATEAU VIEUX MAILLET,Wine,RNDC
85629,CHATEAU VIEUX MAURAC,Wine,RNDC
85629,CHATEAU VIEUX ROBIN,Wine,RNDC
85629,CHATEAU VIGNOT,Wine,RNDC
85629,CHATEAU VILLA BEL AIR,Wine,RNDC
85629,CHATEAU VILLARS,Wine,RNDC
85629,CHATEAU WOLTNER,Wine,RNDC
85629,CHATREAU DUHART MILON,Wine,RNDC
85629,CHE GAUCHO,Wine,RNDC
85629,CHECKERBOARD VINEYARDS,Wine,RNDC
85629,CHEMISTRY,Wine,RNDC
85629,CHENE BLEU,Wine,RNDC
85629,CHERISHED MEMORIES,Wine,RNDC
85629,CHERRIES & RAINBOWS,Wine,RNDC
85629,CHEURLIN,Wine,RNDC
85629,CHEURLIN THOMAS,Wine,RNDC
85629,CHEVAL DES ANDES,Wine,RNDC
85629,CHIARANDA,Wine,RNDC
85629,CHIC BARCELONA,Wine,RNDC
85629,CHICKEN RUN,Wine,RNDC
85629,CHIETENO,Wine,RNDC
85629,CHIKURIN,Wine,RNDC
85629,CHILDRESS VINEYARDS,Wine,RNDC
85629,CHILL OUT,Wine,RNDC
85629,CHIMAYO RED CHILE WINE,Wine,RNDC
85629,CHIMERA TAIL,Wine,RNDC
85629,CHIMNEY ROCK,Wine,RNDC
85629,CHIVITE,Wine,RNDC
85629,CHIYOMUSUBI SAKE BREWERY CO,Wine,RNDC
85629,CHIYONOSONO,Wine,RNDC
85629,CHLOE,Wine,RNDC
85629,CHOCKSTONE,Wine,RNDC
85629,CHOCO NOIR,Wine,RNDC
85629,CHOCOLATE BAR,Wine,RNDC
85629,CHOP SHOP,Wine,RNDC
85629,CHOX,Wine,RNDC
85629,CHOYA,Wine,RNDC
85629,CHRISTIAN MOREAU PERE & FILS,Wine,RNDC
85629,CHRISTIAN MOUEIX,Wine,RNDC
85629,CHRISTOPHE PERROT MINOT,Wine,RNDC
85629,CHRONIC CELLARS,Wine,RNDC
85629,CIAO,Wine,RNDC
85629,CICINIS,Wine,RNDC
85629,CIEL BLEU,Wine,RNDC
85629,CIEL BLEU D'AQUITAINE,Wine,RNDC
85629,CIELO D'ORO,Wine,RNDC
85629,CIGAR,Wine,RNDC
85629,CILLAR DE SILOS,Wine,RNDC
85629,CINZANO,Wine,RNDC
85629,CIRCUMFERENCE,Wine,RNDC
85629,CIRCUS BY L'OSTAL CAZES,Wine,RNDC
85629,CIRQUE DU SOLEIL,Wine,RNDC
85629,CISCO,Wine,RNDC
85629,CITIZEN REPUBLIC,Wine,RNDC
85629,CITRIO,Wine,RNDC
85629,CITTO,Wine,RNDC
85629,CK CELLARS,Wine,RNDC
85629,CLAFFEY'S FROZEN COCKTAILS,Wine,RNDC
85629,CLAFFEY'S SELTZER COCKTAILS,Wine,RNDC
85629,CLAR DEL BOSC,Wine,RNDC
85629,CLASSIC CRUISE,Wine,RNDC
85629,CLASSIC SERIES WINEMAKERS SELECTIONS,Wine,RNDC
85629,CLAU DE NELL,Wine,RNDC
85629,CLAUDE MANCIATE,Wine,RNDC
85629,CLAY CREEK VINEYARDS,Wine,RNDC
85629,CLAY STATION,Wine,RNDC
85629,CLEAR BOTTLE BAY,Wine,RNDC
85629,CLEARWATER COVE,Wine,RNDC
85629,CLENDENEN FAMILY VINEYARDS,Wine,RNDC
85629,CLENDENEN FAMILY VINTNERS,Wine,RNDC
85629,CLICK AND DRINK,Wine,RNDC
85629,CLIFFHANGER,Wine,RNDC
85629,CLIFFORD BAY,Wine,RNDC
85629,CLIMBING,Wine,RNDC
85629,CLINK AND DRINK,Wine,RNDC
85629,CLONE 7,Wine,RNDC
85629,CLOS CABRIERE,Wine,RNDC
85629,CLOS DE NAPA,Wine,RNDC
85629,CLOS DE TART,Wine,RNDC
85629,CLOS DES LUNES,Wine,RNDC
85629,CLOS DES TEMPLIERS,Wine,RNDC
85629,CLOS DU BOIS,Wine,RNDC
85629,CLOS DU MARQUIS,Wine,RNDC
85629,CLOS DU VAL,Wine,RNDC
85629,CLOS FOURTET,Wine,RNDC
85629,CLOS GRANGENEUVE,Wine,RNDC
85629,CLOS MARSALETTE,Wine,RNDC
85629,CLOS PEGASE,Wine,RNDC
85629,CLOS POGGIALE,Wine,RNDC
85629,CLOS REISSIER,Wine,RNDC
85629,CLOUD CHASER,Wine,RNDC
85629,CLOUD VALLEY,Wine,RNDC
85629,CLOUD WATCHER,Wine,RNDC
85629,CLOUDFALL,Wine,RNDC
85629,CLOUDVEIL VINEYARDS,Wine,RNDC
85629,CLOVER HILL,Wine,RNDC
85629,CLUB MIX,Wine,RNDC
85629,CMV,Wine,RNDC
85629,CO CARNE,Wine,RNDC
85629,COASTAL COCKTAILS,Wine,RNDC
85629,COASTAL PASSAGE,Wine,RNDC
85629,COASTAL RIDGE WINERY,Wine,RNDC
85629,COASTAL VIBES,Wine,RNDC
85629,COASTAL VINES,Wine,RNDC
85629,COASTAL VINTNERS,Wine,RNDC
85629,COBBLER CREEK,Wine,RNDC
85629,COCCA DI PAPA,Wine,RNDC
85629,COCKTAIL CRAFTERS,Wine,RNDC
85629,COCO,Low Alcohol Beverage,RNDC
85629,COCO RICO,Wine,RNDC
85629,COCOBON,Wine,RNDC
85629,COL D'ORCIA,Wine,RNDC
85629,COL DE SALICI,Wine,RNDC
85629,COL DI SASSO,Wine,RNDC
85629,COL SOLARE,Wine,RNDC
85629,COLAVITA,Wine,RNDC
85629,COLLABORATION,Wine,RNDC
85629,COLLAGE,Wine,RNDC
85629,COLLAZZI,Wine,RNDC
85629,COLLECTION DES ANGES,Wine,RNDC
85629,COLLECTIVE GOOD,Wine,RNDC
85629,COLLEGIATA,Wine,RNDC
85629,COLLEPINO,Wine,RNDC
85629,COLLINI,Wine,RNDC
85629,COLLUSION,Wine,RNDC
85629,COLOMBINI,Wine,RNDC
85629,COLONY,Wine,RNDC
85629,COLORES DEL SOL,Wine,RNDC
85629,COLOUR VOLANT,Wine,RNDC
85629,COLUMBIA CREST,Wine,RNDC
85629,COMENGE,Wine,RNDC
85629,COMPILATION,Wine,RNDC
85629,COMPLICATED,Wine,RNDC
85629,COMPOSITION,Wine,RNDC
85629,COMTE DE BLIGNAC,Wine,RNDC
85629,COMTE DE LA CHEVALIERE,Wine,RNDC
85629,COMTE DE TASSIN,Wine,RNDC
85629,COMTE LAFOND,Wine,RNDC
85629,CON CARNE,Wine,RNDC
85629,CONCANNON,Wine,RNDC
85629,CONCENTRIC CIRCLES,Wine,RNDC
85629,CONCERTO DI FONTERUTELI,Wine,RNDC
85629,CONCHA Y TORO,Wine,RNDC
85629,CONDADO REAL,Wine,RNDC
85629,CONDE DE TORGAR,Wine,RNDC
85629,CONDE DE VALDEMAR,Wine,RNDC
85629,CONDES DE ALBAREI,Wine,RNDC
85629,CONDESA DE LEGANZA,Wine,RNDC
85629,CONFECTIONER'S WINE,Wine,RNDC
85629,CONFETTI,Wine,RNDC
85629,CONFIDENCES DE PRIEURE LICHINE,Wine,RNDC
85629,CONN CREEK,Wine,RNDC
85629,CONNETABLE TALBOT,Wine,RNDC
85629,CONO SUR,Wine,RNDC
85629,CONTE GUICCIARDINI,Wine,RNDC
85629,CONTEMASSI,Wine,RNDC
85629,CONTESSA ANNALISA,Wine,RNDC
85629,CONTESSA DI CASTIGLIONE,Wine,RNDC
85629,CONTI FORMENTINI,Wine,RNDC
85629,CONTRABAND VINEYARDS,Wine,RNDC
85629,CONTRADA SANTO SPIRITO DI PASSOPISCIARO,Wine,RNDC
85629,COOK'S,Wine,RNDC
85629,COOKOOTHAMA,Wine,RNDC
85629,COOL BREEZE,Wine,RNDC
85629,COOL CAT,Wine,RNDC
85629,COOPER & THIEF CELLARMASTERS,Wine,RNDC
85629,COOPERS CROSSING,Wine,RNDC
85629,COPA DEL REY,Wine,RNDC
85629,COPAIN,Wine,RNDC
85629,COPPER CORKSCREW,Wine,RNDC
85629,COPPER CORNER VINEYARDS,Wine,RNDC
85629,COPPER GROUSE,Wine,RNDC
85629,COPPER SWIFT,Wine,RNDC
85629,COPPO,Wine,RNDC
85629,CORAGGIO,Wine,RNDC
85629,CORAL,Wine,RNDC
85629,CORALIA,Wine,RNDC
85629,CORBETT CANYON,Wine,RNDC
85629,CORDERO,Wine,RNDC
85629,CORDERO DI MONTEZEMOLO,Wine,RNDC
85629,CORDINA,Wine,RNDC
85629,CORIMBO,Wine,RNDC
85629,CORKS AND CONFETTI,Wine,RNDC
85629,CORONATO,Wine,RNDC
85629,CORRALILLO,Wine,RNDC
85629,CORTE GARDONI,Wine,RNDC
85629,CORTE GIARA,Wine,RNDC
85629,CORTONESI,Wine,RNDC
85629,COS D'ESTOURNEL,Wine,RNDC
85629,COSENTINO WINERY,Wine,RNDC
85629,COSME PALACIO,Wine,RNDC
85629,COSTA & PAMPA,Wine,RNDC
85629,COSTELLO VINEYARDS,Wine,RNDC
85629,COTARELLA,Wine,RNDC
85629,COTE MAS,Wine,RNDC
85629,COTES DE FEMME,Wine,RNDC
85629,COUNTRY CLUB OF FAIRFAX,Wine,RNDC
85629,COUNTRY CRUSH FRUIT WINE COMPANY,Wine,RNDC
85629,COURNOBLE,Wine,RNDC
85629,COVALLI,Wine,RNDC
85629,COWGIRL SISTERHOOD,Wine,RNDC
85629,COZY WINE VIBES,Wine,RNDC
85629,COZY WINTER WISHES,Wine,RNDC
85629,"COZY WINTER WISHES, MERRY AND BRIGHT",Wine,RNDC
85629,CR,Wine,RNDC
85629,CR SOUL,Wine,RNDC
85629,CRAFTERS UNION,Wine,RNDC
85629,CRAFTSMEN,Wine,RNDC
85629,CRAGGY RANGE,Wine,RNDC
85629,CRAIGMOOR,Wine,RNDC
85629,CRANDALL BROOKS,Wine,RNDC
85629,CRANE LAKE,Wine,RNDC
85629,CRANSWICK ESTATE,Wine,RNDC
85629,CRAPULA,Wine,RNDC
85629,CRAYFISH COVE,Wine,RNDC
85629,CRAZY ABOUT LOVE,Wine,RNDC
85629,CRAZY FOR LOVE,Wine,RNDC
85629,CREATIVE JUICE,Wine,RNDC
85629,CRIBARI,Wine,RNDC
85629,CRITICAL THINKER,Wine,RNDC
85629,CROCKETT,Wine,RNDC
85629,CROFT,Wine,RNDC
85629,CROIX DE MARSAN,Wine,RNDC
85629,CROOKED PATH,Wine,RNDC
85629,CROSER,Wine,RNDC
85629,CROSSPOINT,Wine,RNDC
85629,CROWDED HOUSE,Wine,RNDC
85629,CROWN POINT,Wine,RNDC
85629,CROWNED BEAST,Wine,RNDC
85629,CRUIN,Wine,RNDC
85629,CRUSH,Wine,RNDC
85629,CRUSHED IT,Wine,RNDC
85629,CRUZ ANDINA,Wine,RNDC
85629,CRYPTIC,Wine,RNDC
85629,CRYSTA,Wine,RNDC
85629,CRYSTAL PEAK,Wine,RNDC
85629,CUARTO DOMINIO,Wine,RNDC
85629,CUCINA MISTA,Wine,RNDC
85629,CUL DE SAC,Wine,RNDC
85629,CULT WINE COMPANY,Wine,RNDC
85629,CUMULUS HIDEAWAY,Wine,RNDC
85629,CUPCAKE,Wine,RNDC
85629,CURIOUS BEAST,Wine,RNDC
85629,CURIOUS TWIST,Wine,RNDC
85629,CURSIVE,Wine,RNDC
85629,CURTIS,Wine,RNDC
85629,CUSUMANO,Wine,RNDC
85629,CUVAGE,Wine,RNDC
85629,CUVAISON,Wine,RNDC
85629,CUVEE,Wine,RNDC
85629,CUVEE A'DAIR,Wine,RNDC
85629,CUVEE BENEDIKT,Wine,RNDC
85629,CUVEE HORTENSE,Wine,RNDC
85629,CUVEE MYTHIQUE,Wine,RNDC
85629,CUVEE SAINTE VIERGE,Wine,RNDC
85629,CUVEE SAUVAGE,Wine,RNDC
85629,CYCLES CLEMENT,Wine,RNDC
85629,CYCLES FALCON,Wine,RNDC
85629,CYPRESS,Wine,RNDC
85629,D H LESCOMBES,Wine,RNDC
85629,D MINOR,Wine,RNDC
85629,D'ARMANVILLE,Wine,RNDC
85629,D'ORSAY,Wine,RNDC
85629,DA VINCI VINEYARDS,Wine,RNDC
85629,DACHSHUND,Wine,RNDC
85629,DACHSHUND BUBBLES,Wine,RNDC
85629,DAD WATER,Low Alcohol Beverage,RNDC
85629,DAGROMIS,Wine,RNDC
85629,DAKEL,Wine,RNDC
85629,DAL FIUME & ALBERICI,Wine,RNDC
85629,DAL FORNO ROMANO,Wine,RNDC
85629,DALKEITH,Wine,RNDC
85629,DALLA VALLE,Wine,RNDC
85629,DALLAS CONTE,Wine,RNDC
85629,DALMAU,Wine,RNDC
85629,DAME DE BOUARD,Wine,RNDC
85629,DAMN GOOD,Wine,RNDC
85629,DANCING HARES VINEYARD,Wine,RNDC
85629,DANCING LIGHTS,Wine,RNDC
85629,DANDELIONE,Wine,RNDC
85629,DANFIELD CREEK,Wine,RNDC
85629,DANICA,Wine,RNDC
85629,DANIEL DUSOLEIL,Wine,RNDC
85629,DANIEL ET GERARD VINET,Wine,RNDC
85629,DANJEAN BERTHOUX,Wine,RNDC
85629,DANNY SEO PHILOSOPHY,Wine,RNDC
85629,DANZANTE,Wine,RNDC
85629,DAOU VINEYARDS,Wine,RNDC
85629,DARCIE KENT VINEYARDS,Wine,RNDC
85629,DAREMORE,Wine,RNDC
85629,DARIOUSH,Wine,RNDC
85629,DARK HARVEST,Wine,RNDC
85629,DASHWOOD,Wine,RNDC
85629,DASSAI,Wine,RNDC
85629,DASSAI BLUE,Wine,RNDC
85629,DAVID BRUCE,Wine,RNDC
85629,DAVID JAMES,Wine,RNDC
85629,DAVIES & GAMBLE,Wine,RNDC
85629,DAVIES VINEYARDS,Wine,RNDC
85629,DAVIOS,Wine,RNDC
85629,DAVIS BYNUM,Wine,RNDC
85629,DAY DREAMER,Wine,RNDC
85629,DE LA COSTA,Wine,RNDC
85629,DE LA CRUZ,Wine,RNDC
85629,DE RESTIA,Wine,RNDC
85629,DEADBOLT,Wine,RNDC
85629,DEAKIN ESTATE,Wine,RNDC
85629,DEALTO AMO,Wine,RNDC
85629,DEALY LANE,Wine,RNDC
85629,DEARLY BELOVED,Wine,RNDC
85629,DECOPAS,Wine,RNDC
85629,DEEP EDDY,Low Alcohol Beverage,RNDC
85629,DEEP PURPLE,Wine,RNDC
85629,DEER VALLEY,Wine,RNDC
85629,DEKREME CUVEE,Wine,RNDC
85629,DEL MAR,Wine,RNDC
85629,DEL MAR WINE SELTZER,Wine,RNDC
85629,DELAFORCE,Wine,RNDC
85629,DELANEY BLUE,Wine,RNDC
85629,DELAS FRERES,Wine,RNDC
85629,DELECTUS,Wine,RNDC
85629,DELICATO FAMILY SELECTION,Wine,RNDC
85629,DELICATO FAMILY VINEYARDS,Wine,RNDC
85629,DELICATO MONTEREY,Wine,RNDC
85629,DELICATO VINEYARDS,Wine,RNDC
85629,DELLA ROBBIA,Wine,RNDC
85629,DELMOTTE,Wine,RNDC
85629,DELTA VINEYARD,Wine,RNDC
85629,DEOR,Wine,RNDC
85629,DEPT 66,Wine,RNDC
85629,DESCENDANCE,Wine,RNDC
85629,DESSILANI,Wine,RNDC
85629,DESTINATION,Wine,RNDC
85629,DESTINATION WINE ADVENT TASTING TOUR,Wine,RNDC
85629,DETAILS,Wine,RNDC
85629,DETAILS BY SIGNEGAL,Wine,RNDC
85629,DEVIL'S MARBLES,Wine,RNDC
85629,DEVIL'S ROCK,Wine,RNDC
85629,DEWEY CRUSH,Low Alcohol Beverage,RNDC
85629,DI LORENZO,Wine,RNDC
85629,DIAMA,Wine,RNDC
85629,DIAMANTE,Wine,RNDC
85629,DIAMOND G,Wine,RNDC
85629,DIAMOND OAKS,Wine,RNDC
85629,DIANA,Wine,RNDC
85629,DIATOM,Wine,RNDC
85629,DICELLO,Wine,RNDC
85629,DICKSON'S MILL,Wine,RNDC
85629,DIME,Wine,RNDC
85629,DINNER WITH FRIENDS,Wine,RNDC
85629,DIORA,Wine,RNDC
85629,DIRECTOR'S,Wine,RNDC
85629,DIRTY BLONDE,Wine,RNDC
85629,DISCOVERIES,Wine,RNDC
85629,DISENO,Wine,RNDC
85629,DISHEVELED TAILOR,Wine,RNDC
85629,DISTANT BAY,Wine,RNDC
85629,DISTRICT 7,Wine,RNDC
85629,DIVERSION,Wine,RNDC
85629,DIVIDED DIVIDED,Wine,RNDC
85629,DIVINE PONDERING,Wine,RNDC
85629,DIXIE FLYER VINEYARDS,Wine,RNDC
85629,DOBBES FAMILY ESTATE,Wine,RNDC
85629,DOG HOUSE,Wine,RNDC
85629,DOLCE,Wine,RNDC
85629,DOLCE SOLE,Wine,RNDC
85629,DOLCEZZA,Wine,RNDC
85629,DOLLY,Wine,RNDC
85629,DOLUM ESTATES,Wine,RNDC
85629,DOM FREITAS,Wine,RNDC
85629,DOM PERIGNON,Wine,RNDC
85629,DOM RUINART,Wine,RNDC
85629,DOMAINE A'DAIR,Wine,RNDC
85629,DOMAINE ALAIN PARET,Wine,RNDC
85629,DOMAINE ALANTE,Wine,RNDC
85629,DOMAINE ANDERSON,Wine,RNDC
85629,DOMAINE ANDRE BRUNEL,Wine,RNDC
85629,DOMAINE ARMAND ROUSSEAU PERE & FILS,Wine,RNDC
85629,DOMAINE BEAU MISTRAL,Wine,RNDC
85629,DOMAINE BERTAGNA,Wine,RNDC
85629,DOMAINE BORIE DE MAUREL,Wine,RNDC
85629,DOMAINE BRETON,Wine,RNDC
85629,DOMAINE BRU-BACHE,Wine,RNDC
85629,DOMAINE CAMBOS,Wine,RNDC
85629,DOMAINE CARMIGNAN,Wine,RNDC
85629,DOMAINE CARNEROS,Wine,RNDC
85629,DOMAINE CAUHAPE,Wine,RNDC
85629,DOMAINE CHANDON,Wine,RNDC
85629,DOMAINE CHARBAY,Wine,RNDC
85629,DOMAINE CHARLES AUDOIN,Wine,RNDC
85629,DOMAINE CHATELAIN,Wine,RNDC
85629,DOMAINE CHEVALIER,Wine,RNDC
85629,DOMAINE CHRISTIAN MOREAU PERE & FILS,Wine,RNDC
85629,DOMAINE CHRISTOPHE PERROT MINOT,Wine,RNDC
85629,DOMAINE COFFINET DUVERNAY,Wine,RNDC
85629,DOMAINE COMTE PERALDI,Wine,RNDC
85629,DOMAINE COTEAU,Wine,RNDC
85629,DOMAINE D'ANTUGNAC,Wine,RNDC
85629,DOMAINE DE BEAURENARD,Wine,RNDC
85629,DOMAINE DE BORDENEUVE,Wine,RNDC
85629,DOMAINE DE BROGLIE,Wine,RNDC
85629,DOMAINE DE CHEVALIER,Wine,RNDC
85629,DOMAINE DE COMPOSTELLE,Wine,RNDC
85629,DOMAINE DE COURTILLET,Wine,RNDC
85629,DOMAINE DE L'ILE,Wine,RNDC
85629,DOMAINE DE LA BECASSONNE,Wine,RNDC
85629,DOMAINE DE LA DEYDIERE,Wine,RNDC
85629,DOMAINE DE LA FERTE,Wine,RNDC
85629,DOMAINE DE LA JALOUSIE,Wine,RNDC
85629,DOMAINE DE LA ROMANEE CONTI,Wine,RNDC
85629,DOMAINE DE LA RONCIERE,Wine,RNDC
85629,DOMAINE DE LA SOLITUDE,Wine,RNDC
85629,DOMAINE DE MARTIALIS,Wine,RNDC
85629,DOMAINE DE MONTRABECH,Wine,RNDC
85629,DOMAINE DE NALYS,Wine,RNDC
85629,DOMAINE DE POUY,Wine,RNDC
85629,DOMAINE DE RICAUD,Wine,RNDC
85629,DOMAINE DE ROSIERS,Wine,RNDC
85629,DOMAINE DE SACY,Wine,RNDC
85629,DOMAINE DE SAINT GUIRONS,Wine,RNDC
85629,DOMAINE DE TAMARY,Wine,RNDC
85629,DOMAINE DE TRIENNES,Wine,RNDC
85629,DOMAINE DENIS MORTET,Wine,RNDC
85629,DOMAINE DES JONQUIERS,Wine,RNDC
85629,DOMAINE DES PERDRIX,Wine,RNDC
85629,DOMAINE DES QUATRE VENTS,Wine,RNDC
85629,DOMAINE DES SAUMADES,Wine,RNDC
85629,DOMAINE DES TOURS,Wine,RNDC
85629,DOMAINE DIOCHON,Wine,RNDC
85629,DOMAINE DU CHATEAU DE PULIGNY MONTRACHET,Wine,RNDC
85629,DOMAINE DU DUC DE MAGENTA,Wine,RNDC
85629,DOMAINE DU MAGE,Wine,RNDC
85629,DOMAINE DU NOZAY,Wine,RNDC
85629,DOMAINE DU PAVILLON MERCUROL,Wine,RNDC
85629,DOMAINE DUJAC,Wine,RNDC
85629,DOMAINE DUPUY DE LOME,Wine,RNDC
85629,DOMAINE ETXEGARAYA,Wine,RNDC
85629,DOMAINE FAIVELEY,Wine,RNDC
85629,DOMAINE FERRET,Wine,RNDC
85629,DOMAINE FRANCOIS MIKULSKI,Wine,RNDC
85629,DOMAINE GEORGES GLANTENAY,Wine,RNDC
85629,DOMAINE GLANTENAY,Wine,RNDC
85629,DOMAINE HENRI BOILLOT,Wine,RNDC
85629,DOMAINE HENRI PERROT MINOT,Wine,RNDC
85629,DOMAINE J A FERRET,Wine,RNDC
85629,DOMAINE JACOURETTE,Wine,RNDC
85629,DOMAINE JACQUES PRIEUR,Wine,RNDC
85629,DOMAINE JEAN JACQUES CONFURON,Wine,RNDC
85629,DOMAINE JOLLY,Wine,RNDC
85629,DOMAINE JOLLY ET FILS,Wine,RNDC
85629,DOMAINE L'OUSTALNAU,Wine,RNDC
85629,DOMAINE LA BOUTINIERE,Wine,RNDC
85629,DOMAINE LA CHEVALIERE,Wine,RNDC
85629,DOMAINE LA ROCHELLE,Wine,RNDC
85629,DOMAINE LA SANGLIERE,Wine,RNDC
85629,DOMAINE LAROCHE,Wine,RNDC
85629,DOMAINE LAROQUE,Wine,RNDC
85629,DOMAINE LAURIER,Wine,RNDC
85629,DOMAINE LE CLOS NOLY,Wine,RNDC
85629,DOMAINE LE FAGOLET,Wine,RNDC
85629,DOMAINE LEFLAIVE,Wine,RNDC
85629,DOMAINE LES COMBES,Wine,RNDC
85629,DOMAINE LES MONTS FOURNOIS,Wine,RNDC
85629,DOMAINE LIGNERES,Wine,RNDC
85629,DOMAINE LUCIEN ALBRECHT,Wine,RNDC
85629,DOMAINE MARQUIS DES PONTHEUX,Wine,RNDC
85629,DOMAINE MICHEL GAY ET FILS,Wine,RNDC
85629,DOMAINE MIQUEL,Wine,RNDC
85629,DOMAINE MONTGONDAL,Wine,RNDC
85629,DOMAINE MOREAU & FILS,Wine,RNDC
85629,DOMAINE MOREY COFFINET,Wine,RNDC
85629,DOMAINE NAPA,Wine,RNDC
85629,DOMAINE PERROT MINOT,Wine,RNDC
85629,DOMAINE PHILIPPE GIRARD,Wine,RNDC
85629,DOMAINE RENE ROSTAING,Wine,RNDC
85629,DOMAINE REVERDY DUCROUX,Wine,RNDC
85629,DOMAINE ROSSIGNOL NICOLAS,Wine,RNDC
85629,DOMAINE ROSTAING,Wine,RNDC
85629,DOMAINE SAINT GREGORY,Wine,RNDC
85629,DOMAINE SAINT LUC,Wine,RNDC
85629,DOMAINE SAINT MARTIN DE LA GARRIGUE,Wine,RNDC
85629,DOMAINE SAINT PREFERT,Wine,RNDC
85629,DOMAINE SERRES MAZARD,Wine,RNDC
85629,DOMAINE ST GEORGE,Wine,RNDC
85629,DOMAINE STE MICHELLE,Wine,RNDC
85629,DOMAINE SUMEIRE,Wine,RNDC
85629,DOMAINE TERLATO & CHAPOUTIER,Wine,RNDC
85629,DOMAINE TOURNON,Wine,RNDC
85629,DOMAINE VERDIER,Wine,RNDC
85629,DOMAINE ZIND HUMBRECHT,Wine,RNDC
85629,DOMAINES LORGERIL,Wine,RNDC
85629,DOMAINES OTT,Wine,RNDC
85629,DOMAINES SCHLUMBERGER,Wine,RNDC
85629,DOMAINTE COMTE PERALDI,Wine,RNDC
85629,DOMECQ,Wine,RNDC
85629,DOMENICA,Wine,RNDC
85629,DOMINANT SEVEN,Wine,RNDC
85629,DOMINI,Wine,RNDC
85629,DOMINIO DEL SOTO,Wine,RNDC
85629,DOMINION WINE CELLARS,Wine,RNDC
85629,DOMINIQUE CORNIN,Wine,RNDC
85629,DOMINO WINE CELLARS,Wine,RNDC
85629,DOMINUS ESTATE,Wine,RNDC
85629,DON & SONS,Wine,RNDC
85629,DON LUCIANO,Wine,RNDC
85629,DON MELCHOR,Wine,RNDC
85629,DON OLEGARIO,Wine,RNDC
85629,DON PASCUAL,Wine,RNDC
85629,DON SIMON,Wine,RNDC
85629,DON VIEJO,Wine,RNDC
85629,DONA PAULA,Wine,RNDC
85629,DONA TERESA VINEYARDS,Wine,RNDC
85629,DONINI,Wine,RNDC
85629,DONNA NOBILE,Wine,RNDC
85629,DONNA OLIMPIA 1898,Wine,RNDC
85629,DONNAFUGATA,Wine,RNDC
85629,DONT BE SHELLFISH,Wine,RNDC
85629,DOODLE,Wine,RNDC
85629,DOPPIO PASSO,Wine,RNDC
85629,DOUBLE DECKER,Wine,RNDC
85629,DOUBLE DIAMOND,Wine,RNDC
85629,DOUDET NAUDIN,Wine,RNDC
85629,DOUGLAS GREEN,Wine,RNDC
85629,DOWN UNDER,Wine,RNDC
85629,DOWNTON ABBEY,Wine,RNDC
85629,DRAMA,Wine,RNDC
85629,DREAM #7,Wine,RNDC
85629,DREAM LIFE,Wine,RNDC
85629,DREAMS,Wine,RNDC
85629,DREAMS OF SUMMER,Wine,RNDC
85629,DROMOS,Wine,RNDC
85629,DROPS OF JUPITER,Wine,RNDC
85629,DRUID HILLS BY ALEXIS GEORGE,Wine,RNDC
85629,DRUID WINES,Wine,RNDC
85629,DRUMHELLER,Wine,RNDC
85629,DRYLANDS,Wine,RNDC
85629,DUBOS,Wine,RNDC
85629,DUCA DI SARAGNANO,Wine,RNDC
85629,DUCA DI VINCENZA,Wine,RNDC
85629,DUCAROSSO,Wine,RNDC
85629,DUCK COMMANDER,Wine,RNDC
85629,DUCK POND,Wine,RNDC
85629,DUELING PISTOLS,Wine,RNDC
85629,DUETTO,Wine,RNDC
85629,DUFF GORDON,Wine,RNDC
85629,DUJAC FILS & PERE,Wine,RNDC
85629,DULUC DE BRANAIRE DUCRU,Wine,RNDC
85629,DUMOL,Wine,RNDC
85629,DUMOL WINE COMPANY,Wine,RNDC
85629,DUNNEWOOD,Wine,RNDC
85629,DUO,Wine,RNDC
85629,DUO MYTHIQUE,Wine,RNDC
85629,DUPARC,Wine,RNDC
85629,DUTTON GOLDFIELD,Wine,RNDC
85629,DXG,Wine,RNDC
85629,DYNASTY,Wine,RNDC
85629,EARTH WISE,Wine,RNDC
85629,EARTHGROWN,Wine,RNDC
85629,EARTHQUAKE,Wine,RNDC
85629,EASY GOING,Wine,RNDC
85629,EBEIA,Wine,RNDC
85629,ECHO BAY,Wine,RNDC
85629,ECHO FALLS,Wine,RNDC
85629,ECLAT DE SAUVIGNON,Wine,RNDC
85629,ECO BALANCE,Wine,RNDC
85629,EDDIE,Wine,RNDC
85629,EDDIE MERLOT'S,Wine,RNDC
85629,EDMEADES VINEYARDS,Wine,RNDC
85629,EGON MULLER ZU SCHARZHOF,Wine,RNDC
85629,EGRI BIKAVER,Wine,RNDC
85629,EIGHT SIDES,Wine,RNDC
85629,EIKO FUJI,Wine,RNDC
85629,EL CAMPEON,Wine,RNDC
85629,EL DOMADOR DEL VALLE,Wine,RNDC
85629,EL NAVEGANTE,Wine,RNDC
85629,EL NIDO,Wine,RNDC
85629,EL PINO CLUB,Wine,RNDC
85629,EL PORTILLO,Wine,RNDC
85629,EL PRINCIPE DELAGUARDIA,Wine,RNDC
85629,EL TERRANO,Wine,RNDC
85629,EL TRACTOR,Wine,RNDC
85629,ELECTRIC REINDEER,Wine,RNDC
85629,ELECTRIC SKY,Wine,RNDC
85629,ELEMENT AL WINES,Wine,RNDC
85629,ELENA WALCH,Wine,RNDC
85629,ELIJAH BY MANISCHEWITZ,Wine,RNDC
85629,ELIOS,Wine,RNDC
85629,ELODIAN,Wine,RNDC
85629,ELVIO COGNO,Wine,RNDC
85629,ELVIS PRESLEY WINE CELLARS,Wine,RNDC
85629,EMBLEM,Wine,RNDC
85629,EMBROIDERY,Wine,RNDC
85629,EMERALD VALLEY VINEYARDS,Wine,RNDC
85629,EMERGENCE,Wine,RNDC
85629,EMERITUS VINEYARDS,Wine,RNDC
85629,EMILE CHEYSSON,Wine,RNDC
85629,EMOTION,Wine,RNDC
85629,EMU WINE COMPANY,Wine,RNDC
85629,ENCYCLOPEDIA,Wine,RNDC
85629,ENDLESS JOY,Wine,RNDC
85629,ENDROIT,Wine,RNDC
85629,ENJOY THE SNOW,Wine,RNDC
85629,ENRIQUE FOSTER,Wine,RNDC
85629,ENROUTE,Wine,RNDC
85629,ENTRE NOUS,Wine,RNDC
85629,EOLO,Wine,RNDC
85629,EOS,Wine,RNDC
85629,EOS ESTATE,Wine,RNDC
85629,EPICURIOUS,Wine,RNDC
85629,EPISODE,Wine,RNDC
85629,EQ,Wine,RNDC
85629,EQUIFERA,Wine,RNDC
85629,EQUUS,Wine,RNDC
85629,ERASMO,Wine,RNDC
85629,ERATH,Wine,RNDC
85629,ERICH RUSSELL,Wine,RNDC
85629,ERIKSON & CARADIN,Wine,RNDC
85629,ERNIE ELS,Wine,RNDC
85629,EROICA,Wine,RNDC
85629,ERSOL,Wine,RNDC
85629,ESCARPMENT,Wine,RNDC
85629,ESPERTO,Wine,RNDC
85629,ESPRIT DE SAINT SULPICE,Wine,RNDC
85629,ESPRIT LEFLAIVE,Wine,RNDC
85629,ESTANCIA,Wine,RNDC
85629,ESTATE CELLARS,Wine,RNDC
85629,ESTATE CELLARS BY INGLENOOK,Wine,RNDC
85629,ESTATE OF THE ART,Wine,RNDC
85629,ESTATE RAFFAELE,Wine,RNDC
85629,ESTE,Wine,RNDC
85629,ESTEIO,Wine,RNDC
85629,ESTIVAL,Wine,RNDC
85629,ESTO ES,Wine,RNDC
85629,ETENIA,Wine,RNDC
85629,ETERNALLY SILENCED,Wine,RNDC
85629,ETHEREO,Wine,RNDC
85629,ETIM,Wine,RNDC
85629,ETNEIDE,Wine,RNDC
85629,ETOILE,Wine,RNDC
85629,EUFLORIA,Wine,RNDC
85629,EVEN STEVEN,Wine,RNDC
85629,EVENT HORIZON,Wine,RNDC
85629,EVERCLEAR SPIRIT BASE,Low Alcohol Beverage,RNDC
85629,EVERCLEAR WINE BASE,Wine,RNDC
85629,EVERY SUMMER IS A NEW STORY,Wine,RNDC
85629,EVOLUTION,Wine,RNDC
85629,EVVAI,Wine,RNDC
85629,EX POST FACTO,Wine,RNDC
85629,EXCELLENT SELECTION,Wine,RNDC
85629,EXOTTLE,Wine,RNDC
85629,EXP,Wine,RNDC
85629,EXPONENTIAL,Wine,RNDC
85629,EY,Wine,RNDC
85629,EYE CHART WINES,Wine,RNDC
85629,FA LA LA LA,Wine,RNDC
85629,FABLE RIDGE,Wine,RNDC
85629,FABLE ROOTS,Wine,RNDC
85629,FACADE,Wine,RNDC
85629,FACHERO,Wine,RNDC
85629,FAIRVALLEY,Wine,RNDC
85629,FAIVELEY,Wine,RNDC
85629,FALCHINI,Wine,RNDC
85629,FALCONE,Wine,RNDC
85629,FALESCO,Wine,RNDC
85629,FALLETTO DI BRUNO GIACOSA,Wine,RNDC
85629,FALLS STREET,Wine,RNDC
85629,FAMIGLIA RIVETTI,Wine,RNDC
85629,FAMILIA CARA,Wine,RNDC
85629,FAMILLE BONVERRE,Wine,RNDC
85629,FAMILLE BOUEY,Wine,RNDC
85629,FAMILLE COULON,Wine,RNDC
85629,FAMILLE JOLY,Wine,RNDC
85629,FAMILLE NATTER,Wine,RNDC
85629,FAMILLE THOMAS,Wine,RNDC
85629,FAMILLE VINCENT,Wine,RNDC
85629,FANCY FLOCK,Wine,RNDC
85629,FANCY PANTS,Wine,RNDC
85629,FANTESCA ESTATE & WINERY,Wine,RNDC
85629,FAR MOUNTAIN,Wine,RNDC
85629,FAR NIENTE,Wine,RNDC
85629,FARALLON,Wine,RNDC
85629,FARE FIASCO,Wine,RNDC
85629,FARM & FARE,Wine,RNDC
85629,FARM FRESH WINE COMPANY,Wine,RNDC
85629,FARM NAPA VALLEY,Wine,RNDC
85629,FARM TO TABLE,Wine,RNDC
85629,FARMER'S MARKET WINE CO,Wine,RNDC
85629,FARMERS OF WINE,Wine,RNDC
85629,FARRIER,Wine,RNDC
85629,FAT CAT CELLARS,Wine,RNDC
85629,FAT MONK,Wine,RNDC
85629,FATTORIA ALDOBRANDESCA,Wine,RNDC
85629,FATTORIA DI GRIGNANO,Wine,RNDC
85629,FATTORIA DI VALIANO,Wine,RNDC
85629,FATTORIA LE PUPILLE,Wine,RNDC
85629,FATTORIA LE SORGENTI,Wine,RNDC
85629,FATTORIA SAN LEONINO,Wine,RNDC
85629,FATTORIA SARDI,Wine,RNDC
85629,FATTORIE MELINI,Wine,RNDC
85629,FAUST,Wine,RNDC
85629,FAUSTINO RIVERO ULECIA,Wine,RNDC
85629,FAUVIST,Wine,RNDC
85629,FEEL THE VIBE,Wine,RNDC
85629,FELINES,Wine,RNDC
85629,FELTON ROAD,Wine,RNDC
85629,FERAUD BRUNEL,Wine,RNDC
85629,FERN HILL ESTATE,Wine,RNDC
85629,FERNAND PILLOT,Wine,RNDC
85629,FERNLEAF,Wine,RNDC
85629,FERRARI,Wine,RNDC
85629,FERREIRA,Wine,RNDC
85629,FERRUCCIO SGUBIN,Wine,RNDC
85629,FESTIVAL 34,Wine,RNDC
85629,FESTIVAL OF FROLICS,Wine,RNDC
85629,FESTIVAL OF LIGHTS,Wine,RNDC
85629,FESTIVE CELEBRATION,Wine,RNDC
85629,FESTIVE FLUTES,Wine,RNDC
85629,FESTIVE FUN,Wine,RNDC
85629,FETE DES FLEURS,Wine,RNDC
85629,FEUDI DI SAN GREGORIO,Wine,RNDC
85629,FEUDO ARANCIO,Wine,RNDC
85629,FEUDO MACCARI,Wine,RNDC
85629,FEUDO MONACI,Wine,RNDC
85629,FEUDO MONTONI,Wine,RNDC
85629,FEUDO SARTANNA,Wine,RNDC
85629,FEUDO ZIRTARI,Wine,RNDC
85629,FEVRE FEVRE,Wine,RNDC
85629,FICKLIN VINEYARDS,Wine,RNDC
85629,FIDELITY,Wine,RNDC
85629,FIELD & FARM,Wine,RNDC
85629,FIELD THEORY,Wine,RNDC
85629,FIESTA CASA CANTINA,Wine,RNDC
85629,FIFTY SHADES OF GREY,Wine,RNDC
85629,FIGLIO DI VITO,Wine,RNDC
85629,FILI,Wine,RNDC
85629,FILLABOA,Wine,RNDC
85629,FINCA DE ZALAMENA,Wine,RNDC
85629,FINCA FLICHMAN,Wine,RNDC
85629,FINCA LA LINDA,Wine,RNDC
85629,FINCA LA MONTESA,Wine,RNDC
85629,FINCA LOS NOBLES,Wine,RNDC
85629,FINCA N,Wine,RNDC
85629,FINCA NUEVA,Wine,RNDC
85629,FINCA PERDRIEL,Wine,RNDC
85629,FINKE'S,Wine,RNDC
85629,FIO A FIO,Wine,RNDC
85629,FIREHOSE,Wine,RNDC
85629,FIRESIDE ROASTING & TOASTING,Wine,RNDC
85629,FIRESTEED,Wine,RNDC
85629,FIRESTONE VINEYARD,Wine,RNDC
85629,FIRST PRESS WINE CELLARS,Wine,RNDC
85629,FIRSTLAND VINEYARDS,Wine,RNDC
85629,FISH HOEK,Wine,RNDC
85629,FISHER VINEYARDS,Wine,RNDC
85629,FISHEYE,Wine,RNDC
85629,FIVE FRIENDS,Wine,RNDC
85629,FIVE RIVERS,Wine,RNDC
85629,FIVEWISE,Wine,RNDC
85629,FIZZ & FANCY,Wine,RNDC
85629,FIZZ 56,Wine,RNDC
85629,FIZZENZA,Wine,RNDC
85629,FLAME LILY,Wine,RNDC
85629,FLAVORBOMB,Wine,RNDC
85629,FLEUR DE ROC,Wine,RNDC
85629,FLEUR DU CAP,Wine,RNDC
85629,FLEW THE COUP,Wine,RNDC
85629,FLIGHT OF THE CONDOR,Wine,RNDC
85629,FLINT & STEEL,Wine,RNDC
85629,FLIPFLOP,Wine,RNDC
85629,FLO WINE,Wine,RNDC
85629,FLOCK,Wine,RNDC
85629,FLOCKING FANTASTIC,Wine,RNDC
85629,FLOR DE CAMPO,Wine,RNDC
85629,FLOR DE GODA,Wine,RNDC
85629,FLORAL PETAL,Wine,RNDC
85629,FLORAL PETALS,Wine,RNDC
85629,FLORES DE VERAO,Wine,RNDC
85629,FLORIO,Wine,RNDC
85629,FLORIOGRAPHY,Wine,RNDC
85629,FLOURISHES,Wine,RNDC
85629,FLOWER MOON,Wine,RNDC
85629,FLOWERS,Wine,RNDC
85629,FLUKE,Wine,RNDC
85629,FLUTTER,Wine,RNDC
85629,FLY BY,Wine,RNDC
85629,FLYING TOMATO,Wine,RNDC
85629,FOG & LIGHT,Wine,RNDC
85629,FOG HEAD,Wine,RNDC
85629,FOG THEORY,Wine,RNDC
85629,FOGDOG,Wine,RNDC
85629,FOLATRE,Wine,RNDC
85629,FOLEY ESTATES VINEYARD & WINERY,Wine,RNDC
85629,FOLEY JOHNSON,Wine,RNDC
85629,FOLIE A DEUX,Wine,RNDC
85629,FOLIE EN PROVENCE,Wine,RNDC
85629,FOLIO WINEMAKERS STUDIO THE MICHAEL MONDAVIE FAMILY,Wine,RNDC
85629,FOLK & FABLE,Wine,RNDC
85629,FOLLOW THE WIND,Wine,RNDC
85629,FOLLY OF THE BEAST,Wine,RNDC
85629,FOLONARI,Wine,RNDC
85629,FONSECA GUIMARAENS,Wine,RNDC
85629,FONTAN DE FALLIERES,Wine,RNDC
85629,FONTANA CANDIDA,Wine,RNDC
85629,FONTANAFREDDA,Wine,RNDC
85629,FONTE ALLA SELVA,Wine,RNDC
85629,FONTERUTOLI,Wine,RNDC
85629,FOOLISH OAK,Wine,RNDC
85629,FOPPIANO VINEYARDS,Wine,RNDC
85629,FOR BETTER OR WORSE,Wine,RNDC
85629,FOREFATHERS,Wine,RNDC
85629,FOREST GLEN,Wine,RNDC
85629,FOREST SENTINEL,Wine,RNDC
85629,FOREST VILLE,Wine,RNDC
85629,FOREVER YOUNG,Wine,RNDC
85629,FORMENTINI,Wine,RNDC
85629,FORMOSA,Wine,RNDC
85629,FORO,Wine,RNDC
85629,FORREST,Wine,RNDC
85629,FORSYTHE VINEYARDS,Wine,RNDC
85629,FORTIUS,Wine,RNDC
85629,FORTRESS,Wine,RNDC
85629,FORTY SIX DIAMONDS,Wine,RNDC
85629,FORTY-SIX DIAMONDS,Wine,RNDC
85629,FORWARD KIDD,Wine,RNDC
85629,FOSS MARAI,Wine,RNDC
85629,FOUNTAIN GROVE,Wine,RNDC
85629,FOUR CORNERS WINES,Wine,RNDC
85629,FOUR EMUS,Wine,RNDC
85629,FOUR SPOT,Wine,RNDC
85629,FOUR VINES,Wine,RNDC
85629,FOUR VIRTUES,Wine,RNDC
85629,FOURGREEN WINE COMPANY,Wine,RNDC
85629,FOURTH LEAF,Wine,RNDC
85629,FOWLES WINE,Wine,RNDC
85629,FOX BROOK,Wine,RNDC
85629,FOXHORN VINEYARDS,Wine,RNDC
85629,FOXMOOR VINEYARDS,Wine,RNDC
85629,FOXRIDGE,Wine,RNDC
85629,FRA GUERAU,Wine,RNDC
85629,FRACTAL,Wine,RNDC
85629,FRAGILE,Wine,RNDC
85629,FRANCIS COPPOLA,Wine,RNDC
85629,FRANCIS COPPOLA DIAMOND COLLECTION,Wine,RNDC
85629,FRANCIS COPPOLA PRESENTS,Wine,RNDC
85629,FRANCIS COPPOLA RESERVE,Wine,RNDC
85629,FRANCIS FORD COPPOLA DIRECTOR'S CUT,Wine,RNDC
85629,FRANCIS FORD COPPOLA PRESENTS,Wine,RNDC
85629,FRANCIS FORD COPPOLA VENDETTA,Wine,RNDC
85629,FRANCIS FORD COPPOLA WINERY,Wine,RNDC
85629,FRANCISCAN,Wine,RNDC
85629,FRANCISCAN OAKVILLE ESTATE,Wine,RNDC
85629,FRANCO BIONDI SANTI,Wine,RNDC
85629,FRANCOIS GAY,Wine,RNDC
85629,FRANCOIS MIKULSKI,Wine,RNDC
85629,FRANZ ANTON,Wine,RNDC
85629,FRANZ KELLER,Wine,RNDC
85629,FRANZIA,Wine,RNDC
85629,FREEMARK ABBEY,Wine,RNDC
85629,FREESEEKER,Wine,RNDC
85629,FREESTONE,Wine,RNDC
85629,FREESTYLING,Wine,RNDC
85629,FREIXENET,Wine,RNDC
85629,FRENCH BLUE,Wine,RNDC
85629,FRENCH MAID,Wine,RNDC
85629,FRENZY,Wine,RNDC
85629,FRESCA FRIZZANTE,Wine,RNDC
85629,FRESCO,Wine,RNDC
85629,FRESCOBALDI,Wine,RNDC
85629,FRESH CRAFT,Wine,RNDC
85629,FRESH VINE,Wine,RNDC
85629,FRIEDRICH WILHELM GYMNASIUM,Wine,RNDC
85629,FRIGHT NIGHT CELLARS,Wine,RNDC
85629,FRINGE COLLECTIVE,Wine,RNDC
85629,FRIZECCO,Wine,RNDC
85629,FROM OUR GNOME TO YOURS,Wine,RNDC
85629,FROM THE FARM,Wine,RNDC
85629,FROM US,Wine,RNDC
85629,FRONTERA,Wine,RNDC
85629,FRUIT & FLOWER,Wine,RNDC
85629,FRUITASIA,Wine,RNDC
85629,FRUITPRINT,Wine,RNDC
85629,FRUNZA,Wine,RNDC
85629,FRUSION WINE COMPANY,Wine,RNDC
85629,FRUTTUOSA,Wine,RNDC
85629,FRUZZO,Wine,RNDC
85629,FU KI,Wine,RNDC
85629,FUBAR,Wine,RNDC
85629,FUCHSIA,Wine,RNDC
85629,FUEL BY FRANZIA,Wine,RNDC
85629,FUKU CHITOSE,Wine,RNDC
85629,FUKUCHO,Wine,RNDC
85629,FULL CIRCLE CA,Wine,RNDC
85629,FUN WINE,Wine,RNDC
85629,FUSEE,Wine,RNDC
85629,FYI,Wine,RNDC
85629,G & D,Wine,RNDC
85629,G H MUMM & CIE,Wine,RNDC
85629,GA ROSSI DI MEDELANA,Wine,RNDC
85629,GACHA,Wine,RNDC
85629,GADERIAN WINE,Wine,RNDC
85629,GAGA,Wine,RNDC
85629,GAJA,Wine,RNDC
85629,GALCIBAR,Wine,RNDC
85629,GALERIE,Wine,RNDC
85629,GALLERIE,Wine,RNDC
85629,GAMBLER'S GHOST,Wine,RNDC
85629,GAME OF THRONES,Wine,RNDC
85629,GAMEDAY,Low Alcohol Beverage,RNDC
85629,GAMELA,Wine,RNDC
85629,GANCIA,Wine,RNDC
85629,GARDET,Wine,RNDC
85629,GARNET,Wine,RNDC
85629,GARY FARRELL,Wine,RNDC
85629,GASLIGHTER,Wine,RNDC
85629,GATHER & GRACE,Wine,RNDC
85629,GAZE,Wine,RNDC
85629,GEARBOX,Wine,RNDC
85629,GEAUX VINEYARDS,Wine,RNDC
85629,GEHRICKE,Wine,RNDC
85629,GEMTREE,Wine,RNDC
85629,GEN 5,Wine,RNDC
85629,GENAGRICOLA,Wine,RNDC
85629,GEOMETRIC TREES,Wine,RNDC
85629,GEORGE WASHINGTON VANDERBILT,Wine,RNDC
85629,"GET JOLLY, BY GOLLY",Wine,RNDC
85629,GIA COPPOLA,Wine,RNDC
85629,GIACOSA FRATELLI,Wine,RNDC
85629,GIANT STEPS,Wine,RNDC
85629,GIARRUSSO FAMILY WINERY,Wine,RNDC
85629,GIESEN,Wine,RNDC
85629,GIESEN WINE ESTATE,Wine,RNDC
85629,GIFFT,Wine,RNDC
85629,GIGI ROSSO,Wine,RNDC
85629,GILDED RIDGE,Wine,RNDC
85629,GILIA,Wine,RNDC
85629,GIOL,Wine,RNDC
85629,GIORDANO,Wine,RNDC
85629,GIORGIO & GIANNI,Wine,RNDC
85629,GIOTTOS,Wine,RNDC
85629,GIOVANNA TANTINI,Wine,RNDC
85629,GIOVANNI ROSSO,Wine,RNDC
85629,GIRARD,Wine,RNDC
85629,GIRL & DRAGON,Wine,RNDC
85629,GISCOURS,Wine,RNDC
85629,GIULIANA,Wine,RNDC
85629,GLAMOUR,Wine,RNDC
85629,GLASS MOUNTAIN,Wine,RNDC
85629,GLASS MOUNTAIN QUARRY,Wine,RNDC
85629,GLASSPORT,Wine,RNDC
85629,GLAZEBROOK,Wine,RNDC
85629,GLEN ELLEN,Wine,RNDC
85629,GLITCH,Wine,RNDC
85629,GLITTERING GOLD,Wine,RNDC
85629,GLORIA FERRER,Wine,RNDC
85629,GLORIOSO,Wine,RNDC
85629,GLOWING DAY,Wine,RNDC
85629,GLUTTONY,Wine,RNDC
85629,GNARLY HEAD,Wine,RNDC
85629,GNAUGHTY VINES WINE CELLARS,Wine,RNDC
85629,GNOME AND GARDEN,Wine,RNDC
85629,GNOME FOR THE HOLIDAYS,Wine,RNDC
85629,GNOME IS WHERE THE HEART IS,Wine,RNDC
85629,GNOME ON THE RANGE,Wine,RNDC
85629,GODWIN,Wine,RNDC
85629,GOLD SEAL,Wine,RNDC
85629,GOLDEN BEAR,Wine,RNDC
85629,GOLDEN EVENING,Wine,RNDC
85629,GOLDEN GATE VINTNERS,Wine,RNDC
85629,GOLDEN GLASS WINE,Wine,RNDC
85629,GOLDEN HOOK,Wine,RNDC
85629,GOLDEN MARGARITA,Wine,RNDC
85629,GOLDEN TOMORROW,Wine,RNDC
85629,GOLDEN WEST,Wine,RNDC
85629,GOLDFEATHER,Wine,RNDC
85629,GOLDSCHMIDT VINEYARDS,Wine,RNDC
85629,GONFRIER FRERES,Wine,RNDC
85629,GOOD DAUGHTER,Wine,RNDC
85629,GOOD TIMES GOOD CHEER,Wine,RNDC
85629,GOOSEBUMP,Wine,RNDC
85629,GOOSENECK VINEYARDS,Wine,RNDC
85629,GORETTI,Wine,RNDC
85629,GORGONA,Wine,RNDC
85629,GOSLINGS,Low Alcohol Beverage,RNDC
85629,GOSSET,Wine,RNDC
85629,GOTA DE ARENA,Wine,RNDC
85629,GOTHAM,Wine,RNDC
85629,GOTT,Wine,RNDC
85629,GOULAINE,Wine,RNDC
85629,GOUNDREY,Wine,RNDC
85629,GOZENSHU,Wine,RNDC
85629,GRACA DA PEDRA,Wine,RNDC
85629,GRACE LANE,Wine,RNDC
85629,GRAFFITO,Wine,RNDC
85629,GRAN CHEF,Wine,RNDC
85629,GRAN CORONAS,Wine,RNDC
85629,GRAN ISLA,Wine,RNDC
85629,GRAN MORAINE,Wine,RNDC
85629,GRAN SELLO,Wine,RNDC
85629,GRAN VIA 90,Wine,RNDC
85629,GRAN VINO SANSON,Wine,RNDC
85629,GRAND CHATEAU,Wine,RNDC
85629,GRAND JARDIN,Wine,RNDC
85629,GRAND NEZ,Wine,RNDC
85629,GRAND VIN DE REIGNAC,Wine,RNDC
85629,GRANDE PROVENCE,Wine,RNDC
85629,GRANDEUR,Wine,RNDC
85629,GRANS MURALLES,Wine,RNDC
85629,GRANT BURGE,Wine,RNDC
85629,GRAPE & VINE WINE COMPANY,Wine,RNDC
85629,GRAPE AND GRAIN IMPORTS,Wine,RNDC
85629,GRAPE THERAPY,Wine,RNDC
85629,GRAPE WAGON,Wine,RNDC
85629,GRAPES SQUARED,Wine,RNDC
85629,GRATIEN & MEYER,Wine,RNDC
85629,GRATON CELLARS,Wine,RNDC
85629,GRAY FOX VINEYARDS,Wine,RNDC
85629,GRAYMORE,Wine,RNDC
85629,GRAZIE MILLE,Wine,RNDC
85629,GRAZIOSI,Wine,RNDC
85629,GREAT WESTERN,Wine,RNDC
85629,GREEN LIP,Wine,RNDC
85629,GREEN POINT,Wine,RNDC
85629,GREEN TRUCK,Wine,RNDC
85629,GREYSTONE CELLARS,Wine,RNDC
85629,GRIZZLY FLAT,Wine,RNDC
85629,GROMIS,Wine,RNDC
85629,GROUNDED,Wine,RNDC
85629,GROUNDSWELL VINEYARDS,Wine,RNDC
85629,GROVE MILL,Wine,RNDC
85629,GUARDA RIOS,Wine,RNDC
85629,GUARITO,Low Alcohol Beverage,RNDC
85629,GUAYABITA DEL PINAR,Low Alcohol Beverage,RNDC
85629,GUAYABITA DEL PINAR & TUKOLA,Low Alcohol Beverage,RNDC
85629,GUENOC,Wine,RNDC
85629,GUILLAUME GONNET,Wine,RNDC
85629,GUILLEMARD CLERC,Wine,RNDC
85629,GUINIGI,Wine,RNDC
85629,GUNBUN,Wine,RNDC
85629,GUNDLACH BUNDSCHU,Wine,RNDC
85629,GUY BRETON,Wine,RNDC
85629,H3,Wine,RNDC
85629,HACHINOHE,Wine,RNDC
85629,HACIENDA DE ARINZANO,Wine,RNDC
85629,HAHN,Wine,RNDC
85629,HAHN WINERY,Wine,RNDC
85629,HAKKAISAN,Wine,RNDC
85629,HAKUSAN,Wine,RNDC
85629,HALL,Wine,RNDC
85629,HALTER RANCH,Wine,RNDC
85629,HAND,Wine,RNDC
85629,HANDCRAFT ARTISAN COLLECTION,Wine,RNDC
85629,HANDS OF TIME,Wine,RNDC
85629,HANDSOME DEVIL,Wine,RNDC
85629,HANG LOOSE,Wine,RNDC
85629,HANGTIME,Wine,RNDC
85629,HANNA,Wine,RNDC
85629,"HAPPY HANUKKAH, 8 NIGHTS",Wine,RNDC
85629,HAPPY HARVEST,Wine,RNDC
85629,HAPPY HAUNTING,Wine,RNDC
85629,HAPPY HOUR,Wine,RNDC
85629,HAPPY MOMMY,Wine,RNDC
85629,"HAPPY NEW YEAR, CELEBRATE TOGETHER",Wine,RNDC
85629,"HAPPY NEW YEAR,FRESH START",Wine,RNDC
85629,HAPPY PLACE,Wine,RNDC
85629,HAPPY VALENTINE'S DAY,Wine,RNDC
85629,HARAS,Wine,RNDC
85629,HARASZTHY FAMILY CELLARS,Wine,RNDC
85629,HARDYS,Wine,RNDC
85629,HARE TODAY GONE TOMORROW,Wine,RNDC
85629,HARLOW RIDGE,Wine,RNDC
85629,HARMONY AND SOUL,Wine,RNDC
85629,HARMONY AND SOUL AMERICAN,Wine,RNDC
85629,HARRISON,Wine,RNDC
85629,HARTFORD,Wine,RNDC
85629,HARTFORD COURT,Wine,RNDC
85629,HARTHILL FARMS,Wine,RNDC
85629,HARVEST SUN,Wine,RNDC
85629,HARVEYS,Wine,RNDC
85629,HASHTAG #,Wine,RNDC
85629,HATCH,Wine,RNDC
85629,HATCH GREEN CHILE WINE,Wine,RNDC
85629,HATTYUS TOKAJI,Wine,RNDC
85629,HAUTE RED,Wine,RNDC
85629,HAVE YOU SEEN MY CAT,Wine,RNDC
85629,HAWK CREST,Wine,RNDC
85629,HAWX RIVER VINEYARDS,Wine,RNDC
85629,HAYES RANCH,Wine,RNDC
85629,HAYNES VINEYARD,Wine,RNDC
85629,HAYWOOD WINERY,Wine,RNDC
85629,HDV,Wine,RNDC
85629,HEAD TO HEAD,Wine,RNDC
85629,HEADTURNER,Wine,RNDC
85629,HEARTACHE,Wine,RNDC
85629,HEARTSWOOD,Wine,RNDC
85629,HEAVEN ON EARTH,Wine,RNDC
85629,HEAVEN SAKE,Wine,RNDC
85629,HEAVYWEIGHT,Wine,RNDC
85629,HEIRBLOOM,Wine,RNDC
85629,HEITZ CELLAR,Wine,RNDC
85629,HEITZ WINE CELLARS,Wine,RNDC
85629,HELFRICH,Wine,RNDC
85629,HENKELL,Wine,RNDC
85629,HENRI ABELE,Wine,RNDC
85629,HENRI BOILLOT,Wine,RNDC
85629,HENRI DARNAT,Wine,RNDC
85629,HENRI GAILLARD,Wine,RNDC
85629,HENRI MARCHANT,Wine,RNDC
85629,HENRI PERRUSSET,Wine,RNDC
85629,HENRI VERNIER,Wine,RNDC
85629,HENRY DE VEZELAY,Wine,RNDC
85629,HENRY PERRUSSET,Wine,RNDC
85629,HERDING CATS,Wine,RNDC
85629,HERE BY CHANCE,Wine,RNDC
85629,HERE KITTY KITTY,Wine,RNDC
85629,HERITAGE DE LA COUSPAUDE,Wine,RNDC
85629,HERITAGE DE LE BOSCQ,Wine,RNDC
85629,HERITAGE VILLAGE CELLARS,Wine,RNDC
85629,HERITAGE VINEYARDS,Wine,RNDC
85629,HERITANCE,Wine,RNDC
85629,HERON,Wine,RNDC
85629,HEROS,Wine,RNDC
85629,HERRI MINA,Wine,RNDC
85629,HERZOG VON NASSAU,Wine,RNDC
85629,HESS,Wine,RNDC
85629,HESS COLLECTION,Wine,RNDC
85629,HI JINX,Wine,RNDC
85629,HIBERNATE WITH ME,Wine,RNDC
85629,HIBISCUS BREEZE,Wine,RNDC
85629,HICKINBOTHAM,Wine,RNDC
85629,HIDDEN CRUSH,Wine,RNDC
85629,HIDDEN HOLLOW,Wine,RNDC
85629,HIDDEN JEWEL COLLECTION,Wine,RNDC
85629,HIDDEN VINES,Wine,RNDC
85629,HIDEAWAY CREEK,Wine,RNDC
85629,HIGH HEAVEN VINTNERS,Wine,RNDC
85629,HIGH NOON,Low Alcohol Beverage,RNDC
85629,HIGH NOON SUN SIPS,Wine,RNDC
85629,HIGH TABLE,Wine,RNDC
85629,HIGHLANDS FORTY ONE,Wine,RNDC
85629,HILL & BLADE,Wine,RNDC
85629,HIMMELSTIEGE,Wine,RNDC
85629,HIPPOLYTE REVERDY,Wine,RNDC
85629,HIPSTER HAYDEN,Wine,RNDC
85629,HIVE & HONEY,Wine,RNDC
85629,HOFFMAN GROVE,Wine,RNDC
85629,HOGWASH,Wine,RNDC
85629,HOLA AMIGO,Wine,RNDC
85629,HOLIDAY MAGIC WINE ADVENT,Wine,RNDC
85629,HOLIDAY SPARKLE,Wine,RNDC
85629,HOLIDAY SWEATER WINE COLLECTION,Wine,RNDC
85629,HOLIDAY TRADITIONS,Wine,RNDC
85629,HOLIDAY VACATION,Wine,RNDC
85629,HOLLY AND JOLLY,Wine,RNDC
85629,HOLLY JOLLY,Wine,RNDC
85629,HOLLY NOG,Wine,RNDC
85629,HOLY GHOST,Wine,RNDC
85629,HONDA SHOTEN,Wine,RNDC
85629,HONORO VERA,Wine,RNDC
85629,HOPE TREE,Wine,RNDC
85629,HOPES END,Wine,RNDC
85629,HORIZON DE LALONDE,Wine,RNDC
85629,HORIZON DE LYNCH,Wine,RNDC
85629,HORNITOS,Low Alcohol Beverage,RNDC
85629,HORSE PLAY,Wine,RNDC
85629,HORSEPLAY,Wine,RNDC
85629,HORTON VINEYARDS,Wine,RNDC
85629,HOTEL STARLINO,Wine,RNDC
85629,HOU HOU SHU,Wine,RNDC
85629,HOUGHTON,Wine,RNDC
85629,HOUSE OF THE DRAGON,Wine,RNDC
85629,HRM REX GOLIATH,Wine,RNDC
85629,HUGEL ET FILS,Wine,RNDC
85629,HUMBLE PIE,Wine,RNDC
85629,HUNNI SOJU,Low Alcohol Beverage,RNDC
85629,HUNT MCKAY,Wine,RNDC
85629,HUNTER ASHBY,Wine,RNDC
85629,HUNTER PARK,Wine,RNDC
85629,HUNTERDON,Wine,RNDC
85629,HUNTINGTON,Wine,RNDC
85629,HWY 1,Wine,RNDC
85629,I HEART,Wine,RNDC
85629,I LOVE YOU,Wine,RNDC
85629,I MILLE,Wine,RNDC
85629,I SALTARI,Wine,RNDC
85629,I'M,Wine,RNDC
85629,IACOPO BIONDI SANTI,Wine,RNDC
85629,IBZA KARABUNAR,Wine,RNDC
85629,ICONOCLAST,Wine,RNDC
85629,IDDA,Wine,RNDC
85629,IDUS,Wine,RNDC
85629,IGNATUS,Wine,RNDC
85629,IL CONTE 1917,Wine,RNDC
85629,IL DONATO,Wine,RNDC
85629,IL FORNAIO,Wine,RNDC
85629,IL PINO DI BISERNO,Wine,RNDC
85629,IL POGGIONE,Wine,RNDC
85629,IL SOLLEVATORE,Wine,RNDC
85629,ILLUMINATION,Wine,RNDC
85629,ILONA,Wine,RNDC
85629,IMAGERY,Wine,RNDC
85629,IMAGERY SPECIAL SELECT,Wine,RNDC
85629,IMPECCABLE,Wine,RNDC
85629,IN THE ZONE,Wine,RNDC
85629,INCOGNITO,Wine,RNDC
85629,INCONCEIVABLE WINES,Wine,RNDC
85629,INDEPENDENCE WINE SERVICES,Wine,RNDC
85629,INDIGENO,Wine,RNDC
85629,INFAMOUS GOOSE,Wine,RNDC
85629,INFILTRADO,Wine,RNDC
85629,INFINE 1939,Wine,RNDC
85629,INFLECTION,Wine,RNDC
85629,INGLENOOK ESTATE CELLARS,Wine,RNDC
85629,INK GRADE,Wine,RNDC
85629,INKBLOT,Wine,RNDC
85629,INNISFREE,Wine,RNDC
85629,INNISKILLIN,Wine,RNDC
85629,INSCRIPTION,Wine,RNDC
85629,INSPIRACION VALDEMAR,Wine,RNDC
85629,INSPIRATION,Wine,RNDC
85629,INSURRECTION,Wine,RNDC
85629,INTRINSIC,Wine,RNDC
85629,INTUITION FR,Wine,RNDC
85629,INVIVO,Wine,RNDC
85629,INYCON,Wine,RNDC
85629,IO,Wine,RNDC
85629,IPPONGI,Wine,RNDC
85629,IPSO FACTO VINO,Wine,RNDC
85629,IRIS VINEYARDS,Wine,RNDC
85629,IRON AND SAND,Wine,RNDC
85629,IRON FEATHER,Wine,RNDC
85629,IRON HORSE,Wine,RNDC
85629,IRONSTONE,Wine,RNDC
85629,IRONY,Wine,RNDC
85629,ISABEL ROSE,Wine,RNDC
85629,ISABEL VINEYARD,Wine,RNDC
85629,ISABELA,Wine,RNDC
85629,ISCAY,Wine,RNDC
85629,IT,Wine,RNDC
85629,IT'S A HEADSNAPPER,Wine,RNDC
85629,IT'S BEARLY WINTER,Wine,RNDC
85629,IT'S COLD OUTSIDE,Wine,RNDC
85629,IT'SO,Wine,RNDC
85629,ITALIAN SWISS COLONY,Wine,RNDC
85629,ITAMI ONIGOROSHI,Wine,RNDC
85629,IVAN TAMAS,Wine,RNDC
85629,IVANA B SKINNY,Wine,RNDC
85629,IVORY & BURT,Wine,RNDC
85629,IZUMIBASHI,Wine,RNDC
85629,IZUMO FUJI,Wine,RNDC
85629,J BAUMER,Wine,RNDC
85629,J BOUCHON,Wine,RNDC
85629,J DAVIES,Wine,RNDC
85629,J FRITZ WINERY,Wine,RNDC
85629,J GARCIA,Wine,RNDC
85629,J HARDEN X J SHED,Wine,RNDC
85629,J J VINCENT,Wine,RNDC
85629,J J VINCENT ET FILS,Wine,RNDC
85629,J LOHR,Wine,RNDC
85629,J ROGET,Wine,RNDC
85629,J SUTTON,Wine,RNDC
85629,J WILKES,Wine,RNDC
85629,J WINE COMPANY,Wine,RNDC
85629,JABOULET ISNARD,Wine,RNDC
85629,JABU,Wine,RNDC
85629,JACK'S HOUSE,Wine,RNDC
85629,JACKAROO,Wine,RNDC
85629,JACKS PEAK,Wine,RNDC
85629,JACKSON TRIGGS,Wine,RNDC
85629,JACOB'S CREEK,Wine,RNDC
85629,JACOBSDAL,Wine,RNDC
85629,JACOPO BIONDI SANTI,Wine,RNDC
85629,JACQUES DUMONT,Wine,RNDC
85629,JACQUES SELOSSE,Wine,RNDC
85629,JADA VINEYARD,Wine,RNDC
85629,JADIX,Wine,RNDC
85629,JAKES FAULT,Wine,RNDC
85629,JAM ON,Wine,RNDC
85629,JAMBO,Wine,RNDC
85629,JAMESTOWN CELLARS,Wine,RNDC
85629,JAMIESON CANYON,Wine,RNDC
85629,JAQK CELLARS,Wine,RNDC
85629,JARDIN DE LUCULO,Wine,RNDC
85629,JARGON,Wine,RNDC
85629,JARHEAD,Wine,RNDC
85629,JASCI & MARCHESANI,Wine,RNDC
85629,JAUME SERRA,Wine,RNDC
85629,JAYSON,Wine,RNDC
85629,JC CALVET,Wine,RNDC
85629,JEAN BERTEAU,Wine,RNDC
85629,JEAN BOILLOT & FILS,Wine,RNDC
85629,JEAN BOUCHARD,Wine,RNDC
85629,JEAN LUC COLOMBO,Wine,RNDC
85629,JEAN LUC DUBOIS,Wine,RNDC
85629,JEAN MARC BROCARD,Wine,RNDC
85629,JEAN PAUL THEVENET,Wine,RNDC
85629,JEAN VINCENT,Wine,RNDC
85629,JEFF RUNQUIST,Wine,RNDC
85629,JEHAN EMONIN,Wine,RNDC
85629,JELLY JAR,Wine,RNDC
85629,JERMANN,Wine,RNDC
85629,JESSUP CELLARS,Wine,RNDC
85629,JESUS YLLERA,Wine,RNDC
85629,JETT,Wine,RNDC
85629,JETTLYNN WINERY,Wine,RNDC
85629,JEWEL,Wine,RNDC
85629,JEWEL BOX,Wine,RNDC
85629,JEWEL COLLECTION,Wine,RNDC
85629,JEWELRY BOX,Wine,RNDC
85629,JIM BEAM,Low Alcohol Beverage,RNDC
85629,JINGLE & MINGLE,Wine,RNDC
85629,JINGLE & MINGLE 5 DAYS OF CABERNET SAUVIGNON,Wine,RNDC
85629,JINGLE & MINGLE 5 DAYS OF ROSE,Wine,RNDC
85629,JINGLE & MINGLE 6 DAYS OF SPARKLE,Wine,RNDC
85629,JL CHAVE,Wine,RNDC
85629,JLS,Wine,RNDC
85629,JM GOBILLARD & FILS,Wine,RNDC
85629,JOANIS,Wine,RNDC
85629,JOAQUIN REBOLLEDO,Wine,RNDC
85629,JOE BLOW WINE CELLARS,Wine,RNDC
85629,JOE TO GO,Wine,RNDC
85629,JOE'S CRAB SHACK,Wine,RNDC
85629,JOEL ET SYLVIE CIROTTE,Wine,RNDC
85629,JOEL GOTT,Wine,RNDC
85629,JOHN ANTHONY,Wine,RNDC
85629,JOIE DU VIN,Wine,RNDC
85629,JOIY,Wine,RNDC
85629,JONIVE,Wine,RNDC
85629,JORDAN,Wine,RNDC
85629,JOSE CUERVO,Wine,RNDC
85629,JOSE CUERVO PLAYA MAR HARD SELTZER,Low Alcohol Beverage,RNDC
85629,JOSE MARIA DA FONSECA,Wine,RNDC
85629,JOSEP VENTOSA,Wine,RNDC
85629,JOSEPH CASTAN,Wine,RNDC
85629,JOSEPH FAIVELEY,Wine,RNDC
85629,JOSEPH MELLOT,Wine,RNDC
85629,JOSEPH PHELPS FREESTONE VINEYARDS,Wine,RNDC
85629,JOSEPH PHELPS VINEYARDS,Wine,RNDC
85629,JOSEPH SWAN VINEYARDS,Wine,RNDC
85629,JOSEPH THOMAS,Wine,RNDC
85629,JOSEPH'S,Wine,RNDC
85629,JOTO,Wine,RNDC
85629,JOURNEY,Wine,RNDC
85629,JOURNEY & DISCOVERY,Wine,RNDC
85629,JOURNEY & DISCOVERY FRANCE,Wine,RNDC
85629,JOURNEY & DISCOVERY ITALY,Wine,RNDC
85629,JOURNEY & DISCOVERY PORTUGAL,Wine,RNDC
85629,JOURNEY & DISCOVERY SPAIN,Wine,RNDC
85629,JOVIAL VINES,Wine,RNDC
85629,JOVINO,Wine,RNDC
85629,JOY TO WINES HOLIDAY COUNTDOWN COLLECTION,Wine,RNDC
85629,JP CHENET,Wine,RNDC
85629,JUAN GIL,Wine,RNDC
85629,JUGGERNAUT,Wine,RNDC
85629,JUICY DETAILS,Wine,RNDC
85629,JUICY SPARKLE,Wine,RNDC
85629,JULIAN CHIVITE,Wine,RNDC
85629,JULIET,Wine,RNDC
85629,JUNEBUG WINES,Wine,RNDC
85629,JUST,Wine,RNDC
85629,JUST BREATHE,Wine,RNDC
85629,JUST PEACHY,Wine,RNDC
85629,JUSTINO,Wine,RNDC
85629,JUVENALS,Wine,RNDC
85629,JUXTAPOZ,Wine,RNDC
85629,K BRANDS,Wine,RNDC
85629,K CELLARS,Wine,RNDC
85629,K VINE,Wine,RNDC
85629,K VINTNERS,Wine,RNDC
85629,KAFE LUNA,Wine,RNDC
85629,KAHLUA,Wine,RNDC
85629,KALEIDOSCOPE,Wine,RNDC
85629,KALLFELZ,Wine,RNDC
85629,KANBARA,Wine,RNDC
85629,KANGA RESERVE,Wine,RNDC
85629,KANKANA,Wine,RNDC
85629,KANONKOP,Wine,RNDC
85629,KATE & CASSIE,Wine,RNDC
85629,KATHERINE GOLDSCHMIDT,Wine,RNDC
85629,KATHRYN HALL,Wine,RNDC
85629,KATHY LYNSKEY WINES,Wine,RNDC
85629,KATNOOK ESTATE,Wine,RNDC
85629,KATO,Wine,RNDC
85629,KATSUYAMA,Wine,RNDC
85629,KAUTZ IRONSTONE VINEYARDS,Wine,RNDC
85629,KAY BROTHERS AMERY VINEYARDS,Wine,RNDC
85629,KC JONES,Wine,RNDC
85629,KEEP,Wine,RNDC
85629,KEEP IT CHILL,Wine,RNDC
85629,KELLER GEISTER,Wine,RNDC
85629,KELLY'S REVENGE,Wine,RNDC
85629,KEMPTON CLARK,Wine,RNDC
85629,KENDALL JACKSON,Wine,RNDC
85629,KENDON ESTATE,Wine,RNDC
85629,KENTIA,Wine,RNDC
85629,KENWOOD,Wine,RNDC
85629,KETTMEIR,Wine,RNDC
85629,KEYNOTE,Wine,RNDC
85629,KIJAFA,Wine,RNDC
85629,KILBURG,Wine,RNDC
85629,KILLER BEE,Wine,RNDC
85629,KILLER JUICE,Wine,RNDC
85629,KILLKA,Wine,RNDC
85629,KIM CRAWFORD,Wine,RNDC
85629,KINDERWOOD,Wine,RNDC
85629,KING,Wine,RNDC
85629,KING CHANCHO,Wine,RNDC
85629,KING ESTATE,Wine,RNDC
85629,KING FISH VINEYARDS,Wine,RNDC
85629,KING PALM,Wine,RNDC
85629,KING'S RANSOM,Wine,RNDC
85629,KINSEN,Wine,RNDC
85629,KINTON,Wine,RNDC
85629,KIRKLAND RANCH,Wine,RNDC
85629,KIRKLAND SIGNATURE,Low Alcohol Beverage,RNDC
85629,KIRKLAND SIGNATURE,Wine,RNDC
85629,KIRRALAA,Wine,RNDC
85629,KITAYA,Wine,RNDC
85629,KITH & KIN,Wine,RNDC
85629,KLEINBOSCH,Wine,RNDC
85629,KLINKER BRICK WINERY,Wine,RNDC
85629,KLIPSUN,Wine,RNDC
85629,KNAPPSTEIN,Wine,RNDC
85629,KNIFE & FORK,Wine,RNDC
85629,KNOTTY VINES,Wine,RNDC
85629,KOI KARMA,Wine,RNDC
85629,KOIMARISHUZO,Wine,RNDC
85629,KOJIMAYA,Wine,RNDC
85629,KOKUMI,Wine,RNDC
85629,KOLOA RUM COMPANY,Low Alcohol Beverage,RNDC
85629,KOMODO DRAGON,Wine,RNDC
85629,KONO BARU,Wine,RNDC
85629,KONTEKI,Wine,RNDC
85629,KOOKSOONDANG,Wine,RNDC
85629,KOPPAMURRA,Wine,RNDC
85629,KOSTA BROWNE,Wine,RNDC
85629,KOZ WINES,Wine,RNDC
85629,KRAKEN,Low Alcohol Beverage,RNDC
85629,KRESSMANN,Wine,RNDC
85629,KRIS,Wine,RNDC
85629,KRONENDAL,Wine,RNDC
85629,KULA,Wine,RNDC
85629,KULETO ESTATE,Wine,RNDC
85629,KUMALA,Wine,RNDC
85629,KUMBAYA,Wine,RNDC
85629,KUMEU RIVER,Wine,RNDC
85629,KURO KABUTO,Wine,RNDC
85629,KUSAFIRI,Wine,RNDC
85629,KYLIE MINOGUE,Wine,RNDC
85629,L DE LAFFITTE LAUJAC,Wine,RNDC
85629,L'ARDI,Wine,RNDC
85629,L'ARTISTA,Wine,RNDC
85629,L'ARTISTE,Wine,RNDC
85629,L'ESPRIT DE CHEVALIER,Wine,RNDC
85629,L'ESPRIT DU VENT,Wine,RNDC
85629,L'HOSPITALET DE GAZIN,Wine,RNDC
85629,L'OEIL,Wine,RNDC
85629,L'OISEAU,Wine,RNDC
85629,L'ORIGINAL,Wine,RNDC
85629,L'OUTSIDER,Wine,RNDC
85629,L'USINE,Wine,RNDC
85629,LA BAUME,Wine,RNDC
85629,LA BELLE,Wine,RNDC
85629,LA BELLE CITADELLE,Wine,RNDC
85629,LA BELMAN,Wine,RNDC
85629,LA BRAVA,Wine,RNDC
85629,LA CALONICA,Wine,RNDC
85629,LA CASA DELL'ORCO,Wine,RNDC
85629,LA CATRINA,Wine,RNDC
85629,LA CHABLISIENNE,Wine,RNDC
85629,LA CHAMBRE,Wine,RNDC
85629,LA CHAPELLE DE HAUT BAGES LIBERAL,Wine,RNDC
85629,LA CHAPELLE DE LA MISSION HAUT BRION,Wine,RNDC
85629,LA CHAPELLE DE LAFON ROCHET,Wine,RNDC
85629,LA CHAPELLE DE MEYNEY,Wine,RNDC
85629,LA CHAPELLE DU BERRY,Wine,RNDC
85629,LA COUR DES PAPES,Wine,RNDC
85629,LA CREMA,Wine,RNDC
85629,LA CROIX BONIS,Wine,RNDC
85629,LA CROIX DE BEAUCAILLOU,Wine,RNDC
85629,LA CUVEE MYTHIQUE,Wine,RNDC
85629,LA DAME DE MONTROSE,Wine,RNDC
85629,LA DEMOISELLE DE SOCIANDO MALLET,Wine,RNDC
85629,LA DEVISE DE LILIAN,Wine,RNDC
85629,LA DI DA,Wine,RNDC
85629,LA FAMIGLIA,Wine,RNDC
85629,LA FAMIGLIA DI ROBERT MONDAVI,Wine,RNDC
85629,LA FLEUR DE BOUARD,Wine,RNDC
85629,LA FLEUR DU CHATEAU BEAUREGARD DUCASSE,Wine,RNDC
85629,LA FORGE ESTATE,Wine,RNDC
85629,LA FUERZA,Wine,RNDC
85629,LA FUGA,Wine,RNDC
85629,LA GIOIOSA,Wine,RNDC
85629,LA GOZADA,Wine,RNDC
85629,LA GRANDE NOVE,Wine,RNDC
85629,LA GRANGE DES COMBES,Wine,RNDC
85629,LA GRANGE NEUVE DE FIGEAC,Wine,RNDC
85629,LA GRAVETTE DE CERTAN,Wine,RNDC
85629,LA JOTA,Wine,RNDC
85629,LA LUS,Wine,RNDC
85629,LA MADELEINE,Wine,RNDC
85629,LA MANNELLA,Wine,RNDC
85629,LA MERIKA,Wine,RNDC
85629,LA MONDOTTE,Wine,RNDC
85629,LA PAILLOTE,Wine,RNDC
85629,LA PERLINA,Wine,RNDC
85629,LA PIALADE,Wine,RNDC
85629,LA PILLON,Wine,RNDC
85629,LA POUSSIE,Wine,RNDC
85629,LA REGOLA,Wine,RNDC
85629,LA RONCAIA,Wine,RNDC
85629,LA SANGLIERE,Wine,RNDC
85629,LA SCOLCA,Wine,RNDC
85629,LA TASCA,Wine,RNDC
85629,LA TERRA,Wine,RNDC
85629,LA TERRE,Wine,RNDC
85629,LA UNICA,Wine,RNDC
85629,LA VALETTE,Wine,RNDC
85629,LA VENDIMIA,Wine,RNDC
85629,LACOSTE BORIE,Wine,RNDC
85629,LACROIX MARTILLAC,Wine,RNDC
85629,LADIES WHO SHOOT THEIR LUNCH,Wine,RNDC
85629,LADOUCETTE,Wine,RNDC
85629,LADY IN RED,Wine,RNDC
85629,LADY KILLER,Wine,RNDC
85629,LADY LA FEMME,Wine,RNDC
85629,LAELY,Wine,RNDC
85629,LAGARDE,Wine,RNDC
85629,LAGUNILLA,Wine,RNDC
85629,LAKE ROAD,Wine,RNDC
85629,LAKESHORE FARMS TRADING COMPANY,Wine,RNDC
85629,LAKESHORE WINERY,Wine,RNDC
85629,LAKESPRING,Wine,RNDC
85629,LALANDE BELLEVUE,Wine,RNDC
85629,LALEURE PIOT,Wine,RNDC
85629,LAMAIONE,Wine,RNDC
85629,LAMB'S VALLEY,Wine,RNDC
85629,LAMBERTI,Wine,RNDC
85629,LAMOLE DI LAMOLE,Wine,RNDC
85629,LANCASTER ESTATE,Wine,RNDC
85629,LANCERS,Wine,RNDC
85629,LANDER JENKINS,Wine,RNDC
85629,LANDFORM,Wine,RNDC
85629,LANDING PLACE,Wine,RNDC
85629,LANDSKROON,Wine,RNDC
85629,LANGTRY,Wine,RNDC
85629,LANSON,Wine,RNDC
85629,LANZERAC,Wine,RNDC
85629,LAPIS LAZULI WINERY & VINEYARDS,Wine,RNDC
85629,LARKSPUR,Wine,RNDC
85629,LAROCHE,Wine,RNDC
85629,LAROQUE,Wine,RNDC
85629,LARSON FAMILY WINERY,Wine,RNDC
85629,LAS CAMPANAS,Wine,RNDC
85629,LAS MORAS,Wine,RNDC
85629,LASSEGUE,Wine,RNDC
85629,LATISTA,Wine,RNDC
85629,LATITUDE 40,Wine,RNDC
85629,LATITUDE 44,Wine,RNDC
85629,LAUREL & BAY,Wine,RNDC
85629,LAUREL BAY,Wine,RNDC
85629,LAURENZ V,Wine,RNDC
85629,LAVAU,Wine,RNDC
85629,LAVILA,Wine,RNDC
85629,LAVIS,Wine,RNDC
85629,LAZY ARROW RANCH,Wine,RNDC
85629,LAZY CREEK VINEYARDS,Wine,RNDC
85629,LE BARON DE MALLERET,Wine,RNDC
85629,LE BELIER,Wine,RNDC
85629,LE BONHEUR,Wine,RNDC
85629,LE BRUT DU FOUDRE 56,Wine,RNDC
85629,LE CARILLON DE L'ANGELUS,Wine,RNDC
85629,LE CLARENCE DE HAUT BRION,Wine,RNDC
85629,LE CLEMENTIN DU PAPE CLEMENT,Wine,RNDC
85629,LE CLOS JORDANNE,Wine,RNDC
85629,LE COTEAU,Wine,RNDC
85629,LE DRAGON DE QUINTUS,Wine,RNDC
85629,LE FAUX FROG,Wine,RNDC
85629,LE FREAK,Wine,RNDC
85629,LE GALLAIS,Wine,RNDC
85629,LE GARENNE,Wine,RNDC
85629,LE GRAND COURTAGE,Wine,RNDC
85629,LE JAJA DE JAU,Wine,RNDC
85629,LE JOYAU,Wine,RNDC
85629,LE MOMENT,Wine,RNDC
85629,LE MOULIN CHAPITRE,Wine,RNDC
85629,LE MURAIE,Wine,RNDC
85629,LE NOBLE,Wine,RNDC
85629,LE PETIT CHEVAL,Wine,RNDC
85629,LE PETIT CHEVALIER,Wine,RNDC
85629,LE PETIT CLOS,Wine,RNDC
85629,LE PETIT HAUT LAFITTE,Wine,RNDC
85629,LE PETIT XAVIER,Wine,RNDC
85629,LE PROPRIETAIRE ALAIN GAYDA,Wine,RNDC
85629,LE RELAIS DE DURFORT VIVENS,Wine,RNDC
85629,LE RIME,Wine,RNDC
85629,LE ROSE D'AZUR,Wine,RNDC
85629,LE ROSEY,Wine,RNDC
85629,LE SAUTERNES DE CASTELNAU,Wine,RNDC
85629,LE SILLAGE DE MALARTIC,Wine,RNDC
85629,LE TREMBLE,Wine,RNDC
85629,LE VOLTE,Wine,RNDC
85629,LEA,Wine,RNDC
85629,LEAP OF FAITH,Wine,RNDC
85629,LEAPING GRAPES,Wine,RNDC
85629,LEAPING HORSE,Wine,RNDC
85629,LEDA,Wine,RNDC
85629,LEDOMAINE,Wine,RNDC
85629,LEDUCQ VINEYARDS,Wine,RNDC
85629,LEFTIE,Wine,RNDC
85629,LEGACY,Wine,RNDC
85629,LEGADO FERNANDO GUEDES,Wine,RNDC
85629,LEGATO,Wine,RNDC
85629,LEGEND,Wine,RNDC
85629,LEGRAS & HAAS,Wine,RNDC
85629,LEONARD DE SAINT AUBIN,Wine,RNDC
85629,LEONARD KREUSCH,Wine,RNDC
85629,LEONARDINI,Wine,RNDC
85629,LEPRINCE,Wine,RNDC
85629,LES ALLEES DE CANTEMERLE,Wine,RNDC
85629,LES CARRIERES DE MEZY,Wine,RNDC
85629,LES CHAMPS D'OR,Wine,RNDC
85629,LES CLOS DE PAULILLES,Wine,RNDC
85629,LES DEUX RIVES,Wine,RNDC
85629,LES DOMAINES PAUL MAS,Wine,RNDC
85629,LES DOMANIERS,Wine,RNDC
85629,LES FIEFS DE LAGRANGE,Wine,RNDC
85629,LES FLORETS,Wine,RNDC
85629,LES FORTS DE LATOUR,Wine,RNDC
85629,LES GALETS DE SAUVETERRE,Wine,RNDC
85629,LES GLORIES,Wine,RNDC
85629,LES GRANDES CABANES,Wine,RNDC
85629,LES GRIFFONS DE PICHON BARON,Wine,RNDC
85629,LES HAUTS DE GRAMENON,Wine,RNDC
85629,LES HAUTS DE MILLY,Wine,RNDC
85629,LES HAUTS DE SMITH,Wine,RNDC
85629,LES LATIS,Wine,RNDC
85629,LES MINES,Wine,RNDC
85629,LES PAGODES DE COS,Wine,RNDC
85629,LES PAGODES DE COS PRATS,Wine,RNDC
85629,LES PELERINS DE LAFON ROCHET,Wine,RNDC
85629,LES PETIT GRAINS,Wine,RNDC
85629,LES SARRINS,Wine,RNDC
85629,LES TERRASSES DE L'AYGUES,Wine,RNDC
85629,LES TOURELLES DE LONGUEVILLE,Wine,RNDC
85629,LES TOURS DE BEAUMONT,Wine,RNDC
85629,LES VERRIERES,Wine,RNDC
85629,LES VIEUX CEPAGES,Wine,RNDC
85629,LES VIGNERONS DE LA MEDITERRANEE,Wine,RNDC
85629,LES VIGNERONS DE SEPTIMANIE,Wine,RNDC
85629,LES VIGNERONS DES COTEAUX D'AVIGNON,Wine,RNDC
85629,LES VIGNERONS DU VAL D'ORBIEU,Wine,RNDC
85629,LES VINES DE CRUS,Wine,RNDC
85629,LES VINS DE LEONARD,Wine,RNDC
85629,LET GOOD BE,Wine,RNDC
85629,LET'S JUST DANCE,Wine,RNDC
85629,LIBERATED,Wine,RNDC
85629,LIBERTY SCHOOL,Wine,RNDC
85629,LICEIRAS,Wine,RNDC
85629,LIDIO CARRARO,Wine,RNDC
85629,LIFE IS TOO SHORT TO DRINK BORING WINE,Wine,RNDC
85629,LIFEVINE,Wine,RNDC
85629,LIFTED,Wine,RNDC
85629,LIGHT HORSE,Wine,RNDC
85629,LIGHTLY,Wine,RNDC
85629,LIGHTNING STRIKES AGAIN,Wine,RNDC
85629,LIL' RASCAL,Wine,RNDC
85629,LILA,Wine,RNDC
85629,LILLET,Wine,RNDC
85629,LILO,Wine,RNDC
85629,LIME A RITA,Wine,RNDC
85629,LIMONESCO,Wine,RNDC
85629,LINCOURT VINEYARDS,Wine,RNDC
85629,LINDAUER,Wine,RNDC
85629,LINEAGE VINEYARDS,Wine,RNDC
85629,LINGER,Wine,RNDC
85629,LINKS DRINKS,Low Alcohol Beverage,RNDC
85629,LION HEARTED,Wine,RNDC
85629,LION TAMER,Wine,RNDC
85629,LIONNE ROYALE,Wine,RNDC
85629,LIONS DE SUDUIRAUT,Wine,RNDC
85629,LIONS RIDGE,Wine,RNDC
85629,LIQUID LIGHT,Wine,RNDC
85629,LISA'S WINERY TEST FRANCHISE,Wine,RNDC
85629,LIT WINE COCKTAILS,Wine,RNDC
85629,LITHOGRAPH,Wine,RNDC
85629,LITTLE BLACK DRESS,Wine,RNDC
85629,LITTLE BOOMEY,Wine,RNDC
85629,LITTLE CHICA,Wine,RNDC
85629,LITTLE DITTY,Wine,RNDC
85629,LITTLE JONATHAN WINERY,Wine,RNDC
85629,LIUTO,Wine,RNDC
85629,LIVE A LITTLE,Wine,RNDC
85629,LIVE A LOT,Wine,RNDC
85629,LIVE LIFE UNCORKED,Wine,RNDC
85629,LIVIO FELLUGA,Wine,RNDC
85629,LLAMA QUEEN,Wine,RNDC
85629,LO DUCA,Wine,RNDC
85629,LO FI APERTIFS,Wine,RNDC
85629,LO TENGO,Wine,RNDC
85629,LO-FI SPRITZ,Wine,RNDC
85629,LOCATOUR,Wine,RNDC
85629,LOCK & KEY,Wine,RNDC
85629,LOCO LOPEZ,Wine,RNDC
85629,LOCO POR TI,Wine,RNDC
85629,LOCO SIN TI,Wine,RNDC
85629,LODEZ,Wine,RNDC
85629,LODI RED,Wine,RNDC
85629,LOFT,Wine,RNDC
85629,LOFTHOUSE,Wine,RNDC
85629,LOKOYA,Wine,RNDC
85629,LOLAILO,Wine,RNDC
85629,LOLLI,Wine,RNDC
85629,LOLO,Wine,RNDC
85629,LOMBARDINI,Wine,RNDC
85629,LONG BOAT,Wine,RNDC
85629,LONG NECK,Wine,RNDC
85629,LONG STRIDE,Wine,RNDC
85629,LONGEVITY,Wine,RNDC
85629,LONGFORD ESTATE,Wine,RNDC
85629,LORANE VALLEY,Wine,RNDC
85629,LOREDONA,Wine,RNDC
85629,LORENZO MELANI,Wine,RNDC
85629,LORGERIL,Wine,RNDC
85629,LORIKEET,Wine,RNDC
85629,LOS ALISOS WINERY,Wine,RNDC
85629,LOS CABOS,Wine,RNDC
85629,LOS CARDOS,Wine,RNDC
85629,LOS NEVADOS,Wine,RNDC
85629,LOSE YOURSELF IN THE VIBE,Wine,RNDC
85629,LOST ANGEL,Wine,RNDC
85629,LOST CITY,Wine,RNDC
85629,LOST HORIZONS,Wine,RNDC
85629,LOST POET,Wine,RNDC
85629,LOT 365 VINEYARD,Wine,RNDC
85629,LOTE 44,Wine,RNDC
85629,LOTTO,Wine,RNDC
85629,LOUIS JADOT,Wine,RNDC
85629,LOUIS METAIREAU,Wine,RNDC
85629,LOUIS MOULIN,Wine,RNDC
85629,LOUIS ROEDERER,Wine,RNDC
85629,LOVE AND HOPE,Wine,RNDC
85629,LOVE LANGUAGE,Wine,RNDC
85629,LOVE NOIR,Wine,RNDC
85629,LOVE OLIVIA,Wine,RNDC
85629,LOVEBLOCK,Wine,RNDC
85629,LOVEBUG HUG,Wine,RNDC
85629,LOVELAND VINEYARDS,Wine,RNDC
85629,LOYAL FRIEND,Wine,RNDC
85629,LOYAL LOLA,Wine,RNDC
85629,LTD,Wine,RNDC
85629,LUC BELAIRE,Wine,RNDC
85629,LUCA,Wine,RNDC
85629,LUCE,Wine,RNDC
85629,LUCE DEL SOLE,Wine,RNDC
85629,LUCENTE,Wine,RNDC
85629,LUCIEN ALBRECHT,Wine,RNDC
85629,LUCIEN DESCHAUX,Wine,RNDC
85629,LUCIENNE,Wine,RNDC
85629,LUCINDA & MILLIE,Wine,RNDC
85629,LUCKY DUCK,Wine,RNDC
85629,LUCKY ONE,Low Alcohol Beverage,RNDC
85629,LUCKY STAR,Wine,RNDC
85629,LUCOTTO,Wine,RNDC
85629,LUIGI BOSCA,Wine,RNDC
85629,LUIGI RIGHETTI,Wine,RNDC
85629,LUIS FELIPE EDWARDS,Wine,RNDC
85629,LUIS GURPEGUI,Wine,RNDC
85629,LUIS GURPEGUI MUGA,Wine,RNDC
85629,LUKE WINES,Wine,RNDC
85629,LULU B,Wine,RNDC
85629,LUMEN GATE,Wine,RNDC
85629,LUNA BRILLANTE,Wine,RNDC
85629,LUNA DE ORO,Wine,RNDC
85629,LUNA DEL SUR,Wine,RNDC
85629,LUNA NUDA,Wine,RNDC
85629,LUNA ROSA,Wine,RNDC
85629,LUNARDI,Wine,RNDC
85629,LUNETTA,Wine,RNDC
85629,LUNTA,Wine,RNDC
85629,LUPI REALI,Wine,RNDC
85629,LUSH SLUSH,Wine,RNDC
85629,LUXURY EDITION,Wine,RNDC
85629,LVP,Wine,RNDC
85629,LYLO,Wine,RNDC
85629,LYNSOLENCE,Wine,RNDC
85629,LYRICA,Wine,RNDC
85629,LYS DE VOLAN,Wine,RNDC
85629,M BY MICHAEL MONDAVI,Wine,RNDC
85629,M CHAPOUTIER,Wine,RNDC
85629,M G VALLEJO,Wine,RNDC
85629,M HASLINGER & FILS,Wine,RNDC
85629,M TRINCHERO,Wine,RNDC
85629,MA COPINE,Wine,RNDC
85629,MA MIE,Wine,RNDC
85629,MABOROSHI,Wine,RNDC
85629,MACARON VINEYARDS,Wine,RNDC
85629,MACK'S,Wine,RNDC
85629,MACKINAW,Wine,RNDC
85629,MAD CRUSH,Wine,RNDC
85629,MAD GENIUS,Wine,RNDC
85629,MAD HATTER,Wine,RNDC
85629,MAD HOUSEWIFE,Wine,RNDC
85629,MADAME LIBERTE,Wine,RNDC
85629,MADDALENA VINEYARD,Wine,RNDC
85629,MADE BY JAMES,Wine,RNDC
85629,MADISON,Wine,RNDC
85629,MADISON MEADOWS,Wine,RNDC
85629,MAELI,Wine,RNDC
85629,MAGGIE WINE CELLARS,Wine,RNDC
85629,MAGGY HAWK,Wine,RNDC
85629,MAGNA ALIQUAM,Wine,RNDC
85629,MAGNUM VS,Wine,RNDC
85629,MAGRUDERS,Wine,RNDC
85629,MAHLER BESSE,Wine,RNDC
85629,MAIN STREET WINERY,Wine,RNDC
85629,MAISON BELLES COTES,Wine,RNDC
85629,MAISON BOUACHON,Wine,RNDC
85629,MAISON DE MADELEINE,Wine,RNDC
85629,MAISON DU LAC,Wine,RNDC
85629,MAISON FERY MEUNIER,Wine,RNDC
85629,MAISON HENRI DU CHAMPS,Wine,RNDC
85629,MAISON MARCEL,Wine,RNDC
85629,MAISON NO9,Wine,RNDC
85629,MAISON SAVAS,Wine,RNDC
85629,MAJESTAD,Wine,RNDC
85629,MAKE IT SPARKLE,Wine,RNDC
85629,MAKING SEASONS BRIGHT WINTER WINE BOX,Wine,RNDC
85629,MAKING SPIRITS BRIGHT,Wine,RNDC
85629,MAKKU,Wine,RNDC
85629,MALIBU,Low Alcohol Beverage,RNDC
85629,MALIJAY,Wine,RNDC
85629,MALONEY'S,Wine,RNDC
85629,MAMA,Wine,RNDC
85629,MAMERTINO,Wine,RNDC
85629,MAMMA MIA,Wine,RNDC
85629,MANDRAROSSA,Wine,RNDC
85629,MANDRIOLA DE LISBOA,Wine,RNDC
85629,MANGIAVINO,Wine,RNDC
85629,MANGO MANGO,Wine,RNDC
85629,MANISCHEWITZ,Wine,RNDC
85629,MANO CICLO,Wine,RNDC
85629,MANOTSURU,Wine,RNDC
85629,MANTENSEI,Wine,RNDC
85629,MANTEO,Wine,RNDC
85629,MAPOCHO,Wine,RNDC
85629,MAR DEL SUR,Wine,RNDC
85629,MARC BREDIF,Wine,RNDC
85629,MARC JOMAIN,Wine,RNDC
85629,MARC MOREY,Wine,RNDC
85629,MARCEL VINCENT,Wine,RNDC
85629,MARCHESE ANTINORI,Wine,RNDC
85629,MARCHESE DI PANI,Wine,RNDC
85629,MARCHESI DE FRESCOBALDI,Wine,RNDC
85629,MARCHESI MAZZEI,Wine,RNDC
85629,MARCLIFFE,Wine,RNDC
85629,MARCO ABELLA,Wine,RNDC
85629,MARCO BONFANTE,Wine,RNDC
85629,MARCUS JAMES,Wine,RNDC
85629,MARI ANA,Wine,RNDC
85629,MARIELLA,Wine,RNDC
85629,MARIENBERG,Wine,RNDC
85629,MARIETTA CELLARS,Wine,RNDC
85629,MARITANA,Wine,RNDC
85629,MARIUS,Wine,RNDC
85629,MARK NICHOLAS,Wine,RNDC
85629,MARK WEST,Wine,RNDC
85629,MARKHAM VINEYARDS,Wine,RNDC
85629,MARKSTONE,Wine,RNDC
85629,MARLBOROUGH ESTATE RESERVE,Wine,RNDC
85629,MARLBOROUGH RIDGE,Wine,RNDC
85629,MARQUES DE ARIENZO,Wine,RNDC
85629,MARQUES DE CARRION,Wine,RNDC
85629,MARQUES DE GRINON,Wine,RNDC
85629,MARQUES DE LA CONCORDIA,Wine,RNDC
85629,MARQUES DE LA VINA,Wine,RNDC
85629,MARQUES DE LARA,Wine,RNDC
85629,MARQUES DE MURRIETA,Wine,RNDC
85629,MARQUES DE RISCAL,Wine,RNDC
85629,MARQUES DE VALCARLOS,Wine,RNDC
85629,MARQUES DE VIZHOJA,Wine,RNDC
85629,MARQUES DEL ATRIO,Wine,RNDC
85629,MARQUES GRINON,Wine,RNDC
85629,MARQUIS DE BERN,Wine,RNDC
85629,MARQUIS DE CALON,Wine,RNDC
85629,MARQUIS DE GOULAINE,Wine,RNDC
85629,MARQUIS DE JOUENNES,Wine,RNDC
85629,MARQUIS DE PERLADE,Wine,RNDC
85629,MARQUIS DE TALANDIER,Wine,RNDC
85629,MARQUIS DE TERME,Wine,RNDC
85629,MARRASO,Wine,RNDC
85629,MARTIN RAY,Wine,RNDC
85629,MARTIN SORET,Wine,RNDC
85629,MARTINBOROUGH VINEYARD,Wine,RNDC
85629,MARTINEZ,Wine,RNDC
85629,MARTINEZ GASSIOT,Wine,RNDC
85629,MARTINI & PRATI,Wine,RNDC
85629,MARTINI MASTERS,Wine,RNDC
85629,MARVELOUS,Wine,RNDC
85629,MARWOOD,Wine,RNDC
85629,MAS CRISTINE,Wine,RNDC
85629,MAS DE L'ABUNDANCIA,Wine,RNDC
85629,MAS DE LA DAME,Wine,RNDC
85629,MAS DE MASOS,Wine,RNDC
85629,MAS DES AVEYLANS,Wine,RNDC
85629,MAS JAUME,Wine,RNDC
85629,MASCHIO,Wine,RNDC
85629,MASCHIO DEI CAVALIERI,Wine,RNDC
85629,MASI,Wine,RNDC
85629,MASON CELLARS,Wine,RNDC
85629,MASOS D'EN CUBELLS,Wine,RNDC
85629,MASOTTINA,Wine,RNDC
85629,MASSERIA DEL FAUNO,Wine,RNDC
85629,MASSERIA SUPRENO,Wine,RNDC
85629,MASSETO,Wine,RNDC
85629,MASSICAN,Wine,RNDC
85629,MASSIMINO,Cider,RNDC
85629,MASSIMO,Wine,RNDC
85629,MASSON VINEYARDS,Wine,RNDC
85629,MASTER PLAN VINEYARDS,Wine,RNDC
85629,MASTROBERARDINO,Wine,RNDC
85629,MATANZAS CREEK WINERY,Wine,RNDC
85629,MATARIKI,Wine,RNDC
85629,MATCHSTICK,Wine,RNDC
85629,MATEUS,Wine,RNDC
85629,MATIAS RICCITELLI,Wine,RNDC
85629,MATT TAYLOR WINES,Wine,RNDC
85629,MAVERICK WINE GROUP,Wine,RNDC
85629,MAXWELL CREEK,Wine,RNDC
85629,MAYCAS DEL LIMARI,Wine,RNDC
85629,MAYFLY,Wine,RNDC
85629,MAYOR DE CASTILLA,Wine,RNDC
85629,MAYORAL,Wine,RNDC
85629,MAYRO MURDICK,Wine,RNDC
85629,MAYU,Wine,RNDC
85629,MAZZEI,Wine,RNDC
85629,MAZZONI,Wine,RNDC
85629,MCBRIDE SISTERS COLLECTIONS,Wine,RNDC
85629,MCDOWELL VALLEY CELLARS,Wine,RNDC
85629,MCDOWELL VALLEY VINEYARDS,Wine,RNDC
85629,MCGUIGAN,Wine,RNDC
85629,MD 20/20,Wine,RNDC
85629,MEADOW MOON,Wine,RNDC
85629,MEADOWCREEK,Wine,RNDC
85629,MEANDERING MAZE,Wine,RNDC
85629,MEDICI ERMETE,Wine,RNDC
85629,MEDITRINA,Wine,RNDC
85629,MEDUSA,Wine,RNDC
85629,MEERLUST,Wine,RNDC
85629,MELINI,Wine,RNDC
85629,MEMBER'S MARK,Wine,RNDC
85629,MENAGE A TROIS,Wine,RNDC
85629,MENDEL,Wine,RNDC
85629,MENDELSON,Wine,RNDC
85629,MENDOCINO FOG,Wine,RNDC
85629,MENDOCINO VINEYARDS,Wine,RNDC
85629,MENDOCINO WINE COMPANY,Wine,RNDC
85629,MENDOZA NIGHTS,Wine,RNDC
85629,MENDOZA VINEYARDS,Wine,RNDC
85629,MENUISIER,Wine,RNDC
85629,MERCER,Wine,RNDC
85629,MERCER BROS,Wine,RNDC
85629,MERCER CANYONS,Wine,RNDC
85629,MERCER FAMILY VINEYARDS,Wine,RNDC
85629,MERF,Wine,RNDC
85629,MERIDIA SP,Wine,RNDC
85629,MERMAID WINERY,Wine,RNDC
85629,MERMOSA,Wine,RNDC
85629,MERRIAM VINEYARDS,Wine,RNDC
85629,MERRIER THAN EVER,Wine,RNDC
85629,MERRILY,Wine,RNDC
85629,"MERRY CHRISTMAS, CHERISHED MEMENTOS",Wine,RNDC
85629,MERRYVALE,Wine,RNDC
85629,MERUS,Wine,RNDC
85629,MESSENGERS OF NATURE,Wine,RNDC
85629,MESSER DEL FAUNO,Wine,RNDC
85629,METHOD,Wine,RNDC
85629,METIS,Wine,RNDC
85629,METRIA,Wine,RNDC
85629,METZ ROAD,Wine,RNDC
85629,MEZY,Wine,RNDC
85629,MEZZACORONA,Wine,RNDC
85629,MIA'S PLAYGROUND,Wine,RNDC
85629,MICHAEL DAVID WINERY,Wine,RNDC
85629,MICHAEL SERVIN,Wine,RNDC
85629,MICHEL LAROCHE,Wine,RNDC
85629,MICHEL LYNCH,Wine,RNDC
85629,MICHELE CASTELLANI,Wine,RNDC
85629,MICHELE CHIARLO,Wine,RNDC
85629,MICHELLE LOOSEN,Wine,RNDC
85629,MICKEY FINN'S,Wine,RNDC
85629,MIDDLE SISTER,Wine,RNDC
85629,MIDNIGHT BLACK,Wine,RNDC
85629,MIDNIGHT HOUR,Wine,RNDC
85629,MIEUX,Wine,RNDC
85629,MIGUEL AIME POUGET,Wine,RNDC
85629,MILAGRES,Wine,RNDC
85629,MILESTONE,Wine,RNDC
85629,MILFLORES,Wine,RNDC
85629,MILLE BOLLE,Wine,RNDC
85629,MILLE E UNA NOTTE,Wine,RNDC
85629,MILLE GRADI,Wine,RNDC
85629,MILLER FAMILY WINE COMPANY,Wine,RNDC
85629,MILLTON,Wine,RNDC
85629,MILTON CELLARS,Wine,RNDC
85629,MIMI'S HOUSE WINE,Wine,RNDC
85629,MIND & BODY,Wine,RNDC
85629,MINIMALISTA,Wine,RNDC
85629,MINUTE MAID SPIKED,Wine,RNDC
85629,MINUTY,Wine,RNDC
85629,MIONETTO,Wine,RNDC
85629,MIRABELLE CELLARS,Wine,RNDC
85629,MIRALTA,Wine,RNDC
85629,MIRIDIA,Wine,RNDC
85629,MISCHIEF & MAYHEM,Wine,RNDC
85629,MISS ANAIS,Wine,RNDC
85629,MISSING LINK,Wine,RNDC
85629,MISTERO,Wine,RNDC
85629,MISTLE TOE CELLARS,Wine,RNDC
85629,MISTLETOE MAGIC WINE COLLECTION,Wine,RNDC
85629,MISTURA UNICA,Wine,RNDC
85629,MISUTO,Wine,RNDC
85629,MITCHELL,Wine,RNDC
85629,MITSUTAKE,Wine,RNDC
85629,MIXED UP,Wine,RNDC
85629,MODERN CONTOUR,Wine,RNDC
85629,MODERN HOUSE WINE,Wine,RNDC
85629,MODERN MOTIF,Wine,RNDC
85629,MOET & CHANDON,Wine,RNDC
85629,MOGEN DAVID,Wine,RNDC
85629,MOLISSIMO,Wine,RNDC
85629,MOM WATER,Low Alcohol Beverage,RNDC
85629,MON FRERE WINERY,Wine,RNDC
85629,MONBELLO,Wine,RNDC
85629,MONBRISON,Wine,RNDC
85629,MONDORO,Wine,RNDC
85629,MONKEY BAY,Wine,RNDC
85629,MONOGAMY,Wine,RNDC
85629,MONROSSO,Wine,RNDC
85629,MONSANTO,Wine,RNDC
85629,MONSTER MASH,Wine,RNDC
85629,MONT ALBANO,Wine,RNDC
85629,MONTCADI,Wine,RNDC
85629,MONTE DE SERRA,Wine,RNDC
85629,MONTE FRASCATI,Wine,RNDC
85629,MONTE VANNOS,Wine,RNDC
85629,MONTECILLO,Wine,RNDC
85629,MONTEFIORE,Wine,RNDC
85629,MONTEGUELFO,Wine,RNDC
85629,MONTENISA,Wine,RNDC
85629,MONTEREY CANYON,Wine,RNDC
85629,MONTERUSTICO,Wine,RNDC
85629,MONTES,Wine,RNDC
85629,MONTESIERRA,Wine,RNDC
85629,MONTEVINA,Wine,RNDC
85629,MONTFOLLET LE VALENTIN,Wine,RNDC
85629,MONTGRAS,Wine,RNDC
85629,MONTHAVEN,Wine,RNDC
85629,MONTORO E SEVOLE,Wine,RNDC
85629,MOONSHADOW,Wine,RNDC
85629,MOORE CELLARS,Wine,RNDC
85629,MOOSE LAKE WINE CO,Wine,RNDC
85629,MOREY BLANC,Wine,RNDC
85629,MORGAN,Wine,RNDC
85629,MORLANDA,Wine,RNDC
85629,MORNING BIRD VINES,Wine,RNDC
85629,MORNING STAR,Wine,RNDC
85629,MORRO BAY VINEYARDS,Wine,RNDC
85629,MOSCABERRI,Wine,RNDC
85629,MOSCAMANGO,Wine,RNDC
85629,MOSCAPESCA,Wine,RNDC
85629,MOSCATINO,Wine,RNDC
85629,MOSCATO BELLA,Wine,RNDC
85629,MOSELLAND,Wine,RNDC
85629,MOSKETTO,Wine,RNDC
85629,MOTTO,Wine,RNDC
85629,MOULIN DE DUHART,Wine,RNDC
85629,MOULINET,Wine,RNDC
85629,MOUNT MAROMA,Wine,RNDC
85629,MOUNT NELSON,Wine,RNDC
85629,MOUNT PEAK WINERY,Wine,RNDC
85629,MOUNT VEEDER WINERY,Wine,RNDC
85629,MOUNTFORD ESTATE,Wine,RNDC
85629,MOVA,Wine,RNDC
85629,MOVENDO,Wine,RNDC
85629,MOVIA,Wine,RNDC
85629,MOZAIK,Wine,RNDC
85629,MOZAIK IT,Wine,RNDC
85629,MPX MAS DE MONISTROL,Wine,RNDC
85629,MT BEAUTIFUL,Wine,RNDC
85629,MT BRAVE,Wine,RNDC
85629,MT DIFFICULTY,Wine,RNDC
85629,MT FURY,Wine,RNDC
85629,MUCHO MAS,Wine,RNDC
85629,MULLAN ROAD CELLARS,Wine,RNDC
85629,MUMM CUVEE NAPA,Wine,RNDC
85629,MUMM NAPA,Wine,RNDC
85629,MUNDAKA,Wine,RNDC
85629,MURPHY GOODE,Wine,RNDC
85629,MURRIETA'S WELL,Wine,RNDC
85629,MUSE WINES,Wine,RNDC
85629,MUSIC FESTIVAL,Wine,RNDC
85629,MUTT LYNCH WINERY,Wine,RNDC
85629,MY 2 CENTS,Wine,RNDC
85629,MY FAVORITE NEIGHBOR,Wine,RNDC
85629,MYSTIC CLIFFS,Wine,RNDC
85629,MYSTIFIED,Wine,RNDC
85629,MYX FUSIONS,Wine,RNDC
85629,NACRILA,Wine,RNDC
85629,NADIA,Wine,RNDC
85629,NANDU,Wine,RNDC
85629,NAPA ANGEL,Wine,RNDC
85629,NAPA BY N A P A,Wine,RNDC
85629,NAPA CELLARS,Wine,RNDC
85629,NAPA CREST,Wine,RNDC
85629,NAPA RIDGE,Wine,RNDC
85629,NAPANOOK,Wine,RNDC
85629,NASIME,Wine,RNDC
85629,NATHANSON CREEK,Wine,RNDC
85629,NATIVA ECO WINES,Wine,RNDC
85629,NATURA,Wine,RNDC
85629,NATURA NOVAS MULTIPACK,Wine,RNDC
85629,NATURALIS,Wine,RNDC
85629,NAUTIGIRL,Wine,RNDC
85629,NAVARRO CORREAS,Wine,RNDC
85629,NAVELLE VINEYARDS,Wine,RNDC
85629,NECTAR VALLEY,Wine,RNDC
85629,NEIMAN MARCUS,Wine,RNDC
85629,NEIRANO,Wine,RNDC
85629,NELSON ESTATE,Wine,RNDC
85629,NEPENTHE,Wine,RNDC
85629,NEVIO,Wine,RNDC
85629,NEW HEIGHTS,Wine,RNDC
85629,NEW VAVIN,Wine,RNDC
85629,NEW YORK YANKEES,Wine,RNDC
85629,NEXT,Wine,RNDC
85629,NEYEN,Wine,RNDC
85629,NICK FALDO,Wine,RNDC
85629,NICKEL & NICKEL,Wine,RNDC
85629,NICKLAUS,Wine,RNDC
85629,NICKNAME,Wine,RNDC
85629,NICOLAS FEUILLATTE,Wine,RNDC
85629,NICOLAS JAY,Wine,RNDC
85629,NICOLAS JOLY,Wine,RNDC
85629,NIEBAUM ESTATE,Wine,RNDC
85629,NIELSON,Wine,RNDC
85629,NIETO SENETINER,Wine,RNDC
85629,NIGHT BIRD,Wine,RNDC
85629,NIGHT HARVEST,Wine,RNDC
85629,NIGHT LIGHTS,Wine,RNDC
85629,NIGHT OWL,Wine,RNDC
85629,NIGHT TO REMEMBER,Wine,RNDC
85629,NIGHTFALL AM,Wine,RNDC
85629,NIGHTFALL HU,Wine,RNDC
85629,NIGHTFALL SP,Wine,RNDC
85629,NIHON SAKARI,Wine,RNDC
85629,NIMBUS,Wine,RNDC
85629,NINE VINES,Wine,RNDC
85629,NINER WINE ESTATES,Wine,RNDC
85629,NINO FRANCO,Wine,RNDC
85629,NIPOZZANO,Wine,RNDC
85629,NIRO,Wine,RNDC
85629,NITA,Wine,RNDC
85629,NITTARDI,Wine,RNDC
85629,NO,Wine,RNDC
85629,NO PROB LLAMA,Wine,RNDC
85629,NO3,Wine,RNDC
85629,NOBILISSIMA,Wine,RNDC
85629,NOBILO,Wine,RNDC
85629,NOBLE OAK CELLARS,Wine,RNDC
85629,NOBLE VINES,Wine,RNDC
85629,NODUS,Wine,RNDC
85629,NOEL VERSET,Wine,RNDC
85629,NOGUCHI NAOHIKO,Wine,RNDC
85629,NOMADICA,Wine,RNDC
85629,NONCONFORMIST,Wine,RNDC
85629,NORTH WIND CN,Wine,RNDC
85629,NORTHSTAR WINERY,Wine,RNDC
85629,NOSTRO VINO,Wine,RNDC
85629,NOTABLE,Wine,RNDC
85629,NOTES CA,Wine,RNDC
85629,NOTTE ROSSA,Wine,RNDC
85629,NOVUM,Wine,RNDC
85629,NOVY,Wine,RNDC
85629,NOW AND ZEN,Wine,RNDC
85629,NOZZOLE,Wine,RNDC
85629,NXNW,Wine,RNDC
85629,O FILLO DA CONDESA,Wine,RNDC
85629,O MAR,Wine,RNDC
85629,O ORGANICS,Wine,RNDC
85629,O TERRA,Wine,RNDC
85629,O WINES,Wine,RNDC
85629,O' CONNOR'S,Wine,RNDC
85629,O'CONNERY'S,Wine,RNDC
85629,O'SULLIVAN'S,Wine,RNDC
85629,OAK CREEK,Wine,RNDC
85629,OAK LAKE,Wine,RNDC
85629,OAK LEAF VINEYARDS,Wine,RNDC
85629,OASIS VINEYARDS,Wine,RNDC
85629,OBERHOF WINE CELLARS,Wine,RNDC
85629,OBERON,Wine,RNDC
85629,OBSCURA,Wine,RNDC
85629,OBVIOUSLY,Wine,RNDC
85629,OCHAVADO,Wine,RNDC
85629,OCHO DOS DOS,Wine,RNDC
85629,OCTOPADA,Wine,RNDC
85629,ODD LOT,Wine,RNDC
85629,ODE COUPLE,Wine,RNDC
85629,ODFJELL,Wine,RNDC
85629,OGGI,Wine,RNDC
85629,OGV,Wine,RNDC
85629,OH ME OH MY MIMOSA,Wine,RNDC
85629,OLD COLONY,Wine,RNDC
85629,OLD FART'S WIFE,Wine,RNDC
85629,OLD WORLD PLAYER,Wine,RNDC
85629,OLD WORLD PLAYERS,Wine,RNDC
85629,OLDE SAVANNAH,Wine,RNDC
85629,OLIVER WINERY,Wine,RNDC
85629,OLIVIER BERNSTEIN,Wine,RNDC
85629,OLIVIER LEFLAIVE,Wine,RNDC
85629,OMAKA SPRINGS,Wine,RNDC
85629,ON THE ROCKS,Wine,RNDC
85629,ONCE UPON A TIME,Wine,RNDC
85629,ONCE UPON A VINE,Wine,RNDC
85629,ONE MILLION CUTTINGS,Wine,RNDC
85629,OOH LA LA,Wine,RNDC
85629,OOPS,Wine,RNDC
85629,OP BY OPERA PRIMA,Wine,RNDC
85629,OPAQUE,Wine,RNDC
85629,OPEN DOOR POLICY,Wine,RNDC
85629,OPEN RANCH,Wine,RNDC
85629,OPEN SKIES,Wine,RNDC
85629,OPERA PRIMA,Wine,RNDC
85629,OPERE TREVIGIANE,Wine,RNDC
85629,OPTIK,Wine,RNDC
85629,OPUS ONE,Wine,RNDC
85629,ORATORIO,Wine,RNDC
85629,ORBAIO,Wine,RNDC
85629,ORENO,Wine,RNDC
85629,ORIEL,Wine,RNDC
85629,ORIEL ALMA DE LLICORELLA,Wine,RNDC
85629,ORIEL COURANT,Wine,RNDC
85629,ORIGAMI,Wine,RNDC
85629,ORIGAMI SAKE,Wine,RNDC
85629,ORIN SWIFT CELLARS,Wine,RNDC
85629,ORNELLAIA,Wine,RNDC
85629,OROGENY,Wine,RNDC
85629,OROSZ GABOR,Wine,RNDC
85629,OROYA,Wine,RNDC
85629,ORTUGA,Wine,RNDC
85629,ORUBE,Wine,RNDC
85629,OSBORNE,Wine,RNDC
85629,OSMOSIS,Wine,RNDC
85629,OSOYOOS LAROSE,Wine,RNDC
85629,OTHELLO,Wine,RNDC
85629,OTHERS,Wine,RNDC
85629,OTONAL,Wine,RNDC
85629,OUI TU PEUX,Wine,RNDC
85629,OUR CELLARS,Wine,RNDC
85629,OURAGAN,Wine,RNDC
85629,OURO VERDE,Wine,RNDC
85629,OUTER SOUNDS,Wine,RNDC
85629,OUTERBOUND,Wine,RNDC
85629,OUTLIER,Wine,RNDC
85629,OVATION,Wine,RNDC
85629,OVERTURE,Wine,RNDC
85629,OVR,Wine,RNDC
85629,OZAWA SHUZO,Wine,RNDC
85629,Off Centre,Wine,RNDC
85629,P & P,Wine,RNDC
85629,P S GARCIA,Wine,RNDC
85629,PACIFIC GATE,Wine,RNDC
85629,PACIFIC HEIGHTS,Wine,RNDC
85629,PACIFIC RIM,Wine,RNDC
85629,PACIFICANA,Wine,RNDC
85629,PAGO CIMERA,Wine,RNDC
85629,PAGOS DE ANGUIX,Wine,RNDC
85629,PAHLMEYER,Wine,RNDC
85629,PAINTED GATE,Wine,RNDC
85629,PAINTED HILLS,Wine,RNDC
85629,PAINTER BRIDGE,Wine,RNDC
85629,PALACIOS REMONDO,Wine,RNDC
85629,PALAGETTO,Wine,RNDC
85629,PALAMON,Wine,RNDC
85629,PALAZZO,Wine,RNDC
85629,PALLONCINI,Wine,RNDC
85629,PALMER & CO,Wine,RNDC
85629,PALO ALTO,Wine,RNDC
85629,PAMPANO,Wine,RNDC
85629,PANDEMONIUM,Wine,RNDC
85629,PANICAUT,Wine,RNDC
85629,PANNONIA,Wine,RNDC
85629,PANTHERA,Wine,RNDC
85629,PAOLO TOSCANO,Wine,RNDC
85629,PAPER DREAMS,Wine,RNDC
85629,PAPI,Wine,RNDC
85629,PAPIO,Wine,RNDC
85629,PARACOMBE,Wine,RNDC
85629,PARADISE CELLARS,Wine,RNDC
85629,PARAMUS,Wine,RNDC
85629,PARANOIA,Wine,RNDC
85629,PARCELAS DE FAMILIA,Wine,RNDC
85629,PARTY SWEATER,Wine,RNDC
85629,PARXET,Wine,RNDC
85629,PASARICA,Wine,RNDC
85629,PASCAL JOLIVET,Wine,RNDC
85629,PASCAL LALLEMENT,Wine,RNDC
85629,PASCUAL TOSO,Wine,RNDC
85629,PASO CREEK,Wine,RNDC
85629,PASO HILLS VINEYARDS,Wine,RNDC
85629,PASSERELLES,Wine,RNDC
85629,PASTEL,Wine,RNDC
85629,PASTELLO,Wine,RNDC
85629,PASTOURELLE DE CLERC MILON,Wine,RNDC
85629,PATA NEGRA,Wine,RNDC
85629,PATRICK CLERGET,Wine,RNDC
85629,PATRICK LESEC,Wine,RNDC
85629,PATRIMONY,Wine,RNDC
85629,PATZ & HALL,Wine,RNDC
85629,PAUL CHENEAU,Wine,RNDC
85629,PAUL MAS,Wine,RNDC
85629,PAUL MASSON,Wine,RNDC
85629,PAYOFF,Wine,RNDC
85629,PAZO BARRANTES,Wine,RNDC
85629,PAZO CASTRELO,Wine,RNDC
85629,PAZO TORRE PENELAS,Wine,RNDC
85629,"PEACE LOVE & LIGHTS, CANDLES OF HOPE",Wine,RNDC
85629,PEACEFUL BEND VINEYARD,Wine,RNDC
85629,PEACEFUL FOREST,Wine,RNDC
85629,PEAK SEEKER,Wine,RNDC
85629,PEBBLE LANE,Wine,RNDC
85629,PECAN BLUSH,Wine,RNDC
85629,PELLEGRINO,Wine,RNDC
85629,PENA ROBLE,Wine,RNDC
85629,PENASCAL,Wine,RNDC
85629,PENNER ASH,Wine,RNDC
85629,PEPPER TREE,Wine,RNDC
85629,PEPPERWOOD GROVE,Wine,RNDC
85629,PERE ANSELME,Wine,RNDC
85629,PERE VENTURA,Wine,RNDC
85629,PERFORMER,Wine,RNDC
85629,PERIQUITA,Wine,RNDC
85629,PERLAPP,Wine,RNDC
85629,PERMASUR,Wine,RNDC
85629,PERREGRINE RIDGE,Wine,RNDC
85629,PERRIER JOUET,Wine,RNDC
85629,PERRIN + DOBBS VINEYARDS,Wine,RNDC
85629,PERRY'S,Wine,RNDC
85629,PERSEVERANCE,Wine,RNDC
85629,PERTARINGA,Wine,RNDC
85629,PERTINACE,Wine,RNDC
85629,PESCEVINO,Wine,RNDC
85629,PESSAGNO,Wine,RNDC
85629,PESSIMIST,Wine,RNDC
85629,PETALUMA,Wine,RNDC
85629,PETER YEALANDS,Wine,RNDC
85629,PETIT PAVEIL,Wine,RNDC
85629,PEYRASSOL,Wine,RNDC
85629,PFAFFL,Wine,RNDC
85629,PHARAON,Wine,RNDC
85629,PHIL LONG,Wine,RNDC
85629,PHILIP SHAW,Wine,RNDC
85629,PHILIPPONNAT,Wine,RNDC
85629,PHOTOGRAPH,Wine,RNDC
85629,PIAFF,Wine,RNDC
85629,PICCINI,Wine,RNDC
85629,PICCO,Wine,RNDC
85629,PICKET FENCE,Wine,RNDC
85629,PIEDRA DEL AGUILA,Wine,RNDC
85629,PIERRE & PAUL,Wine,RNDC
85629,PIERRE LE GRAND,Wine,RNDC
85629,PIERRE MAREY ET FILS,Wine,RNDC
85629,PIERRE MOREY,Wine,RNDC
85629,PIETRAMAGGIO,Wine,RNDC
85629,PIEVE SANTA RESTITUTA,Wine,RNDC
85629,PIGHIN,Wine,RNDC
85629,PIGNAN,Wine,RNDC
85629,PILCROW,Wine,RNDC
85629,PILEDRIVER,Wine,RNDC
85629,PINACULO,Wine,RNDC
85629,PINECROFT,Wine,RNDC
85629,PININFARINA,Wine,RNDC
85629,PINK & GOLD,Wine,RNDC
85629,PINK DREAMS,Wine,RNDC
85629,PINK POISE,Wine,RNDC
85629,PINK TRUCK,Wine,RNDC
85629,PINKY TRUCE,Wine,RNDC
85629,PINO,Wine,RNDC
85629,PINOPASSO,Wine,RNDC
85629,PINOT ENVY,Wine,RNDC
85629,PINOT EVIL,Wine,RNDC
85629,PINX SKINNY TO GO COCKTAILS,Wine,RNDC
85629,PIO CESARE,Wine,RNDC
85629,PIPER HEIDSIECK,Wine,RNDC
85629,PIPER SONOMA,Wine,RNDC
85629,PIPERS,Wine,RNDC
85629,PIQUE-NIQUE,Wine,RNDC
85629,PIRANHA,Wine,RNDC
85629,PITAGORA,Wine,RNDC
85629,PITARS,Wine,RNDC
85629,PKNT,Wine,RNDC
85629,PLACIDO,Wine,RNDC
85629,PLANET B,Wine,RNDC
85629,PLANET OREGON,Wine,RNDC
85629,PLANETA,Wine,RNDC
85629,PLATINO IT,Wine,RNDC
85629,PLATINO SP,Wine,RNDC
85629,PLATYPUS CREEK,Wine,RNDC
85629,PLAYA CANTINA,Wine,RNDC
85629,PLAYWRIGHT,Wine,RNDC
85629,PLUMERIA,Wine,RNDC
85629,PLUMLOCO,Wine,RNDC
85629,PLUMMY,Wine,RNDC
85629,PLUSH,Wine,RNDC
85629,PODERI MELINI,Wine,RNDC
85629,PODERNUOVO A PALAZZONE,Wine,RNDC
85629,POEMA,Wine,RNDC
85629,POESIA,Wine,RNDC
85629,POGGIO IL CASTELLARE,Wine,RNDC
85629,POGGIO SALVI DI MONTALCINO,Wine,RNDC
85629,POGGIO STELLA,Wine,RNDC
85629,POINT TAKEN,Wine,RNDC
85629,POISE,Wine,RNDC
85629,POL REMY,Wine,RNDC
85629,POL ROGER,Wine,RNDC
85629,POLLO PAZZO,Wine,RNDC
85629,POLVARO ORO,Wine,RNDC
85629,POMEGRANATE,Wine,RNDC
85629,POMELO,Wine,RNDC
85629,POMPITA,Wine,RNDC
85629,POOL HOUSE,Wine,RNDC
85629,POP THE TOP,Wine,RNDC
85629,POPCORN,Wine,RNDC
85629,POPCRUSH,Wine,RNDC
85629,POPPY MEADOW,Wine,RNDC
85629,PORCH SWING,Wine,RNDC
85629,PORTA PALO,Wine,RNDC
85629,PORTA VITA,Wine,RNDC
85629,PORTALE D'ASPRA,Wine,RNDC
85629,PORTE STE GERMAINE,Wine,RNDC
85629,PORTER & PLOT,Wine,RNDC
85629,PORTFOLIO,Wine,RNDC
85629,PORTILLO,Wine,RNDC
85629,PORTRAIT OF A WALLFLOWER,Wine,RNDC
85629,POST & BEAM,Wine,RNDC
85629,POST & PADDOCK,Wine,RNDC
85629,POUR DECISIONS,Wine,RNDC
85629,PRA DELLA LUNA,Wine,RNDC
85629,PRATS FRERES,Wine,RNDC
85629,PRAYERS OF SINNERS AND SAINTS,Wine,RNDC
85629,PREAMBULE,Wine,RNDC
85629,PRECARIOUS,Wine,RNDC
85629,PRECIOUS LIGHTS,Wine,RNDC
85629,PREDATOR,Wine,RNDC
85629,PRELIUS,Wine,RNDC
85629,PRELUDE A GRAND PUY DUCASSE,Wine,RNDC
85629,PREMIAT,Wine,RNDC
85629,PREMIUS,Wine,RNDC
85629,PREVAIL,Wine,RNDC
85629,PRIEURE SAINT COME,Wine,RNDC
85629,PRIMAL ROOTS,Wine,RNDC
85629,PRIME CUT 55,Wine,RNDC
85629,PRIMI,Wine,RNDC
85629,PRIMUS,Wine,RNDC
85629,PRINCE DE LYS,Wine,RNDC
85629,PRINCE HILL VINEYARDS,Wine,RNDC
85629,PRINCE MICHEL,Wine,RNDC
85629,PRINCE MICHEL DE LEON,Wine,RNDC
85629,PRINCE MICHEL DE NAPA,Wine,RNDC
85629,PRINCE MICHEL DE RAPIDAN,Wine,RNDC
85629,PRINCE MICHEL DE VIRGINIA,Wine,RNDC
85629,PRINCIPAL,Wine,RNDC
85629,PRINCIPATO,Wine,RNDC
85629,PRINCIPESSA GAVIA,Wine,RNDC
85629,PRINZ VON HESSEN,Wine,RNDC
85629,PRINZ VON PREUSSEN WEINELLEREI,Wine,RNDC
85629,PRIOR TERRAE,Wine,RNDC
85629,PROMINENCE,Wine,RNDC
85629,PROMISQOUS,Wine,RNDC
85629,PROPER ETIQUETTE,Wine,RNDC
85629,PROSIT NEUJAHR,Wine,RNDC
85629,PROSPERO,Wine,RNDC
85629,PROTEGE,Wine,RNDC
85629,PROVISIONS WINE COMPANY,Wine,RNDC
85629,PROXIMITY TWENTY SIX,Wine,RNDC
85629,PRUNOTTO,Wine,RNDC
85629,PSYCHE,Wine,RNDC
85629,PUBLIC RADIO,Wine,RNDC
85629,PUBLIX,Wine,RNDC
85629,PUENTE AUSTRAL,Wine,RNDC
85629,PUIATTI,Wine,RNDC
85629,PUJANZA,Wine,RNDC
85629,PUMPKIN SPICE,Wine,RNDC
85629,PUNTO NINO,Wine,RNDC
85629,PURA (CHILE),Wine,RNDC
85629,PURAMUN,Wine,RNDC
85629,PURE PLAY,Wine,RNDC
85629,PURE THE WINERY,Wine,RNDC
85629,PURE WINE PLEASURE,Wine,RNDC
85629,PUROS,Wine,RNDC
85629,PURPLE COWBOY,Wine,RNDC
85629,PYRAMID SCHEME,Wine,RNDC
85629,PYROS,Wine,RNDC
85629,Paper Boy,Wine,RNDC
85629,QUAIL CREEK,Wine,RNDC
85629,QUAIL VALLEY VINEYARDS,Wine,RNDC
85629,QUARA,Wine,RNDC
85629,QUATTRO THEORY,Wine,RNDC
85629,QUEEN'S GAMBIT,Wine,RNDC
85629,QUERCETO,Wine,RNDC
85629,QUERCIA AL POGGIO,Wine,RNDC
85629,QUEST,Wine,RNDC
85629,QUICKFIRE,Wine,RNDC
85629,QUINON DE VALMIRA,Wine,RNDC
85629,QUINTA COLLECTION VARIETY BOX,Wine,RNDC
85629,QUINTA DA AVELEDA,Wine,RNDC
85629,QUINTA DA GARRIDA,Wine,RNDC
85629,QUINTA DA ROMANEIRA,Wine,RNDC
85629,QUINTA DO ATAIDE,Wine,RNDC
85629,QUINTA DO CARMO,Wine,RNDC
85629,QUINTA DO NOVAL,Wine,RNDC
85629,QUINTA SARDONIA,Wine,RNDC
85629,QUINTARA,Wine,RNDC
85629,QUINTESSA,Wine,RNDC
85629,QUORUM,Wine,RNDC
85629,QUOTATION,Wine,RNDC
85629,R A MERRY,Wine,RNDC
85629,R H PHILLIPS VINEYARD,Wine,RNDC
85629,R J REED LTD,Wine,RNDC
85629,R2 WINE COMPANY,Wine,RNDC
85629,R37,Wine,RNDC
85629,RACER 68,Wine,RNDC
85629,RACINES,Wine,RNDC
85629,RACINES & TERROIRS,Wine,RNDC
85629,RAEBURN,Wine,RNDC
85629,RAGE,Wine,RNDC
85629,RAIA OR,Wine,RNDC
85629,RAILYARD WINES,Wine,RNDC
85629,RAINSTORM,Wine,RNDC
85629,RAMONA SINGER,Wine,RNDC
85629,RAMOS PINTO,Wine,RNDC
85629,RANCH 32,Wine,RNDC
85629,RANCH RIDER SPIRITS CO,Low Alcohol Beverage,RNDC
85629,RANCHO LA GLORIA,Wine,RNDC
85629,RANDALL BRIDGE,Wine,RNDC
85629,RANDALL MONROE,Wine,RNDC
85629,RANSOM,Wine,RNDC
85629,RAPIDAN RIVER,Wine,RNDC
85629,RARE NORTH,Wine,RNDC
85629,RASCAL,Wine,RNDC
85629,RASCALLY RABBIT,Wine,RNDC
85629,RATTI,Wine,RNDC
85629,RAVAGE,Wine,RNDC
85629,RAVAILLE ERMITAGE DU PIC ST LOUP,Wine,RNDC
85629,RAVANAL,Wine,RNDC
85629,RAVENSWOOD,Wine,RNDC
85629,RAY OF LIGHT,Wine,RNDC
85629,RAY'S CREEK VINEYARDS,Wine,RNDC
85629,RAYMI,Wine,RNDC
85629,RAYNE VIGNEAU,Wine,RNDC
85629,RAYS OF LIGHT,Wine,RNDC
85629,RAZA ARGENTINA,Wine,RNDC
85629,RAZA DOLCE,Wine,RNDC
85629,REAL WINE,Wine,RNDC
85629,REALEZA,Wine,RNDC
85629,REASON TO SPARKLE,Wine,RNDC
85629,REATA,Wine,RNDC
85629,REBEL COAST WINERY,Wine,RNDC
85629,REBEL WINE,Wine,RNDC
85629,REBELLIOUS,Wine,RNDC
85629,REBUSITY,Wine,RNDC
85629,RECANATI,Wine,RNDC
85629,RECIPROCITY,Wine,RNDC
85629,RECKLESS LOVE,Wine,RNDC
85629,RECKLESS LOVE WINES,Wine,RNDC
85629,RED BANDANA,Wine,RNDC
85629,RED DIAMOND,Wine,RNDC
85629,RED FLYER,Wine,RNDC
85629,RED GUITAR,Wine,RNDC
85629,RED SNAKE,Wine,RNDC
85629,RED TRUCK,Wine,RNDC
85629,RED VELVET BY CUPCAKE,Wine,RNDC
85629,REDBUD,Wine,RNDC
85629,REDCLIFFE,Wine,RNDC
85629,REDWOOD HIGHWAY,Wine,RNDC
85629,REFLECTION RIDGE,Wine,RNDC
85629,REFLECTIVE WINGS,Wine,RNDC
85629,REGALEALI,Wine,RNDC
85629,REGINATO,Wine,RNDC
85629,REGNARD,Wine,RNDC
85629,REINDEER RANCH,Wine,RNDC
85629,REJUVENATE,Wine,RNDC
85629,RELATIVE,Wine,RNDC
85629,RELAX,Wine,RNDC
85629,REMOLE,Wine,RNDC
85629,RENATO RATTI,Wine,RNDC
85629,RENE BARBIER,Wine,RNDC
85629,RENE DE LACRAY,Wine,RNDC
85629,RENE ROSTAING,Wine,RNDC
85629,RENWOOD,Wine,RNDC
85629,REPLICA,Wine,RNDC
85629,REPUBLIC OF WINE,Wine,RNDC
85629,RESERVE DE L'AUBE,Wine,RNDC
85629,RESERVE DE LA COMTESSE,Wine,RNDC
85629,RESERVE DES AULEINES,Wine,RNDC
85629,RESERVE DES BERTRANDS,Wine,RNDC
85629,RESERVE DES ROCHERS,Wine,RNDC
85629,RESERVE DU CHATEAU CROIX MOUTON,Wine,RNDC
85629,RESERVE ST MARTIN,Wine,RNDC
85629,RESONANCE,Wine,RNDC
85629,REST IN PEACE,Wine,RNDC
85629,RESTIVO,Wine,RNDC
85629,RESTORATION,Wine,RNDC
85629,RETRATO POR JEAN CLAUDE,Wine,RNDC
85629,RETRO REWIND,Wine,RNDC
85629,REVAH,Cider,RNDC
85629,REVAH,Wine,RNDC
85629,REVEL,Wine,RNDC
85629,REVELEE,Wine,RNDC
85629,REY DE COPAS,Wine,RNDC
85629,REYNOLDS VINEYARDS,Wine,RNDC
85629,RHIANNON,Wine,RNDC
85629,RHINEFLUR,Wine,RNDC
85629,RHUMBERO,Wine,RNDC
85629,RHUMBERTO,Wine,RNDC
85629,RIB SHACK,Wine,RNDC
85629,RIBOLI FAMILY VINEYARD,Wine,RNDC
85629,RICHARDS WILD IRISH ROSE,Wine,RNDC
85629,RICKSHAW,Wine,RNDC
85629,RIDDOCH,Wine,RNDC
85629,RIDE,Wine,RNDC
85629,RIDOLFI,Wine,RNDC
85629,RIGATONI,Wine,RNDC
85629,RIGHT HOOK,Wine,RNDC
85629,RIHAKU,Wine,RNDC
85629,RIMON WINERY,Wine,RNDC
85629,RING RING,Wine,RNDC
85629,RIO DULCE,Wine,RNDC
85629,RIO SECO,Wine,RNDC
85629,RIO VACA VINEYARDS,Wine,RNDC
85629,RIOJA VEGA,Wine,RNDC
85629,RIONDO,Wine,RNDC
85629,RIPARIAN,Wine,RNDC
85629,RISCAL 1860,Wine,RNDC
85629,RISERVA DELLA FAMIGLIA,Wine,RNDC
85629,RISQUE,Wine,RNDC
85629,RITUAL,Wine,RNDC
85629,RIUNITE,Wine,RNDC
85629,RIVA DE LA ROSA,Wine,RNDC
85629,RIVEFORT DE FRANCE,Wine,RNDC
85629,RIVERA,Wine,RNDC
85629,RNR,Wine,RNDC
85629,ROAMER,Wine,RNDC
85629,ROARING MEG,Wine,RNDC
85629,ROBERT AUGUST,Wine,RNDC
85629,ROBERT DE NOLA,Wine,RNDC
85629,ROBERT MONDAVI,Wine,RNDC
85629,ROBERT OATLEY,Wine,RNDC
85629,ROBERT PEPI,Wine,RNDC
85629,ROBERT SKALLI,Wine,RNDC
85629,ROC DE L'ABBAYE,Wine,RNDC
85629,ROC DES BOUTIRES,Wine,RNDC
85629,ROCCA DELLE MACIE,Wine,RNDC
85629,ROCHE GUILHEM,Wine,RNDC
85629,ROCHIOLI,Wine,RNDC
85629,ROCINANTE,Wine,RNDC
85629,ROCK RABBIT,Wine,RNDC
85629,ROCKBARE,Wine,RNDC
85629,ROCKET WINERY,Wine,RNDC
85629,ROCO,Wine,RNDC
85629,RODNEY STRONG,Wine,RNDC
85629,ROEDERER ESTATE,Wine,RNDC
85629,ROESSLER,Wine,RNDC
85629,ROGER LASSARAT,Wine,RNDC
85629,ROKU,Wine,RNDC
85629,ROLLING,Wine,RNDC
85629,ROLLING HISTORY,Wine,RNDC
85629,ROMAIN DUVERNAY,Wine,RNDC
85629,ROMAN COPPOLA RESERVE,Wine,RNDC
85629,ROMBAUER VINEYARDS,Wine,RNDC
85629,ROMEL,Wine,RNDC
85629,ROOT & RUBBLE,Wine,RNDC
85629,ROOT 66,Wine,RNDC
85629,ROOT AND VINE,Wine,RNDC
85629,ROQUATELLE,Wine,RNDC
85629,ROSA OBSCURA,Wine,RNDC
85629,ROSARIO VERA,Wine,RNDC
85629,ROSATELLO,Wine,RNDC
85629,ROSCATO,Wine,RNDC
85629,ROSE ALL DAY,Wine,RNDC
85629,ROSE BAE,Wine,RNDC
85629,ROSE D'ENFER,Wine,RNDC
85629,ROSE D'OR,Wine,RNDC
85629,ROSE DE LA SOLITUDE,Wine,RNDC
85629,ROSEBLOOD D'ESTOUBLON,Wine,RNDC
85629,ROSEHAVEN,Wine,RNDC
85629,ROSELLE,Wine,RNDC
85629,ROSENBLUM CELLARS,Wine,RNDC
85629,ROSSO & BIANCO,Wine,RNDC
85629,ROSSO FIORENTINO,Wine,RNDC
85629,ROTARI,Wine,RNDC
85629,ROTEM & MOUNIR SAOUMA,Wine,RNDC
85629,ROTH ESTATE,Wine,RNDC
85629,ROTHBURY ESTATE,Wine,RNDC
85629,ROUGH DAY,Wine,RNDC
85629,ROUND HILL,Wine,RNDC
85629,ROUND POND ESTATE,Wine,RNDC
85629,ROUNDHOUSE,Wine,RNDC
85629,ROUTE 99,Wine,RNDC
85629,ROUTESTOCK,Wine,RNDC
85629,ROW BY ROW,Wine,RNDC
85629,ROWEN,Wine,RNDC
85629,ROXANNE,Wine,RNDC
85629,ROYAL,Wine,RNDC
85629,ROYAL OAKS RANCH,Wine,RNDC
85629,ROYAL OYSTER,Wine,RNDC
85629,ROYAL POST,Wine,RNDC
85629,ROYAL PRINCE,Wine,RNDC
85629,ROYAL TOKAJI,Wine,RNDC
85629,ROYALE,Wine,RNDC
85629,RUBICON ESTATE,Wine,RNDC
85629,RUFFINO,Wine,RNDC
85629,RUINART,Wine,RNDC
85629,RUNNYMEDE,Wine,RNDC
85629,RUSACK,Wine,RNDC
85629,RUSSIAN STANDARD,Low Alcohol Beverage,RNDC
85629,RUST EN VREDE,Wine,RNDC
85629,RUTHERFORD ESTATE CELLARS,Wine,RNDC
85629,RUTHERFORD HILL,Wine,RNDC
85629,RUTHERFORD RANCH,Wine,RNDC
85629,RUTHERFORD WINE COMPANY,Wine,RNDC
85629,RYDER ESTATE,Wine,RNDC
85629,RYOKO,Wine,RNDC
85629,S A PRUM,Wine,RNDC
85629,SABER,Wine,RNDC
85629,SABLES D'AZUR,Wine,RNDC
85629,SABOTAGE,Wine,RNDC
85629,SACCARDI,Wine,RNDC
85629,SACRED HILL,Wine,RNDC
85629,SACRIFICIAL JOURNEY,Wine,RNDC
85629,SADDLE MOUNTAIN,Wine,RNDC
85629,SADDLEWORTH HILLS,Wine,RNDC
85629,SAINT CLAIR FAMILY ESTATE,Wine,RNDC
85629,SAINT SPRITZ,Wine,RNDC
85629,SAKURA,Wine,RNDC
85629,SALENTEIN,Wine,RNDC
85629,SALEYA,Wine,RNDC
85629,SALMON CREEK,Wine,RNDC
85629,SALMON HARBOR,Wine,RNDC
85629,SALMON'S LEAP,Wine,RNDC
85629,SALMOS,Wine,RNDC
85629,SALNEVAL,Wine,RNDC
85629,SALTY BLONDE,Wine,RNDC
85629,SALVANZA,Wine,RNDC
85629,SALVARE,Wine,RNDC
85629,SALVIANO,Wine,RNDC
85629,SAMUEL SMITH'S,Cider,RNDC
85629,SAN ANGELO,Wine,RNDC
85629,SAN ANTONIO,Wine,RNDC
85629,SAN ANTONIO WINERY,Wine,RNDC
85629,SAN LEON,Wine,RNDC
85629,SAN MICHELE,Wine,RNDC
85629,SAN PATRIGNANO,Wine,RNDC
85629,SAN PEDRO,Wine,RNDC
85629,SAN SIMEON,Wine,RNDC
85629,SANDALFORD,Wine,RNDC
85629,SANDARA,Wine,RNDC
85629,SANDEMAN,Wine,RNDC
85629,SANDHOLDT,Wine,RNDC
85629,SANFORD,Wine,RNDC
85629,SANTA ALICIA,Wine,RNDC
85629,SANTA ANITA,Wine,RNDC
85629,SANTA CRISTINA,Wine,RNDC
85629,SANTA DUC,Wine,RNDC
85629,SANTA EMA,Wine,RNDC
85629,SANTA FLORENTINA,Wine,RNDC
85629,SANTA GABRIELA,Wine,RNDC
85629,SANTA MARGHERITA,Wine,RNDC
85629,SANTA MARINA,Wine,RNDC
85629,SANTA MARTINA,Wine,RNDC
85629,SANTA RITA,Wine,RNDC
85629,SANTA ROSA,Wine,RNDC
85629,SANTA SOFIA,Wine,RNDC
85629,SANTANA,Wine,RNDC
85629,SANTO IT,Wine,RNDC
85629,SANTONINO,Wine,RNDC
85629,SANTOS,Wine,RNDC
85629,SANTOS SANGRIA,Wine,RNDC
85629,SANZENO,Wine,RNDC
85629,SAPIENS,Wine,RNDC
85629,SARACINA,Wine,RNDC
85629,SARGET DE GRUAUD LAROSE,Wine,RNDC
85629,SARTORI,Wine,RNDC
85629,SASSOREGALE,Wine,RNDC
85629,SATURDAY RED,Wine,RNDC
85629,SAUCE,Wine,RNDC
85629,SAUVETAGE,Wine,RNDC
85629,SAVE ME SAN FRANCISCO,Wine,RNDC
85629,SAVED,Wine,RNDC
85629,SAVONA,Wine,RNDC
85629,SAWMILL CREEK,Wine,RNDC
85629,SCARLET VINE,Wine,RNDC
85629,SCATTERED PEAKS,Wine,RNDC
85629,SCHARFFENBERGER,Wine,RNDC
85629,SCHEID VINEYARDS,Wine,RNDC
85629,SCHEUER VINEYARDS,Wine,RNDC
85629,SCHLOSS JOHANNISBERG,Wine,RNDC
85629,SCHLOSS REINHARTSHAUSEN,Wine,RNDC
85629,SCHLOSS VOLLRADS,Wine,RNDC
85629,SCHMITT SCHENK,Wine,RNDC
85629,SCHMITT SOHNE,Wine,RNDC
85629,SCHMITT SOHNE FAMILY WINES,Wine,RNDC
85629,SCHMITT SOHNE WINES,Wine,RNDC
85629,SCHRADER,Wine,RNDC
85629,SCHRAMSBERG,Wine,RNDC
85629,SCHUCKS,Wine,RNDC
85629,SCOTT FAMILY ESTATE,Wine,RNDC
85629,SCOUT WILD,Wine,RNDC
85629,SCREW KAPPA NAPA,Wine,RNDC
85629,SEA MONSTER,Wine,RNDC
85629,SEA PHANTOM,Wine,RNDC
85629,SEA RIDGE,Wine,RNDC
85629,SEA SIREN,Wine,RNDC
85629,SEA WAVE,Wine,RNDC
85629,SEAGLASS,Wine,RNDC
85629,SEASON'S TWEETINGS,Wine,RNDC
85629,SEAVIEW,Wine,RNDC
85629,SEAWORTH,Wine,RNDC
85629,SEBASTIANI,Wine,RNDC
85629,SECCO IT,Wine,RNDC
85629,SECLUDED RETREAT,Wine,RNDC
85629,SECRET DE FAMILLE,Wine,RNDC
85629,SECRET DOOR,Wine,RNDC
85629,SECRETS REVEALED,Wine,RNDC
85629,SEDIMENTARY,Wine,RNDC
85629,SEEBERGER,Wine,RNDC
85629,SEEK & ESCAPE,Wine,RNDC
85629,SEGURA VIUDAS,Wine,RNDC
85629,SEIGNEUR DE LA TOUR,Wine,RNDC
85629,SEIKYO,Wine,RNDC
85629,SEIN,Wine,RNDC
85629,SELAKS,Wine,RNDC
85629,SELECTION RENE MANUEL,Wine,RNDC
85629,SELLA & MOSCA,Wine,RNDC
85629,SEMBRA UNA VESPA,Wine,RNDC
85629,SENKIN SAKE BREWERY CO,Wine,RNDC
85629,SENORIO DE LA ANTIGUA,Wine,RNDC
85629,SENORIO DE LOS LLANOS,Wine,RNDC
85629,SENTIDO DE BORO,Wine,RNDC
85629,SEPPELT,Wine,RNDC
85629,SEQUIN,Wine,RNDC
85629,SEQUOIA GROVE,Wine,RNDC
85629,SEQURA VIUDAS,Wine,RNDC
85629,SERAFINI & VIDOTTO,Wine,RNDC
85629,SERENITA BELLA,Wine,RNDC
85629,SERIAL WINES,Wine,RNDC
85629,SERIE IMPAR,Wine,RNDC
85629,SERVE,Wine,RNDC
85629,SESSHU OTOKOYAMA,Wine,RNDC
85629,SETTESOLI,Wine,RNDC
85629,SETTING SUN,Wine,RNDC
85629,SETTLEMENT,Wine,RNDC
85629,SEURIN,Wine,RNDC
85629,SEVEN,Wine,RNDC
85629,SEVEN DAUGHTERS,Wine,RNDC
85629,SEVEN FALLS,Wine,RNDC
85629,SEVEN SISTERS,Wine,RNDC
85629,SEVEN SUNS,Wine,RNDC
85629,SEVENTH MOON,Wine,RNDC
85629,SEVILLANA,Wine,RNDC
85629,SHADES,Wine,RNDC
85629,SHADES OF BLUE,Wine,RNDC
85629,SHADOW CREEK CELLARS,Wine,RNDC
85629,SHADOW DANCE,Wine,RNDC
85629,SHADOW HILL,Wine,RNDC
85629,SHADOW SHOW,Wine,RNDC
85629,SHANIA,Wine,RNDC
85629,SHARK TRUST,Wine,RNDC
85629,SHATTER,Wine,RNDC
85629,SHAYA,Wine,RNDC
85629,SHEEP STATION,Wine,RNDC
85629,SHEEP THRILLS,Wine,RNDC
85629,SHICHI HON YARI,Wine,RNDC
85629,SHIMIZU NO MAI,Wine,RNDC
85629,SHIMMIN CANYON VINEYARD,Wine,RNDC
85629,SHINING HILL,Wine,RNDC
85629,SHIOKAWA,Wine,RNDC
85629,SHIRAKAWAGO,Wine,RNDC
85629,SHIRAYUKI,Wine,RNDC
85629,SHO CHIKU BAI,Wine,RNDC
85629,SHOOTING STAR,Wine,RNDC
85629,SHORESIDE,Wine,RNDC
85629,SHOTTY'S,Wine,RNDC
85629,SICANI,Wine,RNDC
85629,SICHEL,Wine,RNDC
85629,SIDE BY SIDE,Wine,RNDC
85629,SIDECAR,Wine,RNDC
85629,SIDERAL,Wine,RNDC
85629,SIELO BLU,Wine,RNDC
85629,SIEPI,Wine,RNDC
85629,SIERRA MADRE VINEYARD,Wine,RNDC
85629,SIERRA SANGRIA,Wine,RNDC
85629,SIGN OF THE TIMES,Wine,RNDC
85629,SIGNAL RIDGE,Wine,RNDC
85629,SIGNATERRA,Wine,RNDC
85629,SIGNATURE RESERVE CELLARS,Wine,RNDC
85629,SIGNOR LUNA,Wine,RNDC
85629,SIGNOS DE ORIGEN,Wine,RNDC
85629,SILENT HUNTER,Wine,RNDC
85629,SILK & SPICE,Wine,RNDC
85629,SILTERRA,Wine,RNDC
85629,SILVER BIRCH,Wine,RNDC
85629,SILVER BUCKLE CELLARS,Wine,RNDC
85629,SILVER GATE,Wine,RNDC
85629,SILVER OAK,Wine,RNDC
85629,SILVER PALM,Wine,RNDC
85629,SILVER RAVEN,Wine,RNDC
85629,SILVER TOTEM,Wine,RNDC
85629,SILVERADO VINEYARDS,Wine,RNDC
85629,SIMI,Wine,RNDC
85629,SIMONETTE,Wine,RNDC
85629,SIMPLE,Wine,RNDC
85629,SIMPLY FRUIT,Wine,RNDC
85629,SIMPLY NAKED,Wine,RNDC
85629,SINCERITY,Wine,RNDC
85629,SINEGAL,Wine,RNDC
85629,SINO DA ROMANEIRA,Wine,RNDC
85629,SIP 'N SAMPLE,Wine,RNDC
85629,SIP'N WITH BLITZEN,Wine,RNDC
85629,SIPPIN SPARKS,Wine,RNDC
85629,SIRENA DEL MARE,Wine,RNDC
85629,SIRIUS,Wine,RNDC
85629,SIRSELL,Wine,RNDC
85629,SISTER MOON,Wine,RNDC
85629,SITRAL,Wine,RNDC
85629,SIX DEGREES,Wine,RNDC
85629,SIX STRING,Wine,RNDC
85629,SIXTO,Wine,RNDC
85629,SIXTY-FIVE & BROAD,Wine,RNDC
85629,SKALLI DUPUIS 1920 GRAND VIN DU RHONE,Wine,RNDC
85629,SKELETON,Wine,RNDC
85629,SKINNYGIRL,Wine,RNDC
85629,SKULL & BONES,Wine,RNDC
85629,SKY'S THE LIMIT,Wine,RNDC
85629,SKYFAIR,Wine,RNDC
85629,SLAM DUNK,Wine,RNDC
85629,SLOTH,Wine,RNDC
85629,SLOW CHURN,Wine,RNDC
85629,SLOW DANCER,Wine,RNDC
85629,SLOW PRESS,Wine,RNDC
85629,SLS,Wine,RNDC
85629,SLY AS A FOX,Wine,RNDC
85629,SMASHBERRY,Wine,RNDC
85629,SMASHED GRAPES,Wine,RNDC
85629,SMG CELLARS,Wine,RNDC
85629,SMIRNOFF SINGLES,Wine,RNDC
85629,SMITH & HOOK,Wine,RNDC
85629,SMITH & PERRY,Wine,RNDC
85629,SNAP DRAGON,Wine,RNDC
85629,SNOQUALMIE VINEYARDS,Wine,RNDC
85629,SNOW CRYSTALS,Wine,RNDC
85629,SNOW DOVE,Wine,RNDC
85629,SNOW FLURRIES,Wine,RNDC
85629,SNOW FORT,Wine,RNDC
85629,SNOW FUN,Wine,RNDC
85629,SNOW MUCH FUN,Wine,RNDC
85629,SNOWFLAKE DANCE,Wine,RNDC
85629,SNOWFLAKE ENCORE,Wine,RNDC
85629,SNOWY VILLAGE,Wine,RNDC
85629,SNUGGLE SEASON,Wine,RNDC
85629,SO VIN SE,Wine,RNDC
85629,SOC AGR COLLI ASOLANI DE BEDIN ENRICO,Wine,RNDC
85629,SOCIAL ENJOYMENTS,Wine,RNDC
85629,SOCIOLOGIE,Wine,RNDC
85629,SOFFIATO VIA,Wine,RNDC
85629,SOFFOCONE DI VINCIGLIATA,Wine,RNDC
85629,SOFIA,Wine,RNDC
85629,SOIREE SIPPER,Wine,RNDC
85629,SOKOL BLOSSER,Wine,RNDC
85629,SOL DE IBIZA,Wine,RNDC
85629,SOL RIO,Wine,RNDC
85629,SOLA,Wine,RNDC
85629,SOLA  SP,Wine,RNDC
85629,SOLANES,Wine,RNDC
85629,SOLAR DE LA VEGA,Wine,RNDC
85629,SOLAR PLEXUS,Wine,RNDC
85629,SOLEIL,Wine,RNDC
85629,SOLEN,Wine,RNDC
85629,SOLEO,Wine,RNDC
85629,SOLINE,Wine,RNDC
85629,SOLIVINO,Wine,RNDC
85629,SOLLETICO,Wine,RNDC
85629,SOLMAYOR,Wine,RNDC
85629,SOLO REFLECTION,Wine,RNDC
85629,SOLO REFLECTIONS,Wine,RNDC
85629,SOLOMON HILLS,Wine,RNDC
85629,SOLSTONE ESTATE,Wine,RNDC
85629,SOME WINE,Wine,RNDC
85629,SONGBIRD DUET,Wine,RNDC
85629,SONGS ABOUT WINTER,Wine,RNDC
85629,SONJA,Wine,RNDC
85629,SONOMA CREST,Wine,RNDC
85629,SONOMA HILL VINEYARDS,Wine,RNDC
85629,SONOMA HILLS,Wine,RNDC
85629,SONOMA RANCHES,Wine,RNDC
85629,SONOMA VINEYARDS,Wine,RNDC
85629,SONOROSO,Wine,RNDC
85629,SOPHENIA,Wine,RNDC
85629,SOPHIE BARON,Wine,RNDC
85629,SOPHIE'S CELLARS,Wine,RNDC
85629,SOPRA SOTTO,Wine,RNDC
85629,SOTER VINEYARDS,Wine,RNDC
85629,SOTO,Wine,RNDC
85629,SOTO DE TORRES,Wine,RNDC
85629,SOUL MATE,Wine,RNDC
85629,SOUL OF THE SUN,Wine,RNDC
85629,SOULFUL SMILE,Wine,RNDC
85629,SOUND AND FURY,Wine,RNDC
85629,SOUR SHOT,Wine,RNDC
85629,SOUTHERN POINT,Wine,RNDC
85629,SOUTHWEST WINES,Wine,RNDC
85629,SPACE AGE,Wine,RNDC
85629,SPACE COWBOY,Wine,RNDC
85629,SPADINA,Wine,RNDC
85629,SPALLETTI,Wine,RNDC
85629,SPANISH SONS,Wine,RNDC
85629,SPANISH VINES,Wine,RNDC
85629,SPARKLE HOUSE,Wine,RNDC
85629,SPARKLING CHEERS,Wine,RNDC
85629,SPARKLING MAGIC,Wine,RNDC
85629,SPARKLING ORNAMENT,Wine,RNDC
85629,SPARKLING SPLENDOR,Wine,RNDC
85629,SPASSO,Wine,RNDC
85629,SPECIAL SELECTION BY CUPCAKE VINEYARDS,Wine,RNDC
85629,SPECIALYST,Wine,RNDC
85629,SPELLBOUND,Wine,RNDC
85629,SPHERE,Wine,RNDC
85629,SPIN THE BOTTLE,Wine,RNDC
85629,SPLENDID,Wine,RNDC
85629,SPLINTER PARTNERS,Wine,RNDC
85629,SPOKEN BARREL,Wine,RNDC
85629,SPRING MOUNTAIN VINEYARD,Wine,RNDC
85629,SPRING VALLEY VINEYARD,Wine,RNDC
85629,SPRINTER,Low Alcohol Beverage,RNDC
85629,SPRITZ DEL CONTE,Wine,RNDC
85629,SPRITZATTO,Wine,RNDC
85629,SPYGLASS,Wine,RNDC
85629,ST ANDREW'S WINERY,Wine,RNDC
85629,ST ARMEL,Low Alcohol Beverage,RNDC
85629,ST CLAIR WINERY,Wine,RNDC
85629,ST FRANCIS,Wine,RNDC
85629,ST GEORGS,Wine,RNDC
85629,ST LORENZ,Wine,RNDC
85629,ST SUPERY,Wine,RNDC
85629,STACK WINES,Wine,RNDC
85629,STACKS & STONES,Wine,RNDC
85629,STAG'S LEAP WINE CELLARS,Wine,RNDC
85629,STALKING HORSE,Wine,RNDC
85629,STAR BRIGHT,Wine,RNDC
85629,STARK RAVING,Wine,RNDC
85629,STARLIGHT,Wine,RNDC
85629,STARLIGHT WONDER,Wine,RNDC
85629,STARMONT,Wine,RNDC
85629,STASH,Wine,RNDC
85629,STATELAND CELLARS,Wine,RNDC
85629,STAY AT GNOME PARENTS,Wine,RNDC
85629,STEADY STATE,Wine,RNDC
85629,STEELE WINES,Wine,RNDC
85629,STEELHEAD,Wine,RNDC
85629,STEEP RIDGE,Wine,RNDC
85629,STEEP'D,Wine,RNDC
85629,STEIL,Wine,RNDC
85629,STEILLAGE,Wine,RNDC
85629,STELLA & HENRY,Wine,RNDC
85629,STELLA ROSA,Wine,RNDC
85629,STELLA ROYALE,Wine,RNDC
85629,STELLAR ORGANICS,Wine,RNDC
85629,STELVIO,Wine,RNDC
85629,STEMMARI,Wine,RNDC
85629,STEPHANE AVIRON,Wine,RNDC
85629,STICKS,Wine,RNDC
85629,STIMSON ESTATE CELLARS,Wine,RNDC
85629,STLTO,Wine,RNDC
85629,STOKES' GHOST,Wine,RNDC
85629,STOLLER,Wine,RNDC
85629,STOLLER FAMILY ESTATE,Wine,RNDC
85629,STOLLER SWING,Wine,RNDC
85629,STOMPING GROUND,Wine,RNDC
85629,STONE BARN VINEYARDS,Wine,RNDC
85629,STONE CELLARS,Wine,RNDC
85629,STONE CREEK,Wine,RNDC
85629,STONE FLY VINEYARD,Wine,RNDC
85629,STONE HORSE CELLARS,Wine,RNDC
85629,STONE'S ORIGINAL GINGER,Wine,RNDC
85629,STONEGATE,Wine,RNDC
85629,STONEHAVEN,Wine,RNDC
85629,STONELEIGH,Wine,RNDC
85629,STONESTREET,Wine,RNDC
85629,STONIER,Wine,RNDC
85629,STONY HILL VINEYARD,Wine,RNDC
85629,STONYBROOK VINEYARDS,Wine,RNDC
85629,STORMHOEK,Wine,RNDC
85629,STORY BEGINS,Wine,RNDC
85629,STRACCALI,Wine,RNDC
85629,STRAWBERRY FIELDS,Wine,RNDC
85629,STRUGGLING DEEP ROOTS,Wine,RNDC
85629,STRUT KING,Wine,RNDC
85629,STRUTTURA,Wine,RNDC
85629,STUMBLING GOAT,Wine,RNDC
85629,STURDY FOUNDATION,Wine,RNDC
85629,SU YUEN,Wine,RNDC
85629,SUBSTANCE,Wine,RNDC
85629,SUENO,Wine,RNDC
85629,SUFER GIRL,Wine,RNDC
85629,SUGAR REEF,Wine,RNDC
85629,SUMMER PEACH,Wine,RNDC
85629,SUMMER WATER,Wine,RNDC
85629,SUMMERLAND WINERY,Wine,RNDC
85629,SUMMIT,Wine,RNDC
85629,SUN SOAKED,Wine,RNDC
85629,SUNDAY FUNDAY,Wine,RNDC
85629,SUNNY WITH A CHANCE OF FLOWERS,Wine,RNDC
85629,SUNSEEKER,Wine,RNDC
85629,SUNSET PEAK,Wine,RNDC
85629,SUNSET SOCIAL,Wine,RNDC
85629,SURF POINT,Wine,RNDC
85629,SURF SWIM,Wine,RNDC
85629,SURFER GIRL,Wine,RNDC
85629,SUTTER HOME,Wine,RNDC
85629,SUVOROV VIN,Wine,RNDC
85629,SWANSON VINEYARDS,Wine,RNDC
85629,SWASHBUCKLER,Wine,RNDC
85629,SWEET MARIE,Wine,RNDC
85629,SWEET WINES LIMITED,Wine,RNDC
85629,SWIFT DIVE,Wine,RNDC
85629,SXS,Wine,RNDC
85629,SYCAMORE LANE,Wine,RNDC
85629,SYMPHONIE MAISON SAINTE MARGUERITE,Wine,RNDC
85629,SYNTHESIS,Wine,RNDC
85629,TABALI,Wine,RNDC
85629,TABLAO,Wine,RNDC
85629,TAHBILK,Wine,RNDC
85629,TAIHEIKAI,Wine,RNDC
85629,TAILLAN,Wine,RNDC
85629,TAILOR MADE,Wine,RNDC
85629,TAILWINDS,Wine,RNDC
85629,TAITTINGER,Wine,RNDC
85629,TAKANO BREWERY,Wine,RNDC
85629,TAKARA,Wine,RNDC
85629,TAKATENJIN,Wine,RNDC
85629,TAKE A WINE ADVENTURE,Wine,RNDC
85629,TAKEN,Wine,RNDC
85629,TALAMONTI,Wine,RNDC
85629,TALL DARK STRANGER,Wine,RNDC
85629,TALL HORSE,Wine,RNDC
85629,TALL TALES,Wine,RNDC
85629,TALOMAS,Wine,RNDC
85629,TALTARNI,Wine,RNDC
85629,TALUS,Wine,RNDC
85629,TALUS CELLARS,Wine,RNDC
85629,TALUS COLLECTION,Wine,RNDC
85629,TAMANOHIKARI,Wine,RNDC
85629,TAMARI,Wine,RNDC
85629,TANGENT,Wine,RNDC
85629,TANGLEY OAKS,Wine,RNDC
85629,TANTERRA,Wine,RNDC
85629,TAPANAPPA,Wine,RNDC
85629,TAPENA,Wine,RNDC
85629,TAPIZ,Wine,RNDC
85629,TAPROOT,Wine,RNDC
85629,TARANTULA,Low Alcohol Beverage,RNDC
85629,TARGET ADVENT 2022,Wine,RNDC
85629,TARRAWATTA,Wine,RNDC
85629,TARSUS,Wine,RNDC
85629,TASTE,Wine,RNDC
85629,TASTE THE TRUTH,Wine,RNDC
85629,TASTY,Wine,RNDC
85629,TATACHILLA,Wine,RNDC
85629,TATENOKAWA,Wine,RNDC
85629,TATIE,Wine,RNDC
85629,TAUB FAMILY VINEYARDS,Wine,RNDC
85629,TAVERNELLE,Wine,RNDC
85629,TAVOLO MATTO,Wine,RNDC
85629,TAYLOR,Wine,RNDC
85629,TAYLOR CALIFORNIA CELLARS,Wine,RNDC
85629,TAYLOR COUNTRY CELLARS,Wine,RNDC
85629,TAYLOR FLADGATE,Wine,RNDC
85629,TAZ,Wine,RNDC
85629,TE MATA ESTATE,Wine,RNDC
85629,TECHNIQUE,Wine,RNDC
85629,TELEGRAPH HILL VINEYARDS,Wine,RNDC
85629,TEMPLO,Wine,RNDC
85629,TEMPRA TANTRUM,Wine,RNDC
85629,TEMPUS TWO,Wine,RNDC
85629,TEN TO LIFE,Wine,RNDC
85629,TENBU,Wine,RNDC
85629,TENET,Wine,RNDC
85629,TENRYO,Wine,RNDC
85629,TENSLEY,Wine,RNDC
85629,TENUTA CASENUOVE,Wine,RNDC
85629,TENUTA CASTELBUONO,Wine,RNDC
85629,TENUTA DEL TERRICCIO,Wine,RNDC
85629,TENUTA DI ARCENO,Wine,RNDC
85629,TENUTA DI BISERNO,Wine,RNDC
85629,TENUTA DI CEPPAIANO,Wine,RNDC
85629,TENUTA DI GHIZZANO,Wine,RNDC
85629,TENUTA LA NOVELLA,Wine,RNDC
85629,TENUTA PERANO,Wine,RNDC
85629,TENUTA POLVARO,Wine,RNDC
85629,TENUTA REGALEALI,Wine,RNDC
85629,TENUTA ROCCA,Wine,RNDC
85629,TENUTA SAN GIORGIO,Wine,RNDC
85629,TENUTA SAN GUIDO,Wine,RNDC
85629,TENUTA SETTE CIELI,Wine,RNDC
85629,TENUTA SETTE PONTI,Wine,RNDC
85629,TENUTA VALLESELLE,Wine,RNDC
85629,TENUTE GIROLAMO,Wine,RNDC
85629,TENUTE LUNELLI,Wine,RNDC
85629,TENUTE SILVIO NARDI,Wine,RNDC
85629,TENZAN,Wine,RNDC
85629,TEOREMA,Wine,RNDC
85629,TERA BOX,Wine,RNDC
85629,TERCET,Wine,RNDC
85629,TERLATO,Wine,RNDC
85629,TERLATO FAMILY VINEYARDS,Wine,RNDC
85629,TERLATO VINEYARDS,Wine,RNDC
85629,TERMINIM,Wine,RNDC
85629,TERRA D'ORO,Wine,RNDC
85629,TERRA NOVA,Wine,RNDC
85629,TERRA VIVA,Wine,RNDC
85629,TERRALE,Wine,RNDC
85629,TERRAMARE,Wine,RNDC
85629,TERRAS GAUDA,Wine,RNDC
85629,TERRASSES DE CABRIO,Wine,RNDC
85629,TERRASSOUS,Wine,RNDC
85629,TERRAZAS DE LOS ANDES,Wine,RNDC
85629,TERRE DAVINO,Wine,RNDC
85629,TERRE DE PRINCES,Wine,RNDC
85629,TERRE MORE,Wine,RNDC
85629,TERREDAVINO,Wine,RNDC
85629,TERROIR TERRIER,Wine,RNDC
85629,TERUZZI & PUTHOD,Wine,RNDC
85629,TESSERA,Wine,RNDC
85629,TESTAMATTA,Wine,RNDC
85629,TEXAS DE BRAZIL,Wine,RNDC
85629,TGI FRIDAY'S,Wine,RNDC
85629,THE BEACH HOUSE,Wine,RNDC
85629,THE BERNARD SERIES,Wine,RNDC
85629,THE BERRIO,Wine,RNDC
85629,THE BUTCHERY,Wine,RNDC
85629,THE CHAMPION,Wine,RNDC
85629,THE COLLECTION,Wine,RNDC
85629,THE CONDUCTOR,Wine,RNDC
85629,THE COSMIC EGG,Wine,RNDC
85629,THE CRIMINAL,Wine,RNDC
85629,THE DREAMING TREE,Wine,RNDC
85629,THE DROP,Wine,RNDC
85629,THE FALL,Wine,RNDC
85629,THE FAMILY COPPOLA,Wine,RNDC
85629,THE FEDERALIST,Wine,RNDC
85629,THE FOUR GRACES,Wine,RNDC
85629,THE GLOAMING,Wine,RNDC
85629,THE GREAT AMERICAN WINE COMPANY,Wine,RNDC
85629,THE GREAT OREGON WINE CO,Wine,RNDC
85629,THE HEADLINER,Wine,RNDC
85629,THE HEART HAS ITS RIESLING,Wine,RNDC
85629,THE HOLY SNAIL,Wine,RNDC
85629,THE ICON ROCK,Wine,RNDC
85629,THE JEFFERSON,Wine,RNDC
85629,THE JIBE,Wine,RNDC
85629,THE JUICY CRAB,Wine,RNDC
85629,THE KRAKEN,Wine,RNDC
85629,THE LADY IN RED,Wine,RNDC
85629,THE LANGUAGE OF YES,Wine,RNDC
85629,THE LITTLE PENGUIN,Wine,RNDC
85629,THE LOST COLONY,Wine,RNDC
85629,THE MICHAEL MONDAVI FAMILY,Wine,RNDC
85629,THE MILLTON VINEYARD,Wine,RNDC
85629,THE MODERN COCKTAIL,Wine,RNDC
85629,THE MOST WONDERFUL WINES OF THE SEASON,Wine,RNDC
85629,THE PEDALER,Wine,RNDC
85629,THE PERFECT MATCH,Wine,RNDC
85629,THE PRINCESS AND THE PEASANT,Wine,RNDC
85629,THE RETREAT,Wine,RNDC
85629,THE RULE,Wine,RNDC
85629,THE SAX,Wine,RNDC
85629,THE SEDUCER,Wine,RNDC
85629,THE SEEKER,Wine,RNDC
85629,THE SHOW,Wine,RNDC
85629,THE SIMPLE GRAPE,Wine,RNDC
85629,THE SLAMMER,Wine,RNDC
85629,THE SOLDIER,Wine,RNDC
85629,THE SUPPER CLUB,Wine,RNDC
85629,THE TWIST,Wine,RNDC
85629,THE VEGAN VINE,Wine,RNDC
85629,THE WATERMARK HOTEL,Wine,RNDC
85629,THE WATUSI,Wine,RNDC
85629,THE WHITE DOE,Wine,RNDC
85629,THE WINE WITH NO NAME,Wine,RNDC
85629,THE WINES OF FRANCIS COPPOLA,Wine,RNDC
85629,THIBERT PARISSE,Wine,RNDC
85629,THICK SKINNED,Wine,RNDC
85629,THOMAS HALBY,Wine,RNDC
85629,THORNY ROSE,Wine,RNDC
85629,THOUSAND ISLANDS WINERY,Wine,RNDC
85629,THOUSAND OAKS,Wine,RNDC
85629,THREE BROTHERS,Wine,RNDC
85629,THREE FINGER JACK,Wine,RNDC
85629,THREE GHOST VINE,Wine,RNDC
85629,THREE MINERS,Wine,RNDC
85629,THREE OAKS,Wine,RNDC
85629,THREE PEARS,Wine,RNDC
85629,THREE PINES,Wine,RNDC
85629,THREE RIVERS WINERY,Wine,RNDC
85629,THREE SIDES,Wine,RNDC
85629,THREE THIEVES,Wine,RNDC
85629,THREE TIDES,Wine,RNDC
85629,THREE WISHES,Wine,RNDC
85629,THRILLER,Wine,RNDC
85629,THRIVE,Wine,RNDC
85629,TIBOR GAL,Wine,RNDC
85629,TIE DYE,Wine,RNDC
85629,TIERRA SECRETA,Wine,RNDC
85629,TIERRAS MORADAS,Wine,RNDC
85629,TIKAL,Wine,RNDC
85629,TIMBERWOOD VINEYARDS,Wine,RNDC
85629,TIME TO SHINE,Wine,RNDC
85629,TIME WITH FRIENDS,Wine,RNDC
85629,TIME WITH LOVED ONES,Wine,RNDC
85629,TIMOK RIVER,Wine,RNDC
85629,TIN ROOF,Wine,RNDC
85629,TINSEL & HOLLY,Wine,RNDC
85629,TINSEL AND HOLLY,Wine,RNDC
85629,TINSEL TIME,Wine,RNDC
85629,TINTO DE SOL,Wine,RNDC
85629,TINY PINK BUBBLES,Wine,RNDC
85629,TIO SOTO,Wine,RNDC
85629,TISHBI ESTATE WINERY,Wine,RNDC
85629,TITIANA,Wine,RNDC
85629,TITIGNANO,Wine,RNDC
85629,TIZ RED,Wine,RNDC
85629,TO LIFE,Wine,RNDC
85629,TOAD HOLLOW,Wine,RNDC
85629,TOAST TO LAUGHTER,Wine,RNDC
85629,TOASTED HEAD,Wine,RNDC
85629,TOASTED YOLK,Wine,RNDC
85629,TOKAJ CRUS SELECT,Wine,RNDC
85629,TOKAJI,Wine,RNDC
85629,TOLENTINO,Wine,RNDC
85629,TOLLOY,Wine,RNDC
85629,TOM EDDY,Wine,RNDC
85629,TOM GORE VINEYARDS,Wine,RNDC
85629,TOMERO,Wine,RNDC
85629,TOMIO,Wine,RNDC
85629,TONGAI,Wine,RNDC
85629,TOP HAT,Wine,RNDC
85629,TOPBOX,Wine,RNDC
85629,TOPOLOS AT RUSSIAN RIVER VINEYARDS,Wine,RNDC
85629,TORBRECK,Wine,RNDC
85629,TORCALVANO,Wine,RNDC
85629,TORCIA,Wine,RNDC
85629,TOREO,Wine,RNDC
85629,TORLASCO,Wine,RNDC
85629,TORMARESCA,Wine,RNDC
85629,TORN,Wine,RNDC
85629,TORNATORE,Wine,RNDC
85629,TORRAE DEL SALE,Wine,RNDC
85629,TORRE LA MOREIRA,Wine,RNDC
85629,TORRE ORIA,Wine,RNDC
85629,TORRE ROSAZZA,Wine,RNDC
85629,TORRE SPINA,Wine,RNDC
85629,TORRENT,Wine,RNDC
85629,TORRES,Wine,RNDC
85629,TORRESELLA,Wine,RNDC
85629,TOSO AG,Wine,RNDC
85629,TOSTI,Wine,RNDC
85629,TOTALLY RANDOM WINES,Wine,RNDC
85629,TOUCH POINT,Wine,RNDC
85629,TOUR DES FIEFS,Wine,RNDC
85629,TOURBILLOUN,Wine,RNDC
85629,TOURELLO,Wine,RNDC
85629,TOWN,Wine,RNDC
85629,TOZAI,Wine,RNDC
85629,TR WINES,Wine,RNDC
85629,TRAGOLARGO,Wine,RNDC
85629,TRAILING VINES FARM,Wine,RNDC
85629,TRAILSIDE VINEYARD,Wine,RNDC
85629,TRANQUILLE,Wine,RNDC
85629,TRANSLATIONS,Wine,RNDC
85629,TRANZIND,Wine,RNDC
85629,TRAPICHE,Wine,RNDC
85629,TRAVAGLINI,Wine,RNDC
85629,TRAVERSE CITY,Wine,RNDC
85629,TRAVIATA,Wine,RNDC
85629,TRE ALBERI,Wine,RNDC
85629,TREAD SOFTLY,Wine,RNDC
85629,TREANA,Wine,RNDC
85629,TREANA WINERY,Wine,RNDC
85629,TREE FORT,Wine,RNDC
85629,TREE TOP HILL,Wine,RNDC
85629,TREE TOPS,Wine,RNDC
85629,TRENEL,Wine,RNDC
85629,TRESTORIA,Wine,RNDC
85629,TRIADA,Wine,RNDC
85629,TRIBUNO,Wine,RNDC
85629,TRIBUTE,Wine,RNDC
85629,TRIDENTE,Wine,RNDC
85629,TRIENNES,Wine,RNDC
85629,TRILLENNIUM,Wine,RNDC
85629,TRIM VINE,Wine,RNDC
85629,TRINCHERI,Wine,RNDC
85629,TRINCHERO FAMILY ESTATES,Wine,RNDC
85629,TRINCHERO WINERY,Wine,RNDC
85629,TRINITY OAKS,Wine,RNDC
85629,TRISQUEL,Wine,RNDC
85629,TRIVENTO,Wine,RNDC
85629,TROUBLEMAKER,Wine,RNDC
85629,TROVE,Wine,RNDC
85629,TRU REIGN,Wine,RNDC
85629,TRUE EARTH,Wine,RNDC
85629,TRUE MYTH,Wine,RNDC
85629,TRUE OAK ESTATE,Wine,RNDC
85629,TRUETT HURST WINERY,Wine,RNDC
85629,TRUMP,Wine,RNDC
85629,TUDAL FAMILY WINERY,Wine,RNDC
85629,TUDAL WINERY,Wine,RNDC
85629,TUFFO,Wine,RNDC
85629,TUPELO HONEY,Wine,RNDC
85629,TURKEY FLAT VINEYARDS,Wine,RNDC
85629,TURNER ROAD,Wine,RNDC
85629,TUS NALGUITAS,Low Alcohol Beverage,RNDC
85629,TUTTO MIO,Wine,RNDC
85629,TWIN BEAKS,Wine,RNDC
85629,TWIN FIN,Wine,RNDC
85629,TWIN OAKS,Wine,RNDC
85629,TWIN SUNS,Wine,RNDC
85629,TWIN VINES,Wine,RNDC
85629,TWINKLE,Wine,RNDC
85629,TWISTED RIVER,Wine,RNDC
85629,TWISTED WINE CELLARS,Wine,RNDC
85629,TWO ARROWHEADS,Wine,RNDC
85629,TWO HORNS,Wine,RNDC
85629,TWO SISTERS,Wine,RNDC
85629,TWO VINES,Wine,RNDC
85629,TWOMEY,Wine,RNDC
85629,TWOTONE FARM,Wine,RNDC
85629,UITKYK,Wine,RNDC
85629,ULTIMATE PROVENCE,Wine,RNDC
85629,UN DOUBLE,Wine,RNDC
85629,UN4SEEN,Wine,RNDC
85629,UNDAUNTED,Wine,RNDC
85629,UNE FEMME,Wine,RNDC
85629,UNEXPECTED,Wine,RNDC
85629,UNICO,Wine,RNDC
85629,UNITED INK,Wine,RNDC
85629,UNIVERSAL WINE NETWORK,Wine,RNDC
85629,UNKNOWN AUTHOR,Wine,RNDC
85629,UNO MAS,Wine,RNDC
85629,UNOBLE,Wine,RNDC
85629,UNOKEG,Wine,RNDC
85629,UNPARALLELED,Wine,RNDC
85629,UNRATED,Wine,RNDC
85629,UNSANCTIONED,Wine,RNDC
85629,UNSCRIPTED,Wine,RNDC
85629,URBAN BARN,Wine,RNDC
85629,URBAN PROVENCE,Wine,RNDC
85629,URBAN VIBES,Wine,RNDC
85629,URBINA,Wine,RNDC
85629,URLAR,Wine,RNDC
85629,URLARI,Wine,RNDC
85629,URLO,Wine,RNDC
85629,USA CABERNET,Wine,RNDC
85629,USED AUTOMOBILE PARTS,Wine,RNDC
85629,V G CORYDON,Wine,RNDC
85629,V'NILLA NOIR,Wine,RNDC
85629,V.NO,Wine,RNDC
85629,V2G,Wine,RNDC
85629,VAI,Wine,RNDC
85629,VAL D'ASTIER,Wine,RNDC
85629,VAL D'OCA,Wine,RNDC
85629,VAL D'OR,Wine,RNDC
85629,VAL DEL BARONE,Wine,RNDC
85629,VAL DES ROIS,Wine,RNDC
85629,VAL DI SUGA,Wine,RNDC
85629,VAL DU CHARRON,Wine,RNDC
85629,VALCANTARA,Wine,RNDC
85629,VALDUBON,Wine,RNDC
85629,VALE PERDIDO,Wine,RNDC
85629,VALL LLACH,Wine,RNDC
85629,VALLATE,Wine,RNDC
85629,VALLONS DE PROVENCE,Wine,RNDC
85629,VALOROSO,Wine,RNDC
85629,VALOROSO TOSCANO,Wine,RNDC
85629,VALVASOR,Wine,RNDC
85629,VAN ASPEREN VINEYARDS,Wine,RNDC
85629,VAN DER HAUTE,Wine,RNDC
85629,VAN DUZER,Wine,RNDC
85629,VAN LOVEREN,Wine,RNDC
85629,VANDERBILT RESERVE,Wine,RNDC
85629,VANDERPUMP,Wine,RNDC
85629,VANDORI,Wine,RNDC
85629,VAQUOS,Wine,RNDC
85629,VASCO SASSETTI,Wine,RNDC
85629,VAVASOUR WINES LIMITED,Wine,RNDC
85629,VAVAVOOM WINES,Wine,RNDC
85629,VAZA,Wine,RNDC
85629,VDR,Wine,RNDC
85629,VEDOVA,Wine,RNDC
85629,VEGA MONTAN,Wine,RNDC
85629,VEGAS 3,Wine,RNDC
85629,VELVET FOG,Wine,RNDC
85629,VELVET RIDER,Wine,RNDC
85629,VELVET SKY,Wine,RNDC
85629,VENDANGE,Wine,RNDC
85629,VENEZIA,Wine,RNDC
85629,VENISSA,Wine,RNDC
85629,VENTARRON,Wine,RNDC
85629,VENTEUX22,Wine,RNDC
85629,VENTISQUERO,Wine,RNDC
85629,VENTURA,Wine,RNDC
85629,VENTUS,Wine,RNDC
85629,VERA WANG,Wine,RNDC
85629,VERAMONTE,Wine,RNDC
85629,VERGELEGEN,Wine,RNDC
85629,VERITE,Wine,RNDC
85629,VERRAZZANO,Wine,RNDC
85629,VERRAZZANO ROSSO,Wine,RNDC
85629,VERSE AND CHORUS,Wine,RNDC
85629,VESSANTS,Wine,RNDC
85629,VIA FIRENZE,Wine,RNDC
85629,VIALA,Wine,RNDC
85629,VIAMA,Wine,RNDC
85629,VIAMORA,Wine,RNDC
85629,VIARAE,Wine,RNDC
85629,VIBE BY VENDANGE,Wine,RNDC
85629,VIBE TWISTED SIPS,Wine,RNDC
85629,VICARA,Wine,RNDC
85629,VICHON MEDITERRANEAN,Wine,RNDC
85629,VICTOR BLACHET,Wine,RNDC
85629,VICTORIA'S CREST,Wine,RNDC
85629,VIEILLE FRANCE,Wine,RNDC
85629,VIEUX CHATEAU CERTAN,Wine,RNDC
85629,VIEUX CISEAUX,Wine,RNDC
85629,VIEUX MAS DES PAPES,Wine,RNDC
85629,VIGNAIOLI DI SANTO STEFANO,Wine,RNDC
85629,VIGNERONS DE L'ENCLAVE,Wine,RNDC
85629,VIGNETI LA SELVANELLA,Wine,RNDC
85629,VIGNOBLES DES ROCHES,Wine,RNDC
85629,VILA SANTA,Wine,RNDC
85629,VILANO,Wine,RNDC
85629,VILLA AL CORTILE,Wine,RNDC
85629,VILLA ANTINORI,Wine,RNDC
85629,VILLA BANFI,Wine,RNDC
85629,VILLA BARBI,Wine,RNDC
85629,VILLA BEL AIR,Wine,RNDC
85629,VILLA CILNIA,Wine,RNDC
85629,VILLA COSTA,Wine,RNDC
85629,VILLA DE MORESCHI,Wine,RNDC
85629,VILLA DI CORLO,Wine,RNDC
85629,VILLA DI GEGGIANO,Wine,RNDC
85629,VILLA GIRARDI,Wine,RNDC
85629,VILLA MANGIACANE,Wine,RNDC
85629,VILLA MARCELLO,Wine,RNDC
85629,VILLA MATILDE,Wine,RNDC
85629,VILLA MT EDEN,Wine,RNDC
85629,VILLA NOZZOLE,Wine,RNDC
85629,VILLA PANI,Wine,RNDC
85629,VILLA SANDI,Wine,RNDC
85629,VILLA SOLARE,Wine,RNDC
85629,VILLA SPARINA,Wine,RNDC
85629,VILLA SYMPOSIA,Wine,RNDC
85629,VILLA VENTO,Wine,RNDC
85629,VILLA VIVA,Wine,RNDC
85629,VILLAGE,Wine,RNDC
85629,VILLAGE MAISON,Wine,RNDC
85629,VILLAGE PAYS D'OC,Wine,RNDC
85629,VILLAREI,Wine,RNDC
85629,VIN 21,Wine,RNDC
85629,VIN GLOGG,Wine,RNDC
85629,VIN TWENTY ONE,Wine,RNDC
85629,VIN TWENTY THREE,Wine,RNDC
85629,VINA ALBALI,Wine,RNDC
85629,VINA ARNAIZ,Wine,RNDC
85629,VINA BROCO,Wine,RNDC
85629,VINA DIEZMO RV,Wine,RNDC
85629,VINA EXTREMENA,Wine,RNDC
85629,VINA HARAS DE PIRQUE,Wine,RNDC
85629,VINA MAYOR,Wine,RNDC
85629,VINA QUEBRADA DE MACUL,Wine,RNDC
85629,VINA SALCEDA,Wine,RNDC
85629,VINA TARAPACA,Wine,RNDC
85629,VINAFORE,Wine,RNDC
85629,VINAMAS,Wine,RNDC
85629,VINCENT SAINCRIT,Wine,RNDC
85629,VINCENT VATAN,Wine,RNDC
85629,VINDICATED,Wine,RNDC
85629,VINE HILL RANCH,Wine,RNDC
85629,VINEDOS DE EL SEQUE,Wine,RNDC
85629,VINEDOS EL SEQUE,Wine,RNDC
85629,VINELIFE,Wine,RNDC
85629,VINESMOOTHIE,Wine,RNDC
85629,VINHA DA COUTADA VELHA,Wine,RNDC
85629,VINHA DAS MARGARIDAS,Wine,RNDC
85629,VINO,Wine,RNDC
85629,VINO CASATA,Wine,RNDC
85629,VINO DECOR,Wine,RNDC
85629,VINO DELL'AMICIZIA,Wine,RNDC
85629,VINO DI VITO,Wine,RNDC
85629,VINOPTIMA,Wine,RNDC
85629,VINOS DE LOS MUERTOS,Wine,RNDC
85629,VINTAGE CRUSH,Wine,RNDC
85629,VINTAGE ERA,Wine,RNDC
85629,VINTAGE INK,Wine,RNDC
85629,VINTAGE RANCH,Wine,RNDC
85629,VINTAGE SUN,Wine,RNDC
85629,VINTAGE UPPER LEFT,Wine,RNDC
85629,VINTEA,Wine,RNDC
85629,VINTNER'S CHOICE,Wine,RNDC
85629,VINWOOD,Wine,RNDC
85629,VIONTA,Wine,RNDC
85629,VIPRA,Wine,RNDC
85629,VIRGINIA DARE,Wine,RNDC
85629,VIRNA BORGOGNO,Wine,RNDC
85629,VIS DE VARA,Wine,RNDC
85629,VISTA POINT VINEYARDS,Wine,RNDC
85629,VISTALBA,Wine,RNDC
85629,VISTANA,Wine,RNDC
85629,VISTORTA,Wine,RNDC
85629,VITALMA,Wine,RNDC
85629,VIV,Wine,RNDC
85629,VIVACE,Wine,RNDC
85629,VIVARO,Wine,RNDC
85629,VIZCAINO VISTA VINEYARDS,Wine,RNDC
85629,VLAST,Wine,RNDC
85629,VOELOS,Wine,RNDC
85629,VOGA,Wine,RNDC
85629,VOL DU COLIBRI,Wine,RNDC
85629,VOL ROYAL,Wine,RNDC
85629,VOLCA,Wine,RNDC
85629,VOLDE,Wine,RNDC
85629,VOLERE,Wine,RNDC
85629,VOLLEREAUX,Wine,RNDC
85629,VOLLRADS,Wine,RNDC
85629,VOLPAIA,Wine,RNDC
85629,VOLRATZ,Wine,RNDC
85629,VOLUNTEER,Wine,RNDC
85629,VOTRE SANTE,Wine,RNDC
85629,VOVETI,Wine,RNDC
85629,VOYAGE,Wine,RNDC
85629,VOYAGER POINT,Wine,RNDC
85629,W O W WINES OF THE WEST,Wine,RNDC
85629,W S KEYES,Wine,RNDC
85629,WAIKIWI BAY,Wine,RNDC
85629,WAIRAU RIVER,Wine,RNDC
85629,WAKATAKE,Wine,RNDC
85629,WAKAZE,Wine,RNDC
85629,WALL ART,Wine,RNDC
85629,WALLABY CREEK,Wine,RNDC
85629,WALLY'S HUT,Wine,RNDC
85629,WALNUT CREST,Wine,RNDC
85629,WALT,Wine,RNDC
85629,WAN FU,Wine,RNDC
85629,WAPISA,Wine,RNDC
85629,WARM THOUGHTS,Wine,RNDC
85629,WARM WISHES,Wine,RNDC
85629,WARNINKS,Wine,RNDC
85629,WARTHOG,Wine,RNDC
85629,WASHINGTON NATIONALS,Wine,RNDC
85629,WATARI BUNE,Wine,RNDC
85629,WATCH TOWER,Wine,RNDC
85629,WATCHDOG ROCK,Wine,RNDC
85629,WATERLOO,Low Alcohol Beverage,RNDC
85629,WATERMELON SPLASH,Wine,RNDC
85629,WATTLE CREEK WINERY,Wine,RNDC
85629,WAVE SERIES,Wine,RNDC
85629,WAYFARER,Wine,RNDC
85629,WAYNE GRETZKY ESTATES,Wine,RNDC
85629,WE THE PEOPLE,Wine,RNDC
85629,WEATHER,Wine,RNDC
85629,WEBER,Wine,RNDC
85629,WEED CELLARS,Wine,RNDC
85629,WEINGUT MARKGRAF VON BADEN,Wine,RNDC
85629,WEINKELLEREI KLOSTOR,Wine,RNDC
85629,WELLSLEY FARMS CA,Wine,RNDC
85629,WELLSLEY FARMS IT,Wine,RNDC
85629,WELLSLEY FARMS NZ,Wine,RNDC
85629,WENTE VINEYARDS,Wine,RNDC
85629,WEST CAPE GOLD,Wine,RNDC
85629,WEST SIDE WINE CO,Wine,RNDC
85629,WESTONS,Cider,RNDC
85629,WESTSIDE RED,Wine,RNDC
85629,WESTSIDE WHITE,Wine,RNDC
85629,WHEELHOUSE WINE CELLARS,Wine,RNDC
85629,WHEN WE DANCE,Wine,RNDC
85629,WHIDBEYS,Wine,RNDC
85629,WHINY BABY,Wine,RNDC
85629,WHIPLASH,Wine,RNDC
85629,WHISPERING PEAK VINEYARDS,Wine,RNDC
85629,WHITE CLIFF,Wine,RNDC
85629,WHITE DOVE,Wine,RNDC
85629,WHITE HAUTE,Wine,RNDC
85629,WHITE HILLS VINEYARDS,Wine,RNDC
85629,WHITE LIE,Wine,RNDC
85629,WHITE ROCK DISTILLERIES,Wine,RNDC
85629,WHITE TRUCK,Wine,RNDC
85629,WHITESCAPE,Wine,RNDC
85629,WHO'S BEEN NICE,Wine,RNDC
85629,WHO'S WHO,Wine,RNDC
85629,WICKED GROVE,Cider,RNDC
85629,WIFEY,Wine,RNDC
85629,WILD BUNCH,Wine,RNDC
85629,WILD HARE,Wine,RNDC
85629,WILD HORSE,Wine,RNDC
85629,WILD OATS,Wine,RNDC
85629,WILD PIG,Wine,RNDC
85629,WILD RIDGE,Wine,RNDC
85629,WILD ROCK,Wine,RNDC
85629,WILDHURST VINEYARDS,Wine,RNDC
85629,WILDSONG,Wine,RNDC
85629,WILL WRAP FOR WINE,Wine,RNDC
85629,WILLAKENZIE ESTATE,Wine,RNDC
85629,WILLAMETTE VALLEY VINEYARDS,Wine,RNDC
85629,WILLIAM FEVRE,Wine,RNDC
85629,WILLIAMS & HUMBERT,Wine,RNDC
85629,WILLIAMS SELYEM,Wine,RNDC
85629,WILLIAMSBURG WINERY,Wine,RNDC
85629,WILLYN CELLARS,Wine,RNDC
85629,WILSON DANIELS,Wine,RNDC
85629,WINDBORNE,Wine,RNDC
85629,WINDFINDER,Wine,RNDC
85629,WINDMILL,Wine,RNDC
85629,WINDRACER,Wine,RNDC
85629,WINDSOR SONOMA,Wine,RNDC
85629,WINDSTREAM,Wine,RNDC
85629,WINDTREE,Wine,RNDC
85629,WINE A RITA,Wine,RNDC
85629,WINE ADVENT 2022,Wine,RNDC
85629,WINE ADVENT URE CALENDAR,Wine,RNDC
85629,WINE BLOCK,Wine,RNDC
85629,WINE BY ALISA JACOBSON,Wine,RNDC
85629,WINE BY JOE,Wine,RNDC
85629,WINE CONNOISSEUR,Wine,RNDC
85629,WINE CUBE,Wine,RNDC
85629,WINE IN BOX,Wine,RNDC
85629,WINE MEN OF GOTHAM,Wine,RNDC
85629,WINE SISTERHOOD,Wine,RNDC
85629,WINE VILLAGE ADVENT CALENDAR,Wine,RNDC
85629,WINE VOYAGE,Wine,RNDC
85629,WINE WORLD ESTATES,Wine,RNDC
85629,WINEMAKER'S SELECT,Wine,RNDC
85629,WINEMAKERS SELECTION CA,Wine,RNDC
85629,WINEMAKERS SELECTION CELLAR RESERVE,Wine,RNDC
85629,WINEMAKERS SELECTION RESERVE,Wine,RNDC
85629,WINEMAKERS SELECTION RESERVE SERIES,Wine,RNDC
85629,WINEMAKERS SPARKLING,Wine,RNDC
85629,WINES OF SUBSTANCE,Wine,RNDC
85629,WINES THAT ROCK,Wine,RNDC
85629,WINGNUT,Wine,RNDC
85629,WINIGMA,Wine,RNDC
85629,WINTER WINE BOX CELEBRATION PACK,Wine,RNDC
85629,WINTER WINE DOWN,Wine,RNDC
85629,WINTER WINE SELECTION,Wine,RNDC
85629,WINTER WONDER,Wine,RNDC
85629,WINTRY WONDER,Wine,RNDC
85629,WIRRA WIRRA,Wine,RNDC
85629,WISDOM & WARTER,Wine,RNDC
85629,WISE ASS,Wine,RNDC
85629,WISH YOU WERE HERE,Wine,RNDC
85629,WITCHES BREW,Wine,RNDC
85629,WITCHES GOBLET,Wine,RNDC
85629,WONDERFUL WINE CO,Wine,RNDC
85629,WONDERLAND,Wine,RNDC
85629,WONDERS,Wine,RNDC
85629,WOODBRIDGE,Wine,RNDC
85629,WOODBRIDGE BY ROBERT MONDAVI,Wine,RNDC
85629,WORLD MARKET,Wine,RNDC
85629,WORLD SPIRITS LTD,Wine,RNDC
85629,WORLD'S EDGE,Wine,RNDC
85629,WRITER'S BLOCK,Wine,RNDC
85629,XISTO ROQUETTE E CAZES,Wine,RNDC
85629,XMAS SWEATER,Wine,RNDC
85629,XO G,Wine,RNDC
85629,XOBC CELLARS,Wine,RNDC
85629,XXL,Wine,RNDC
85629,YAMADA SHOTEN,Wine,RNDC
85629,YAMAGUCHI SAKE BREWERY G P,Wine,RNDC
85629,YANGARRA ESTATE VINEYARD,Wine,RNDC
85629,YANGARRA PARK,Wine,RNDC
85629,YANO,Wine,RNDC
85629,YARDSTICK,Wine,RNDC
85629,YEALANDS,Wine,RNDC
85629,YELLOWGLEN,Wine,RNDC
85629,YOSEMITE ROAD VINEYARDS,Wine,RNDC
85629,YOU ALWAYS BRING WINE,Wine,RNDC
85629,YSIOS,Wine,RNDC
85629,YUKI NO BOSHA,Wine,RNDC
85629,YURI MASAMUNE,Wine,RNDC
85629,YVES ROCHE,Wine,RNDC
85629,Z ALEXANDER BROWN,Wine,RNDC
85629,ZACA MESA,Wine,RNDC
85629,ZAMBA,Wine,RNDC
85629,ZAZO,Wine,RNDC
85629,ZD WINES,Wine,RNDC
85629,ZED,Wine,RNDC
85629,ZEN GARDEN,Wine,RNDC
85629,ZENA CROWN VINEYARD,Wine,RNDC
85629,ZENTRALKELLEREI,Wine,RNDC
85629,ZENZEN,Wine,RNDC
85629,ZERAFINI,Wine,RNDC
85629,ZERO GRAVITY W,Wine,RNDC
85629,ZEROINCONDOTTA,Wine,RNDC
85629,ZEVERI,Wine,RNDC
85629,ZIATA,Wine,RNDC
85629,ZIG ZAG ZIN,Wine,RNDC
85629,ZILLE,Wine,RNDC
85629,ZILLY,Wine,RNDC
85629,ZIMMERMANN,Wine,RNDC
85629,ZIPPER,Wine,RNDC
85629,ZISOLA,Wine,RNDC
85629,ZOCKER WINERY,Wine,RNDC
85629,ZOES KITCHEN BY NATURA,Wine,RNDC
85629,ZOLO,Wine,RNDC
85629,ZONNEBLOEM,Wine,RNDC
85629,ZOOM JUICE,Wine,RNDC
85629,ZUM,Wine,RNDC
85630,HOKKAIDO BREWING,Malt Beverage,RNDC
85630,MANACAS,Malt Beverage,RNDC
85630,MAYABE,Malt Beverage,RNDC
85630,TINIMA,Malt Beverage,RNDC
90042,1758,Malt Beverage,Breakthrough
90042,ABBAYE DE VAUCLAIR,Malt Beverage,Breakthrough
90042,BIG BROTHER,Malt Beverage,Breakthrough
90042,BRASSERIE GOUDALE,Malt Beverage,Breakthrough
90042,BRENS,Malt Beverage,Breakthrough
90042,BROEGEL,Malt Beverage,Breakthrough
90042,BRONZEN SCHILD,Malt Beverage,Breakthrough
90042,CENTRAL VIRGINIA BREWING,Malt Beverage,Breakthrough
90042,CIELO ESPECIAL,Malt Beverage,Breakthrough
90042,COVISTA,Malt Beverage,Breakthrough
90042,CRAFT EXPLORERS,Malt Beverage,Breakthrough
90042,CZECH,Malt Beverage,Breakthrough
90042,DEADLY BREWING,Malt Beverage,Breakthrough
90042,ESSENTIAL HOPS BREWING,Malt Beverage,Breakthrough
90042,FESTLICH HAUS,Malt Beverage,Breakthrough
90042,FIELDCRAFT,Malt Beverage,Breakthrough
90042,FOLDED MOUNTAINS,Malt Beverage,Breakthrough
90042,GALEREUX,Malt Beverage,Breakthrough
90042,HARD ROCK,Malt Beverage,Breakthrough
90042,HOLLAND,Malt Beverage,Breakthrough
90042,INDEPENDENCE HARBOR,Malt Beverage,Breakthrough
90042,JACK DANIEL'S,Malt Beverage,Breakthrough
90042,KINKY BEVERAGE COMPANY,Malt Beverage,Breakthrough
90042,KRISTOFFEL,Malt Beverage,Breakthrough
90042,LICHER,Malt Beverage,Breakthrough
90042,LOCKEN'S,Malt Beverage,Breakthrough
90042,MASQ FUSIONS,Malt Beverage,Breakthrough
90042,MONROE BREWING COMPANY,Malt Beverage,Breakthrough
90042,O'SHEA'S,Malt Beverage,Breakthrough
90042,PERLENBACHER,Malt Beverage,Breakthrough
90042,PERLINBACHER,Malt Beverage,Breakthrough
90042,PITHEAD BREWING CO,Malt Beverage,Breakthrough
90042,PRESS,Malt Beverage,Breakthrough
90042,PRESTIGE BEER GROUP,Malt Beverage,Breakthrough
90042,SAINT ALENA,Malt Beverage,Breakthrough
90042,SEZOENS,Malt Beverage,Breakthrough
90042,STATE OF BREWING,Malt Beverage,Breakthrough
90042,STEWART'S,Malt Beverage,Breakthrough
90042,TEABIRD,Malt Beverage,Breakthrough
90042,THE CRAFTY BREWING COMPANY,Malt Beverage,Breakthrough
90042,TUMWATER,Malt Beverage,Breakthrough
90042,VAN DANKEN,Malt Beverage,Breakthrough
90042,VERDI,Malt Beverage,Breakthrough
90042,VISTA BAY,Malt Beverage,Breakthrough
90042,WEICO,Malt Beverage,Breakthrough
90042,WHITE TIDE,Malt Beverage,Breakthrough
90042,WILD RANGE,Malt Beverage,Breakthrough
90042,ZARITA,Malt Beverage,Breakthrough
90040,1849 WINERY,Wine,Breakthrough
90040,SELECTION LAURENCE FERAUD,Wine,Breakthrough
90040,WHISPERING TREE,Wine,Breakthrough
90039,071,Wine,Breakthrough
90039,"10,000 HOURS",Wine,Breakthrough
90039,100 NAILS RANCH,Wine,Breakthrough
90039,1000 STORIES,Wine,Breakthrough
90039,13 RAMS,Wine,Breakthrough
90039,1790,Wine,Breakthrough
90039,1797,Wine,Breakthrough
90039,1865 SAN PEDRO,Wine,Breakthrough
90039,1881 NAPA,Wine,Breakthrough
90039,1883,Wine,Breakthrough
90039,19 CRIMES,Wine,Breakthrough
90039,1906 VINTNERS,Wine,Breakthrough
90039,1907,Wine,Breakthrough
90039,2 CANOS,Wine,Breakthrough
90039,3 GIRLS,Wine,Breakthrough
90039,3 KINGS BY SHANNON RIDGE,Wine,Breakthrough
90039,3 REIN,Wine,Breakthrough
90039,3 RINGS,Wine,Breakthrough
90039,30 MILES,Wine,Breakthrough
90039,4 CELLARS,Wine,Breakthrough
90039,4 DECADES,Wine,Breakthrough
90039,5 OROS,Wine,Breakthrough
90039,50 HARVEST,Wine,Breakthrough
90039,642,Wine,Breakthrough
90039,689 CELLARS,Wine,Breakthrough
90039,7 HEAVENLY CHARDS,Wine,Breakthrough
90039,75864 MILES,Wine,Breakthrough
90039,8 PLUMAS,Wine,Breakthrough
90039,9 DOT 5,Wine,Breakthrough
90039,90 PT CLUB,Wine,Breakthrough
90039,90+ CELLARS,Wine,Breakthrough
90039,A C SRL,Wine,Breakthrough
90039,A CRISP,Wine,Breakthrough
90039,A G PERINO,Wine,Breakthrough
90039,A'PROPOS,Wine,Breakthrough
90039,ABBAYE SYLVA PLANA,Wine,Breakthrough
90039,ABBAZIA MONTE OLIVETO,Wine,Breakthrough
90039,ABBEY OF SAINT HILAIRE,Wine,Breakthrough
90039,ABBONA,Wine,Breakthrough
90039,ABSTRACT,Wine,Breakthrough
90039,ACACIA CA,Wine,Breakthrough
90039,ACCLAIMED,Wine,Breakthrough
90039,ACCOMPLICE,Wine,Breakthrough
90039,ACHAVAL FERRER,Wine,Breakthrough
90039,ACONGA,Wine,Breakthrough
90039,ACRONYM,Wine,Breakthrough
90039,AD LIB,Wine,Breakthrough
90039,ADDENDUM,Wine,Breakthrough
90039,ADORADA,Wine,Breakthrough
90039,ADVENTURE SERIES,Wine,Breakthrough
90039,AFFENTALER,Wine,Breakthrough
90039,AFRICAN HILLS,Wine,Breakthrough
90039,AFRICAN ROCK,Wine,Breakthrough
90039,AGOSTINO,Wine,Breakthrough
90039,AGRICOLE VALLONE,Wine,Breakthrough
90039,AGROS,Wine,Breakthrough
90039,AILA,Wine,Breakthrough
90039,AIME ROQUESANTE,Wine,Breakthrough
90039,AJ,Wine,Breakthrough
90039,ALAIN BRUMONT,Wine,Breakthrough
90039,ALAIN CHAVY,Wine,Breakthrough
90039,ALAMOS,Wine,Breakthrough
90039,ALAVIDA,Wine,Breakthrough
90039,ALBERTO NANI,Wine,Breakthrough
90039,ALBOLA,Wine,Breakthrough
90039,ALCANZA,Wine,Breakthrough
90039,ALCHEMIST,Wine,Breakthrough
90039,ALDERBROOK,Wine,Breakthrough
90039,ALEGRETE,Wine,Breakthrough
90039,ALEJANDRO BULGHERONI,Wine,Breakthrough
90039,ALEXANDER VALLEY VINEYARDS,Wine,Breakthrough
90039,ALEXANDER VALLEY WINERY CO,Wine,Breakthrough
90039,ALEXANDER VIK,Wine,Breakthrough
90039,ALFREDO ROCA,Wine,Breakthrough
90039,ALGORITHM,Wine,Breakthrough
90039,ALL YOU NEED IS LOVE,Wine,Breakthrough
90039,ALLEGRO CA,Wine,Breakthrough
90039,ALLINI,Wine,Breakthrough
90039,ALMA MORA,Wine,Breakthrough
90039,ALMAVIVA,Wine,Breakthrough
90039,ALMIRA,Wine,Breakthrough
90039,ALMONDO,Wine,Breakthrough
90039,ALTA LUNA,Wine,Breakthrough
90039,ALTITUDE PROJECT,Wine,Breakthrough
90039,ALTOS DE TAMARON,Wine,Breakthrough
90039,ALTURA 1024,Wine,Breakthrough
90039,ALVES DE SOUSA,Wine,Breakthrough
90039,AMA NO TO,Wine,Breakthrough
90039,AMABILE,Wine,Breakthrough
90039,AMABOKO,Wine,Breakthrough
90039,AMALAYA,Wine,Breakthrough
90039,AMANCAYA,Wine,Breakthrough
90039,AMAR CORE,Wine,Breakthrough
90039,AMAYNA,Wine,Breakthrough
90039,AMBERHILL,Wine,Breakthrough
90039,AMBIENTE,Wine,Breakthrough
90039,AMBIGUITY,Wine,Breakthrough
90039,AMELIA,Wine,Breakthrough
90039,AMITY VINEYARDS,Wine,Breakthrough
90039,AMOR FATI WINE,Wine,Breakthrough
90039,AMORANY,Wine,Breakthrough
90039,AMORE DI AMANTI,Wine,Breakthrough
90039,ANALIVIA,Wine,Breakthrough
90039,ANARES,Wine,Breakthrough
90039,ANDEAN WINERIES,Wine,Breakthrough
90039,ANDES PEAKS,Wine,Breakthrough
90039,ANDRE,Wine,Breakthrough
90039,ANDRE LURTON,Wine,Breakthrough
90039,ANDRETTI,Wine,Breakthrough
90039,ANDREW,Wine,Breakthrough
90039,ANGARO,Wine,Breakthrough
90039,ANGEL'S CUP,Wine,Breakthrough
90039,ANGEL'S INK,Wine,Breakthrough
90039,ANGELS & COWBOYS,Wine,Breakthrough
90039,ANGLADA DELEGER,Wine,Breakthrough
90039,ANNA DE CODORNIU,Wine,Breakthrough
90039,ANNIE'S LANE,Wine,Breakthrough
90039,ANTHONY & DOMINIC,Wine,Breakthrough
90039,ANTICA CASCINA,Wine,Breakthrough
90039,ANTICA TERRA,Wine,Breakthrough
90039,ANTOINE DELAUNE,Wine,Breakthrough
90039,ANTONIN GUYON,Wine,Breakthrough
90039,ANWILKA,Wine,Breakthrough
90039,APOTHIC,Wine,Breakthrough
90039,APRES SOL,Wine,Breakthrough
90039,AQUILA,Wine,Breakthrough
90039,AQUILINI,Wine,Breakthrough
90039,AQUITANIA,Wine,Breakthrough
90039,ARBOR CREST,Wine,Breakthrough
90039,ARCH RIVAL WINE CO,Wine,Breakthrough
90039,ARCHETYPE,Wine,Breakthrough
90039,ARCS,Wine,Breakthrough
90039,ARDEN,Wine,Breakthrough
90039,ARENA LOCA,Wine,Breakthrough
90039,ARESTEL,Wine,Breakthrough
90039,AREYNA,Wine,Breakthrough
90039,ARGIANO,Wine,Breakthrough
90039,ARIANNA,Wine,Breakthrough
90039,ARIENZO,Wine,Breakthrough
90039,ARMAND DE BRIGNAC,Wine,Breakthrough
90039,ARMILAR,Wine,Breakthrough
90039,ARNOLD PALMER WINES,Wine,Breakthrough
90039,AROSA,Wine,Breakthrough
90039,ARROGANT FROG,Wine,Breakthrough
90039,ARROW CREEK,Wine,Breakthrough
90039,ARRUMACO,Wine,Breakthrough
90039,ARTESA WINERY,Wine,Breakthrough
90039,ARTEZIN,Wine,Breakthrough
90039,ARTIFAKT,Wine,Breakthrough
90039,ARTISENTO,Wine,Breakthrough
90039,ARUMA,Wine,Breakthrough
90039,ASHOKAWNA,Wine,Breakthrough
90039,ASTORIA,Wine,Breakthrough
90039,ASTROLABE,Wine,Breakthrough
90039,ATACAMA,Wine,Breakthrough
90039,ATELIER,Wine,Breakthrough
90039,ATHENA,Wine,Breakthrough
90039,ATLANTA HARD CIDER,Cider,Breakthrough
90039,ATLAS PEAK,Wine,Breakthrough
90039,ATOMIC BOSS,Wine,Breakthrough
90039,ATTILIO GHISOLFI,Wine,Breakthrough
90039,ATTITUDE JOLIVET,Wine,Breakthrough
90039,AU,Wine,Breakthrough
90039,AUGEY,Wine,Breakthrough
90039,AUGMENT,Wine,Breakthrough
90039,AUGUSTA KELLEREI,Wine,Breakthrough
90039,AURELIE,Wine,Breakthrough
90039,AURELIEN VERDET,Wine,Breakthrough
90039,AURORA CELLARS,Wine,Breakthrough
90039,AUSTERITY,Wine,Breakthrough
90039,AV WINERY,Wine,Breakthrough
90039,AVAILABLE,Wine,Breakthrough
90039,AVALON,Wine,Breakthrough
90039,AVANA,Low Alcohol Beverage,Breakthrough
90039,AVELY LANE VINEYARDS,Wine,Breakthrough
90039,AVERY LANE VINEYARDS,Wine,Breakthrough
90039,AVILA,Wine,Breakthrough
90039,AVIVO,Wine,Breakthrough
90039,AZIENDA AGRICOLA FRATELLI RECCHIA,Wine,Breakthrough
90039,AZIENDA AGRICOLA LOSI,Wine,Breakthrough
90039,AZIENDA AGRICOLA REVA S.S.,Wine,Breakthrough
90039,AZINHAGA,Wine,Breakthrough
90039,AZZARO,Wine,Breakthrough
90039,Azienda Agricola Simone Capecci,Wine,Breakthrough
90039,B LIV,Wine,Breakthrough
90039,B SIDE,Wine,Breakthrough
90039,BACARDI,Low Alcohol Beverage,Breakthrough
90039,BACHER,Wine,Breakthrough
90039,BACKHOUSE,Wine,Breakthrough
90039,BACKPACK WINE,Wine,Breakthrough
90039,BACON,Wine,Breakthrough
90039,BAD JUANITA'S,Low Alcohol Beverage,Breakthrough
90039,BALKAN CREST,Wine,Breakthrough
90039,BALLATORE,Wine,Breakthrough
90039,BALTHASAR RESS,Wine,Breakthrough
90039,BANDIERA,Wine,Breakthrough
90039,BANDON,Wine,Breakthrough
90039,BANROCK STATION,Wine,Breakthrough
90039,BARBED WIRE,Wine,Breakthrough
90039,BAREFOOT,Wine,Breakthrough
90039,BAREFOOT BUBBLY,Wine,Breakthrough
90039,BAREFOOT CELLARS,Wine,Breakthrough
90039,BAREFOOT HARD SELTZER,Wine,Breakthrough
90039,BAREFOOT MOSCATO,Wine,Breakthrough
90039,BAREFOOT REFRESH,Wine,Breakthrough
90039,BAREFOOT SPRITZER,Wine,Breakthrough
90039,BAREFOOT WINE HARD SELTZER,Wine,Breakthrough
90039,BARKAN,Wine,Breakthrough
90039,BARNWOOD,Wine,Breakthrough
90039,BARON AMARILLO,Wine,Breakthrough
90039,BARON DE ESCAL,Wine,Breakthrough
90039,BARON DE LEY,Wine,Breakthrough
90039,BARON HERZOG,Wine,Breakthrough
90039,BARONCINI,Wine,Breakthrough
90039,BARONE FINI,Wine,Breakthrough
90039,BARONS EDMOND ET BENJAMIN DE ROTHSCHILD,Wine,Breakthrough
90039,BAROSSA JACK,Wine,Breakthrough
90039,BAROSSA VALLEY ESTATE,Wine,Breakthrough
90039,BARRE FRERES,Wine,Breakthrough
90039,BARREL AXE,Wine,Breakthrough
90039,BARREL BOX,Wine,Breakthrough
90039,BARRINGTON ESTATE,Wine,Breakthrough
90039,BARTENURA,Wine,Breakthrough
90039,BARTLES & JAYMES,Wine,Breakthrough
90039,BARTON & GUESTIER,Wine,Breakthrough
90039,BATCH NO 198,Wine,Breakthrough
90039,BATITU,Wine,Breakthrough
90039,BATURRICA,Wine,Breakthrough
90039,BAZELET HA GOLAN,Wine,Breakthrough
90039,BE HUMAN,Wine,Breakthrough
90039,BE.,Wine,Breakthrough
90039,BEACH COLADA,Wine,Breakthrough
90039,BEACH DAI Q RI,Wine,Breakthrough
90039,BEAR BROS,Wine,Breakthrough
90039,BEAR FLAG,Wine,Breakthrough
90039,BEAU JARDIN,Wine,Breakthrough
90039,BEAULIEU VINEYARD,Wine,Breakthrough
90039,BEAUTIFUL DRINKS CO,Low Alcohol Beverage,Breakthrough
90039,BECHTHEIMER PILGERPFAD,Wine,Breakthrough
90039,BEE'S KNEES,Wine,Breakthrough
90039,BEER BROS,Wine,Breakthrough
90039,BEL A CIAO,Wine,Breakthrough
90039,BEL ARBOR VINEYARDS,Wine,Breakthrough
90039,BEL ROSE,Wine,Breakthrough
90039,BELCREME DE LYS,Wine,Breakthrough
90039,BELFORD SPRINGS,Wine,Breakthrough
90039,BELLA BOLLE,Wine,Breakthrough
90039,BELLA CONCHI,Wine,Breakthrough
90039,BELLA ELLA,Wine,Breakthrough
90039,BELLA ROSA,Wine,Breakthrough
90039,BELLA SERA,Wine,Breakthrough
90039,BELLA SERA FRESCATA,Wine,Breakthrough
90039,BELLACOSA,Wine,Breakthrough
90039,BELLANOVA,Wine,Breakthrough
90039,BELLE BROOK,Wine,Breakthrough
90039,BELLE DE PROVENCE,Wine,Breakthrough
90039,BELLE ISLE CRAFT SPIRITS,Low Alcohol Beverage,Breakthrough
90039,BELLETTI,Wine,Breakthrough
90039,BELLITALIA,Wine,Breakthrough
90039,BELLUCCINI,Wine,Breakthrough
90039,BELMONTI,Wine,Breakthrough
90039,BELPOSTO,Wine,Breakthrough
90039,BELVEDERE,Wine,Breakthrough
90039,BENEDETTO,Wine,Breakthrough
90039,BENI DI BATASIOLO,Wine,Breakthrough
90039,BENJAMIN,Wine,Breakthrough
90039,BENNETT FAMILY,Wine,Breakthrough
90039,BENSON FERRY VINEYARDS,Wine,Breakthrough
90039,BERGERON ESTATE,Wine,Breakthrough
90039,BERINGER,Wine,Breakthrough
90039,BERINGER BROS,Wine,Breakthrough
90039,BERINGER FOUNDERS' ESTATE,Wine,Breakthrough
90039,BERINGER THIRD CENTURY,Wine,Breakthrough
90039,BERNADOR,Wine,Breakthrough
90039,BERONIA,Wine,Breakthrough
90039,BERTANI,Wine,Breakthrough
90039,BERTRAND DELESPIERRE,Wine,Breakthrough
90039,BERTRAND SENECOURT,Wine,Breakthrough
90039,BETTY BOOZE,Low Alcohol Beverage,Breakthrough
90039,BEV,Wine,Breakthrough
90039,BEVIAMO,Wine,Breakthrough
90039,BEX,Wine,Breakthrough
90039,BIANCO,Wine,Breakthrough
90039,BIASINI,Wine,Breakthrough
90039,BICHAT,Wine,Breakthrough
90039,BIG ASS CAB WINERY,Wine,Breakthrough
90039,BIG ASS CHARD WINERY,Wine,Breakthrough
90039,BIG ASS ZIN WINERY,Wine,Breakthrough
90039,BIG MAMMA'S,Wine,Breakthrough
90039,BIG RIVER,Wine,Breakthrough
90039,BIG SMOOTH,Wine,Breakthrough
90039,BIG YELLOW CAB,Wine,Breakthrough
90039,BIGODE,Wine,Breakthrough
90039,BILLETTE,Wine,Breakthrough
90039,BILLY'S SHADOW,Wine,Breakthrough
90039,BINDER MITCHELL,Wine,Breakthrough
90039,BINYAMINA,Wine,Breakthrough
90039,BIRD IN HAND,Wine,Breakthrough
90039,BIRDS EYE,Wine,Breakthrough
90039,BIRTHDAY CAKE,Wine,Breakthrough
90039,BISHOP RIDGE,Wine,Breakthrough
90039,BISQUERTT VINEYARDS,Wine,Breakthrough
90039,BISSINGER & CO,Wine,Breakthrough
90039,BISTRO,Wine,Breakthrough
90039,BLACK ELK,Wine,Breakthrough
90039,BLACK FOREST GIRL,Wine,Breakthrough
90039,BLACK INK,Wine,Breakthrough
90039,BLACK MARLIN,Wine,Breakthrough
90039,BLACK POINT,Wine,Breakthrough
90039,BLACK ROCK,Wine,Breakthrough
90039,BLACK SILK,Wine,Breakthrough
90039,BLACK SWAN,Wine,Breakthrough
90039,BLACKLETTER,Wine,Breakthrough
90039,BLACKRIDGE CANYON,Wine,Breakthrough
90039,BLASON D'ISSAN,Wine,Breakthrough
90039,BLASS,Wine,Breakthrough
90039,BLAZIN HOT,Wine,Breakthrough
90039,BLAZON,Wine,Breakthrough
90039,BLISSFUL BIRD,Wine,Breakthrough
90039,BLOOM,Wine,Breakthrough
90039,BLOSSOM HILL COLLECTION,Wine,Breakthrough
90039,BLOSSOM HILL WINERY,Wine,Breakthrough
90039,BLUE JEAN,Wine,Breakthrough
90039,BLUE PIRATE,Wine,Breakthrough
90039,BLUE REEF,Wine,Breakthrough
90039,BODEGA ELENA DE MENDOZA,Wine,Breakthrough
90039,BODEGA LANZAGA,Wine,Breakthrough
90039,BODEGA Y VINEDOS MAURICIO LORCA,Wine,Breakthrough
90039,BODEGAS BILBAINAS,Wine,Breakthrough
90039,BODEGAS BORDEJE,Wine,Breakthrough
90039,BODEGAS COOPERATIVA JESUS NAZARENO,Wine,Breakthrough
90039,BODEGAS ELOSEGI,Wine,Breakthrough
90039,BODEGAS FONTANA,Wine,Breakthrough
90039,BODEGAS HISPANO SUIZAS,Wine,Breakthrough
90039,BODEGAS LA PURISIMA,Wine,Breakthrough
90039,BODEGAS PENASCAL,Wine,Breakthrough
90039,BODEGAS SIERRA DE GUARA,Wine,Breakthrough
90039,BODINI,Wine,Breakthrough
90039,BOHEMIAN HIGHWAY,Wine,Breakthrough
90039,BOISSIERE,Wine,Breakthrough
90039,BOMBAY SAPPHIRE,Low Alcohol Beverage,Breakthrough
90039,BON AMI,Wine,Breakthrough
90039,BON CAP,Wine,Breakthrough
90039,BONAVAL,Wine,Breakthrough
90039,BONIZIO,Wine,Breakthrough
90039,BONNEAU DU MARTRAY,Wine,Breakthrough
90039,BONTERRA,Wine,Breakthrough
90039,BOOMBERRY WINERY,Wine,Breakthrough
90039,BOONE'S,Wine,Breakthrough
90039,BOONE'S FARM,Wine,Breakthrough
90039,BOORDY VINEYARDS,Wine,Breakthrough
90039,BOOT TREAD,Malt Beverage,Breakthrough
90039,BOREALIS VINTNERS,Wine,Breakthrough
90039,BORELLI,Wine,Breakthrough
90039,BORGIANNI,Wine,Breakthrough
90039,BOSIO,Wine,Breakthrough
90039,BOTIELLA,Low Alcohol Beverage,Breakthrough
90039,BOUCHAINE,Wine,Breakthrough
90039,BOUCHARD AINE & FILS,Wine,Breakthrough
90039,BOUCHARD FINLAYSON,Wine,Breakthrough
90039,BOULDER OPAL,Wine,Breakthrough
90039,BOUND + DETERMINED,Wine,Breakthrough
90039,BOUTIQUE,Wine,Breakthrough
90039,BOXI,Wine,Breakthrough
90039,BOXING ROO,Wine,Breakthrough
90039,BOYA,Wine,Breakthrough
90039,BRADFORD MOUNTAIN,Wine,Breakthrough
90039,BRANCAIA,Wine,Breakthrough
90039,BRANCOTT ESTATE,Wine,Breakthrough
90039,BRANDAL,Wine,Breakthrough
90039,BRAVINO,Wine,Breakthrough
90039,BRAZILIAN SOUL,Wine,Breakthrough
90039,BREE,Wine,Breakthrough
90039,BREMMER CREEK WINES,Wine,Breakthrough
90039,BRIDLEWOOD ESTATE WINERY,Wine,Breakthrough
90039,BRIGHTLANDS,Wine,Breakthrough
90039,BROADBENT,Wine,Breakthrough
90039,BROADLAND WINERIES,Wine,Breakthrough
90039,BROADSIDE,Wine,Breakthrough
90039,BROKE ASS,Wine,Breakthrough
90039,BROKEN CLOUDS,Wine,Breakthrough
90039,BROKEN EARTH,Wine,Breakthrough
90039,BROOK HOLLOW,Wine,Breakthrough
90039,BROOKLAND VALLEY,Wine,Breakthrough
90039,BROQUEL,Wine,Breakthrough
90039,BROWN BROTHERS,Wine,Breakthrough
90039,BRUMBY,Wine,Breakthrough
90039,BRUN ESTATE,Wine,Breakthrough
90039,BRUNO COLIN,Wine,Breakthrough
90039,BRUNO HUNOLD,Wine,Breakthrough
90039,BRUSCO DEI BARBI,Wine,Breakthrough
90039,BRUSSET HOMMAGE ANDRE,Wine,Breakthrough
90039,BTP,Wine,Breakthrough
90039,BUBO,Wine,Breakthrough
90039,BUCK SHACK,Wine,Breakthrough
90039,BUFFALO HEAD,Wine,Breakthrough
90039,BUMBLE & BLOOM,Wine,Breakthrough
90039,BURG SCHONECK,Wine,Breakthrough
90039,BURIED CANE,Wine,Breakthrough
90039,BURLWOOD CELLARS,Wine,Breakthrough
90039,BURMESTER,Wine,Breakthrough
90039,BUSHIDO,Wine,Breakthrough
90039,BUTTERCUP,Wine,Breakthrough
90039,BUTTERFLY KISS,Wine,Breakthrough
90039,BUZZBALLZ CHILLERS,Wine,Breakthrough
90039,BV COASTAL ESTATES,Wine,Breakthrough
90039,Bodega Zafado,Wine,Breakthrough
90039,CA DEL TEO,Wine,Breakthrough
90039,CA DONINI,Wine,Breakthrough
90039,CA' DEL LAGO,Wine,Breakthrough
90039,CA' MOMI,Wine,Breakthrough
90039,CA'BIANCA,Wine,Breakthrough
90039,CA'VESTA,Wine,Breakthrough
90039,CA.SA SACCHETTO,Wine,Breakthrough
90039,CABECA DE TOIRO,Wine,Breakthrough
90039,CABREO,Wine,Breakthrough
90039,CACHETTE,Wine,Breakthrough
90039,CADARETTA,Wine,Breakthrough
90039,CAGED,Wine,Breakthrough
90039,CALADELVERDE,Wine,Breakthrough
90039,CALI COCKTAILS,Wine,Breakthrough
90039,CALIBRATE,Wine,Breakthrough
90039,CALIFORNIA DREAM,Wine,Breakthrough
90039,CALIFORNIA HERITAGE,Wine,Breakthrough
90039,CALIFORNIA RABBIT,Wine,Breakthrough
90039,CALIFORNIA TRADITIONS,Wine,Breakthrough
90039,CALIFRESCA,Wine,Breakthrough
90039,CALLAWAY CELLAR SELECTION,Wine,Breakthrough
90039,CALNATURALE,Wine,Breakthrough
90039,CALVANO,Wine,Breakthrough
90039,CALZO,Wine,Breakthrough
90039,CAMBALALA,Wine,Breakthrough
90039,CAMILLE MEYER,Wine,Breakthrough
90039,CAMILO CASTILLA,Wine,Breakthrough
90039,CAMINO DEL PEREGRINO,Wine,Breakthrough
90039,CAMINO SP,Wine,Breakthrough
90039,CAMPANILE,Wine,Breakthrough
90039,CAMPO AL MARE,Wine,Breakthrough
90039,CAMPO ALEGRE,Wine,Breakthrough
90039,CAMPO BARGELLO,Wine,Breakthrough
90039,CAMPO ELISEO,Wine,Breakthrough
90039,CANARD DUCHENE,Wine,Breakthrough
90039,CANDLELIT MEMORIES,Wine,Breakthrough
90039,CANDONI,Wine,Breakthrough
90039,CANNONBALL,Wine,Breakthrough
90039,CANOE RIDGE VINEYARD,Wine,Breakthrough
90039,CANPAGNE,Wine,Breakthrough
90039,CANTI,Wine,Breakthrough
90039,CANTINA TOLLO,Wine,Breakthrough
90039,CANTINE LEONARDO DA VINCI,Wine,Breakthrough
90039,CANYON ROAD,Wine,Breakthrough
90039,CAPE AFRICA,Wine,Breakthrough
90039,CAPE COLLECTION,Wine,Breakthrough
90039,CAPE COUNTRY,Wine,Breakthrough
90039,CAPE CREEK,Wine,Breakthrough
90039,CAPE MENTELLE,Wine,Breakthrough
90039,CAPELLO,Wine,Breakthrough
90039,CAPESIDE CELLARS,Wine,Breakthrough
90039,CAPO D'OPERA,Wine,Breakthrough
90039,CAPOSALDO,Wine,Breakthrough
90039,CARIGNAN,Wine,Breakthrough
90039,CARLETTO,Wine,Breakthrough
90039,CARLO ROSSI,Wine,Breakthrough
90039,CARMEL,Wine,Breakthrough
90039,CARNAVAL,Wine,Breakthrough
90039,CARNEROS RIDGE,Wine,Breakthrough
90039,CARNIVOR,Wine,Breakthrough
90039,CARO,Wine,Breakthrough
90039,CAROLINA,Wine,Breakthrough
90039,CARPANO,Wine,Breakthrough
90039,CARRUADES DE LAFITE,Wine,Breakthrough
90039,CASA LA JOYA,Wine,Breakthrough
90039,CASA SANGRIOSO,Wine,Breakthrough
90039,CASA SANTOS LIMA,Wine,Breakthrough
90039,CASA SILVA,Wine,Breakthrough
90039,CASABLANCA,Wine,Breakthrough
90039,CASALETTO,Wine,Breakthrough
90039,CASALINGA,Wine,Breakthrough
90039,CASANOVA DI NERI,Wine,Breakthrough
90039,CASARENA,Wine,Breakthrough
90039,CASARLEVA,Wine,Breakthrough
90039,CASATO DEI MEDICI RICCARDI,Wine,Breakthrough
90039,CASCADE RIDGE,Wine,Breakthrough
90039,CASCINA BIANCA,Wine,Breakthrough
90039,CASTANEDA,Wine,Breakthrough
90039,CASTEL,Wine,Breakthrough
90039,CASTEL FRERES,Wine,Breakthrough
90039,CASTELLO D'ALBOLA,Wine,Breakthrough
90039,CASTELLO DEL POGGIO,Wine,Breakthrough
90039,CASTELLO DEL TERRICCIO,Wine,Breakthrough
90039,CASTELLO DI ALBOLA,Wine,Breakthrough
90039,CASTELLO DI BIBBIONE,Wine,Breakthrough
90039,CASTELLO DI FONTERUTOLI,Wine,Breakthrough
90039,CASTELLO DI GABBIANO,Wine,Breakthrough
90039,CASTELLO DI MONASTERO,Wine,Breakthrough
90039,CASTELLO DI VOLPAIA,Wine,Breakthrough
90039,CASTELLO MONACI,Wine,Breakthrough
90039,CASTELLORE,Wine,Breakthrough
90039,CASTELNAU LE CHEMIN DU ROI,Wine,Breakthrough
90039,CASTILLO,Wine,Breakthrough
90039,CASTILLO DE LAS ZARZAS,Wine,Breakthrough
90039,CASTILLO DE MONSERAN,Wine,Breakthrough
90039,CASTLE ROCK,Wine,Breakthrough
90039,CASTLERIDGE,Wine,Breakthrough
90039,CASTOR & POLLUX,Wine,Breakthrough
90039,CATACLYSM,Wine,Breakthrough
90039,CATEDRAL,Wine,Breakthrough
90039,CATHY,Wine,Breakthrough
90039,CATTLEMEN RIDGE,Wine,Breakthrough
90039,CAULDRON CO,Wine,Breakthrough
90039,CAVA D'ONICE,Wine,Breakthrough
90039,CAVALIERE D'ORO,Wine,Breakthrough
90039,CAVE DE LUGNY,Wine,Breakthrough
90039,CAVE DE SAINT DESIRAT,Wine,Breakthrough
90039,CAVES DUPLESSIS,Wine,Breakthrough
90039,CAVES VELHAS,Wine,Breakthrough
90039,CAVICCHIOLI,Wine,Breakthrough
90039,CAVIPOR,Wine,Breakthrough
90039,CAVISTE,Wine,Breakthrough
90039,CAVIT,Wine,Breakthrough
90039,CAZADORES,Low Alcohol Beverage,Breakthrough
90039,CECCHI,Wine,Breakthrough
90039,CELISE WINERY,Wine,Breakthrough
90039,CELL BLOCK,Wine,Breakthrough
90039,CELLAR CRAFT,Wine,Breakthrough
90039,CELLARS CREST,Wine,Breakthrough
90039,CELLIER DU PONT D'ARC,Wine,Breakthrough
90039,CELLIERS DU COLOMBIER,Wine,Breakthrough
90039,CENTURY ROAD,Wine,Breakthrough
90039,CEPA LEBREL,Wine,Breakthrough
90039,CHACRA,Wine,Breakthrough
90039,CHADDSFORD,Wine,Breakthrough
90039,CHAIN OF PONDS,Wine,Breakthrough
90039,CHAIS BAUMIERE,Wine,Breakthrough
90039,CHAKANA,Wine,Breakthrough
90039,CHALKBOARD,Wine,Breakthrough
90039,CHALONE VINEYARD,Wine,Breakthrough
90039,CHAMPAGNE DELBECK,Wine,Breakthrough
90039,CHAMPS DE PROVENCE,Wine,Breakthrough
90039,CHAMPS DE ROSE,Wine,Breakthrough
90039,CHAMPY CA,Wine,Breakthrough
90039,CHARDONNAY DE POTRERO,Wine,Breakthrough
90039,CHARLES CELLAR,Wine,Breakthrough
90039,CHARLES DU ROY,Wine,Breakthrough
90039,CHARLES KRUG,Wine,Breakthrough
90039,CHARLES LAFITTE,Wine,Breakthrough
90039,CHARLES SHAW,Wine,Breakthrough
90039,CHARLES SMITH WINES,Wine,Breakthrough
90039,CHARLES WOODSON'S INTERCEPT,Wine,Breakthrough
90039,CHASING RAIN,Wine,Breakthrough
90039,CHATEAU AUSONE,Wine,Breakthrough
90039,CHATEAU BARRAIL LAUSSAC,Wine,Breakthrough
90039,CHATEAU BARREYRES,Wine,Breakthrough
90039,CHATEAU BEAUREGARD,Wine,Breakthrough
90039,CHATEAU BELLEGRAVE BOULDY,Wine,Breakthrough
90039,CHATEAU BELLES EAUX,Wine,Breakthrough
90039,CHATEAU BELLEVUE GUIGNARD,Wine,Breakthrough
90039,CHATEAU BELLISLE MONDOTTE,Wine,Breakthrough
90039,CHATEAU BEYCHEVELLE,Wine,Breakthrough
90039,CHATEAU BONNET,Wine,Breakthrough
90039,CHATEAU BRANAIRE DUCRU,Wine,Breakthrough
90039,CHATEAU CALISSANNE,Wine,Breakthrough
90039,CHATEAU CAMPOT LAFON,Wine,Breakthrough
90039,CHATEAU CANON CLOS CANON,Wine,Breakthrough
90039,CHATEAU CANTENAC BROWN,Wine,Breakthrough
90039,CHATEAU CARDUS,Wine,Breakthrough
90039,CHATEAU CAVALIER,Wine,Breakthrough
90039,CHATEAU CERTAN DE MAY,Wine,Breakthrough
90039,CHATEAU CHANTALOUETTE,Wine,Breakthrough
90039,CHATEAU CHASSE SPLEEN,Wine,Breakthrough
90039,CHATEAU CLOS L'EGLISE,Wine,Breakthrough
90039,CHATEAU CORMEIL FIGEAC,Wine,Breakthrough
90039,CHATEAU COS D'ESTOURNEL,Wine,Breakthrough
90039,CHATEAU COTE NORD,Wine,Breakthrough
90039,CHATEAU CROIX D'AUMEDES,Wine,Breakthrough
90039,CHATEAU D'AQUERIA,Wine,Breakthrough
90039,CHATEAU D'ARCHE,Wine,Breakthrough
90039,CHATEAU D'ARCINS,Wine,Breakthrough
90039,CHATEAU D'ARMAILHAC,Wine,Breakthrough
90039,CHATEAU DE BARBE BLANCHE,Wine,Breakthrough
90039,CHATEAU DE BEL,Wine,Breakthrough
90039,CHATEAU DE BON AMI,Wine,Breakthrough
90039,CHATEAU DE BY,Wine,Breakthrough
90039,CHATEAU DE CARAGUILHES,Wine,Breakthrough
90039,CHATEAU DE CATHALOGNE,Wine,Breakthrough
90039,CHATEAU DE CLAIREFONT,Wine,Breakthrough
90039,CHATEAU DE CORDES,Wine,Breakthrough
90039,CHATEAU DE CRUZEAU,Wine,Breakthrough
90039,CHATEAU DE FIEUZAL,Wine,Breakthrough
90039,CHATEAU DE GOULAINE,Wine,Breakthrough
90039,CHATEAU DE LA COSTE,Wine,Breakthrough
90039,CHATEAU DE LA TOUR,Wine,Breakthrough
90039,CHATEAU DE LANCYRE,Wine,Breakthrough
90039,CHATEAU DE MONTFORT,Wine,Breakthrough
90039,CHATEAU DE PENA,Wine,Breakthrough
90039,CHATEAU DE PIERREUX,Wine,Breakthrough
90039,CHATEAU DE SALES,Wine,Breakthrough
90039,CHATEAU DE TIGNE,Wine,Breakthrough
90039,CHATEAU DE VALFLAUNES,Wine,Breakthrough
90039,CHATEAU DES ANNEREAUX,Wine,Breakthrough
90039,CHATEAU DES FOUGERES,Wine,Breakthrough
90039,CHATEAU DES JACQUES,Wine,Breakthrough
90039,CHATEAU DES TOURTES,Wine,Breakthrough
90039,CHATEAU DU BOUSQUET,Wine,Breakthrough
90039,CHATEAU DU GRAND MAINE,Wine,Breakthrough
90039,CHATEAU DU GRAND MOUEYS,Wine,Breakthrough
90039,CHATEAU DU MOULIN,Wine,Breakthrough
90039,CHATEAU DU PIRAS,Wine,Breakthrough
90039,CHATEAU DU VIEUX DUCHE,Wine,Breakthrough
90039,CHATEAU DUHART MILON,Wine,Breakthrough
90039,CHATEAU DUPLESSY,Wine,Breakthrough
90039,CHATEAU FERRANDE,Wine,Breakthrough
90039,CHATEAU FONTBERNARD,Wine,Breakthrough
90039,CHATEAU FOUNTGRAVES,Wine,Breakthrough
90039,CHATEAU FRANC MAYNE,Wine,Breakthrough
90039,CHATEAU FRANK,Wine,Breakthrough
90039,CHATEAU GABAREY,Wine,Breakthrough
90039,CHATEAU GAILLARD NOUVEL,Wine,Breakthrough
90039,CHATEAU GALAU,Wine,Breakthrough
90039,CHATEAU GISCOURS,Wine,Breakthrough
90039,CHATEAU GRAND CLARET,Wine,Breakthrough
90039,CHATEAU GRAND DUROC MILON,Wine,Breakthrough
90039,CHATEAU GRAND MOULINET,Wine,Breakthrough
90039,CHATEAU GRAND PUY LACOSTE,Wine,Breakthrough
90039,CHATEAU GRAVAT,Wine,Breakthrough
90039,CHATEAU GREYSAC,Wine,Breakthrough
90039,CHATEAU GRIVIERE,Wine,Breakthrough
90039,CHATEAU GUEYDON,Wine,Breakthrough
90039,CHATEAU GUIRAUD,Wine,Breakthrough
90039,CHATEAU HAUT BAILLY,Wine,Breakthrough
90039,CHATEAU HAUT BEYZAC,Wine,Breakthrough
90039,CHATEAU HAUT BRION,Wine,Breakthrough
90039,CHATEAU HAUT CORBIN,Wine,Breakthrough
90039,CHATEAU HAUT GIRON,Wine,Breakthrough
90039,CHATEAU HAUT JONSET,Wine,Breakthrough
90039,CHATEAU HAUT MAURIN,Wine,Breakthrough
90039,CHATEAU HAUT MONTAUD,Wine,Breakthrough
90039,CHATEAU HAUT RIAN,Wine,Breakthrough
90039,CHATEAU HAUT SURGET,Wine,Breakthrough
90039,CHATEAU L'EGLISE VIEILLE,Wine,Breakthrough
90039,CHATEAU LA CHEZE,Wine,Breakthrough
90039,CHATEAU LA COMMANDERIE,Wine,Breakthrough
90039,CHATEAU LA CROIX DE GUILLOT,Wine,Breakthrough
90039,CHATEAU LA CROIX MARTELLE,Wine,Breakthrough
90039,CHATEAU LA CROIX ST ESTEPHE,Wine,Breakthrough
90039,CHATEAU LA FLEUR DALLON,Wine,Breakthrough
90039,CHATEAU LA FLEUR MONGIRON,Wine,Breakthrough
90039,CHATEAU LA FLEUR PLAISANCE,Wine,Breakthrough
90039,CHATEAU LA GRANGE CLINET,Wine,Breakthrough
90039,CHATEAU LA GRAVIERE EARL VIGNOBLES THERESA,Wine,Breakthrough
90039,CHATEAU LA JOYA,Wine,Breakthrough
90039,CHATEAU LA MONGIE,Wine,Breakthrough
90039,CHATEAU LA NOE,Wine,Breakthrough
90039,CHATEAU LA RENAISSANCE,Wine,Breakthrough
90039,CHATEAU LA ROSE BELLEVUE,Wine,Breakthrough
90039,CHATEAU LA ROSE TOUR BLANCHE,Wine,Breakthrough
90039,CHATEAU LA TOUR DE BESSON,Wine,Breakthrough
90039,CHATEAU LA TOUR HAUT BRION,Wine,Breakthrough
90039,CHATEAU LA VIEILLE CROIX,Wine,Breakthrough
90039,CHATEAU LA VIEILLE CURE,Wine,Breakthrough
90039,CHATEAU LALANDE BORIE,Wine,Breakthrough
90039,CHATEAU LAMOTHE DE HAUX,Wine,Breakthrough
90039,CHATEAU LAMOTHE VINCENT,Wine,Breakthrough
90039,CHATEAU LANDEREAU,Wine,Breakthrough
90039,CHATEAU LARMEVAILLE,Wine,Breakthrough
90039,CHATEAU LAROSE TRINTAUDON,Wine,Breakthrough
90039,CHATEAU LAURIOL,Wine,Breakthrough
90039,CHATEAU LE BOURDIEU,Wine,Breakthrough
90039,CHATEAU LE CROCK,Wine,Breakthrough
90039,CHATEAU LE TERTRE,Wine,Breakthrough
90039,CHATEAU LE TOUZINARD,Wine,Breakthrough
90039,CHATEAU LEOVILLE BARTON,Wine,Breakthrough
90039,CHATEAU LEOVILLE POYFERRE,Wine,Breakthrough
90039,CHATEAU LES BERTHETS,Wine,Breakthrough
90039,CHATEAU LES CARDINAUX,Wine,Breakthrough
90039,CHATEAU LES GRAVES DE BARRAU,Wine,Breakthrough
90039,CHATEAU LES MAURINS,Wine,Breakthrough
90039,CHATEAU LES MOISELLES,Wine,Breakthrough
90039,CHATEAU LES ORMES DE PEZ,Wine,Breakthrough
90039,CHATEAU LES RICARDS,Wine,Breakthrough
90039,CHATEAU LESTAGE,Wine,Breakthrough
90039,CHATEAU LOUDENNE,Wine,Breakthrough
90039,CHATEAU LYNCH BAGES,Wine,Breakthrough
90039,CHATEAU MAGENCE,Wine,Breakthrough
90039,CHATEAU MAGNAN,Wine,Breakthrough
90039,CHATEAU MALARTIC LAGRAVIERE,Wine,Breakthrough
90039,CHATEAU MALBEC,Wine,Breakthrough
90039,CHATEAU MANGONE,Wine,Breakthrough
90039,CHATEAU MARGAUX,Wine,Breakthrough
90039,CHATEAU MASSAMIER LA MIGNARDE,Wine,Breakthrough
90039,CHATEAU MAYCOTT,Wine,Breakthrough
90039,CHATEAU MINUTY,Wine,Breakthrough
90039,CHATEAU MIREFLEURS,Wine,Breakthrough
90039,CHATEAU MONTROSE,Wine,Breakthrough
90039,CHATEAU MORRISETTE,Wine,Breakthrough
90039,CHATEAU MORRISETTE CIDERWORKS,Cider,Breakthrough
90039,CHATEAU MOULIN DE CASSY,Wine,Breakthrough
90039,CHATEAU MOULIN DU CADET,Wine,Breakthrough
90039,CHATEAU MOUTON ROTHSCHILD,Wine,Breakthrough
90039,CHATEAU MUKHRANI,Wine,Breakthrough
90039,CHATEAU OLIVIER,Wine,Breakthrough
90039,CHATEAU ORMES DE PEZ,Wine,Breakthrough
90039,CHATEAU PANCHILLE,Wine,Breakthrough
90039,CHATEAU PAPE CLEMENT,Wine,Breakthrough
90039,CHATEAU PEGAU,Wine,Breakthrough
90039,CHATEAU PETIT VILLAGE,Wine,Breakthrough
90039,CHATEAU PEYROU,Wine,Breakthrough
90039,CHATEAU PHELAN SEGUR,Wine,Breakthrough
90039,CHATEAU PICAU PERNA,Wine,Breakthrough
90039,CHATEAU PICHON LONGUEVILLE,Wine,Breakthrough
90039,CHATEAU PICHON LONGUEVILLE COMTESSE DE LALANDE,Wine,Breakthrough
90039,CHATEAU PONTET CANET,Wine,Breakthrough
90039,CHATEAU POTELLE,Wine,Breakthrough
90039,CHATEAU POTENSAC,Wine,Breakthrough
90039,CHATEAU POUJEAUX,Wine,Breakthrough
90039,CHATEAU PRIEURE LICHINE,Wine,Breakthrough
90039,CHATEAU PUY GUILHEM,Wine,Breakthrough
90039,CHATEAU REYNELLA,Wine,Breakthrough
90039,CHATEAU ROUGET,Wine,Breakthrough
90039,CHATEAU SAINT GERMAIN,Wine,Breakthrough
90039,CHATEAU SAINT ROBERT,Wine,Breakthrough
90039,CHATEAU SAINT SULPICE,Wine,Breakthrough
90039,CHATEAU SENEJAC,Wine,Breakthrough
90039,CHATEAU SOCIANDO MALLET,Wine,Breakthrough
90039,CHATEAU SOUTARD,Wine,Breakthrough
90039,CHATEAU SOUVERAIN,Wine,Breakthrough
90039,CHATEAU ST JEAN,Wine,Breakthrough
90039,CHATEAU SUDUIRAUT,Wine,Breakthrough
90039,CHATEAU TAHBILK,Wine,Breakthrough
90039,CHATEAU TALBOT,Wine,Breakthrough
90039,CHATEAU TALBOT CORDIER,Wine,Breakthrough
90039,CHATEAU TANUNDA,Wine,Breakthrough
90039,CHATEAU TARIS,Wine,Breakthrough
90039,CHATEAU TARTUGUIERE,Wine,Breakthrough
90039,CHATEAU TAYAC,Wine,Breakthrough
90039,CHATEAU TERRES DOUCES,Wine,Breakthrough
90039,CHATEAU TEYSSIER,Wine,Breakthrough
90039,CHATEAU TOUR DE GILLET,Wine,Breakthrough
90039,CHATEAU TOUR PRIGNAC,Wine,Breakthrough
90039,CHATEAU TRICOT D'ARSAC,Wine,Breakthrough
90039,CHATEAU TRONQUOY LALANDE,Wine,Breakthrough
90039,CHATEAU VIEUX MAURAC,Wine,Breakthrough
90039,CHATEAU VIEUX POURRET,Wine,Breakthrough
90039,CHATEAU VIRCOULON,Wine,Breakthrough
90039,CHAZA,Wine,Breakthrough
90039,CHE GAUCHO,Wine,Breakthrough
90039,CHE GRANDE,Wine,Breakthrough
90039,CHEESE BOARD,Wine,Breakthrough
90039,CHERRY ON TOP,Wine,Breakthrough
90039,CHERRY PIE,Wine,Breakthrough
90039,CHERRY TART,Wine,Breakthrough
90039,CHEVALIER DE FAUVERT,Wine,Breakthrough
90039,CHEVALIER DE LA GARDIE,Wine,Breakthrough
90039,CHEVALIER DU GRAND ROBERT,Wine,Breakthrough
90039,CHEVIOT BRIDGE,Wine,Breakthrough
90039,CHIARE,Wine,Breakthrough
90039,CHILLIN,Wine,Breakthrough
90039,CHIYONOSONO,Wine,Breakthrough
90039,CHOCO SECCO,Wine,Breakthrough
90039,CHOCO TOFFEE,Wine,Breakthrough
90039,CHOCOLAT ROUGE,Wine,Breakthrough
90039,CHOCOLATE FOUNTAIN,Wine,Breakthrough
90039,CHOCOLATE SHOP,Wine,Breakthrough
90039,CHRISTIAN MOREAU PERE & FILS,Wine,Breakthrough
90039,CHRISTINE ANDREW,Wine,Breakthrough
90039,CHRISTKINDL,Wine,Breakthrough
90039,CHRISTMAS DREAM,Wine,Breakthrough
90039,CHRISTMAS TRADITIONS,Wine,Breakthrough
90039,CHRISTOPHER MICHAEL WINES,Wine,Breakthrough
90039,CHRONOLOGY,Wine,Breakthrough
90039,CIAMBELLA,Wine,Breakthrough
90039,CICCIO ZACCAGNINI,Wine,Breakthrough
90039,CIGAR ZIN,Wine,Breakthrough
90039,CINTA,Wine,Breakthrough
90039,CITRA,Wine,Breakthrough
90039,CIVELLO,Wine,Breakthrough
90039,CK CELLARS,Wine,Breakthrough
90039,CK MONDAVI,Wine,Breakthrough
90039,CLAP BACK,Wine,Breakthrough
90039,CLARENDON HILLS,Wine,Breakthrough
90039,CLAY SHANNON,Wine,Breakthrough
90039,CLAY STATION,Wine,Breakthrough
90039,CLAYHOUSE,Wine,Breakthrough
90039,CLEAR STONE,Wine,Breakthrough
90039,CLEMENT PASCALET,Wine,Breakthrough
90039,CLOS D'ARGENTINE,Wine,Breakthrough
90039,CLOS DE LOS SIETE,Wine,Breakthrough
90039,CLOS DE MENDOZA,Wine,Breakthrough
90039,CLOS DES JUSTICES,Wine,Breakthrough
90039,CLOS LEOVILLE LAS CASES,Wine,Breakthrough
90039,CLOS MAINE GRAVEREAU,Wine,Breakthrough
90039,CLOS NARDIAN,Wine,Breakthrough
90039,CLOUDCAP,Wine,Breakthrough
90039,CLOUDFALL,Wine,Breakthrough
90039,COAST ROAD,Wine,Breakthrough
90039,COASTAL COVE,Wine,Breakthrough
90039,COASTAL ESTATES,Wine,Breakthrough
90039,COCKBURN'S,Wine,Breakthrough
90039,COCO BAY,Wine,Breakthrough
90039,COCO BOU,Wine,Breakthrough
90039,COCOA VINO,Wine,Breakthrough
90039,COCOVINO,Wine,Breakthrough
90039,CODORNIU,Wine,Breakthrough
90039,CODORNIU NAPA,Wine,Breakthrough
90039,COEUR DE MUSCAT,Wine,Breakthrough
90039,COLBY RED,Wine,Breakthrough
90039,COLLE LAURO,Wine,Breakthrough
90039,COLLE MARRONE,Wine,Breakthrough
90039,COLLE NERO,Wine,Breakthrough
90039,COLLECTION DES CHATEAUX,Wine,Breakthrough
90039,COLLIN BOURISSET,Wine,Breakthrough
90039,COLLINA FOSSETTA,Wine,Breakthrough
90039,COLOMBAN,Wine,Breakthrough
90039,COLOMBO,Wine,Breakthrough
90039,COLOME,Wine,Breakthrough
90039,COLOR BLOCK,Wine,Breakthrough
90039,COLOSSAL,Wine,Breakthrough
90039,COLUMBIA WINERY,Wine,Breakthrough
90039,COMERA,Wine,Breakthrough
90039,COMMANDERIE DE LA BARGEMONE,Wine,Breakthrough
90039,COMPAGNIA DEL VINO,Wine,Breakthrough
90039,COMPLICATED,Wine,Breakthrough
90039,COMTE DE BRISMAND,Wine,Breakthrough
90039,COMTE DE SENNAVAL,Wine,Breakthrough
90039,COMTE DESCLOS,Wine,Breakthrough
90039,CONCILIO,Wine,Breakthrough
90039,CONCRETE,Wine,Breakthrough
90039,CONCURA,Wine,Breakthrough
90039,CONDADO DE ORIZA,Wine,Breakthrough
90039,CONDE DE LOS ANDES,Wine,Breakthrough
90039,CONDE NOBLE,Wine,Breakthrough
90039,CONDE ROBLE,Wine,Breakthrough
90039,CONGRESS SPRINGS,Wine,Breakthrough
90039,CONNELLYS,Wine,Breakthrough
90039,CONNETABLE TALBOT,Wine,Breakthrough
90039,CONQUISTA,Wine,Breakthrough
90039,CONSENSUS,Wine,Breakthrough
90039,CONSPIRACY THEORY,Wine,Breakthrough
90039,CONSTELLATION MOTIF,Wine,Breakthrough
90039,CONTEMPO,Wine,Breakthrough
90039,CONTI ROYALE,Wine,Breakthrough
90039,COOL DREAMS,Wine,Breakthrough
90039,COOL FISH,Wine,Breakthrough
90039,COPPER CAP,Wine,Breakthrough
90039,COPPER RIDGE,Wine,Breakthrough
90039,COPPERWOOD,Wine,Breakthrough
90039,CORDIER,Wine,Breakthrough
90039,CORDIER ESTATES,Wine,Breakthrough
90039,CORNICELLI,Wine,Breakthrough
90039,CORTE ALLE MURA,Wine,Breakthrough
90039,CORTE BELLA,Wine,Breakthrough
90039,CORTE GIARA,Wine,Breakthrough
90039,CORTE MAYOR,Wine,Breakthrough
90039,CORTELUNGA,Wine,Breakthrough
90039,CORVO,Wine,Breakthrough
90039,COSTABRICCO,Wine,Breakthrough
90039,COSTAL COVE,Wine,Breakthrough
90039,COTE DE CARNEROS,Wine,Breakthrough
90039,COTE ORELIA,Wine,Breakthrough
90039,COUP DE GRACE,Wine,Breakthrough
90039,COUR DI PIETRA,Wine,Breakthrough
90039,COVEY RUN,Wine,Breakthrough
90039,COZY FIRE,Wine,Breakthrough
90039,CR CELLARS,Wine,Breakthrough
90039,CRANE RIDGE,Wine,Breakthrough
90039,CRANSWICK ESTATE,Wine,Breakthrough
90039,CREAMERY,Wine,Breakthrough
90039,CREME DE LA CREME,Wine,Breakthrough
90039,CREME DE LYS,Wine,Breakthrough
90039,CRESCENDO,Wine,Breakthrough
90039,CRESCENDO HILLS VINEYARD,Wine,Breakthrough
90039,CRESTWOOD BARREL,Wine,Breakthrough
90039,CRICKET FARMS,Wine,Breakthrough
90039,CRIMSON ROOTS,Wine,Breakthrough
90039,CROCODILE ROCK,Wine,Breakthrough
90039,CROCTAILS,Wine,Breakthrough
90039,CRUZ DE ALBA,Wine,Breakthrough
90039,CRYSTAL CREEK CELLARS,Wine,Breakthrough
90039,CULTERRA,Wine,Breakthrough
90039,CUMA,Wine,Breakthrough
90039,CURIOUS,Wine,Breakthrough
90039,CURMUDGEON,Wine,Breakthrough
90039,CURRENCY,Wine,Breakthrough
90039,CUTLER CREEK,Wine,Breakthrough
90039,CUVEE ANNE LAURE,Wine,Breakthrough
90039,CUVEE NO 5,Wine,Breakthrough
90039,CV RESERVE,Wine,Breakthrough
90039,CYCLES GLADIATOR,Wine,Breakthrough
90039,D DE VIRGINIE BEZIENS,Wine,Breakthrough
90039,D'ADIMANT,Wine,Breakthrough
90039,DA VINCI,Wine,Breakthrough
90039,DACHSHUND BUBBLES,Wine,Breakthrough
90039,DADA,Wine,Breakthrough
90039,DAILY'S,Wine,Breakthrough
90039,DAME DE CLOCHEVIGNE,Wine,Breakthrough
90039,DAME DE GAFFELIERE,Wine,Breakthrough
90039,DAMIEN MARTIN,Wine,Breakthrough
90039,DAMIEN MARTIN SAINT VERAN,Wine,Breakthrough
90039,DANCING BULL,Wine,Breakthrough
90039,DANCING FLAME,Wine,Breakthrough
90039,DANCING VINES,Wine,Breakthrough
90039,DANIEL LAWRENCE,Wine,Breakthrough
90039,DARK HORSE,Wine,Breakthrough
90039,DARK SPY,Wine,Breakthrough
90039,DARKHORSE,Wine,Breakthrough
90039,DAVEY & BROWNE,Wine,Breakthrough
90039,DAVID STONE,Wine,Breakthrough
90039,DAY DRINKING,Wine,Breakthrough
90039,DAY OWL,Wine,Breakthrough
90039,DE BRUYNE,Wine,Breakthrough
90039,DE L'ARJOLLE,Wine,Breakthrough
90039,DE LOACH VINEYARDS,Wine,Breakthrough
90039,DE LORIMIER,Wine,Breakthrough
90039,DE VENOGE,Wine,Breakthrough
90039,DEAD LETTER OFFICE,Wine,Breakthrough
90039,DEALY LANE,Wine,Breakthrough
90039,DEBONAIR,Wine,Breakthrough
90039,DEER VALLEY,Wine,Breakthrough
90039,DEL VENTO,Wine,Breakthrough
90039,DELAGRANGE BACHELET,Wine,Breakthrough
90039,DELAPIERRE,Wine,Breakthrough
90039,DELICATO FAMILY SELECTION,Wine,Breakthrough
90039,DELILLE CELLARS,Wine,Breakthrough
90039,DELIO,Wine,Breakthrough
90039,DELLA SCALA,Wine,Breakthrough
90039,DELLARA,Wine,Breakthrough
90039,DELLATORRI,Wine,Breakthrough
90039,DENNER,Wine,Breakthrough
90039,DENNIS BROTHERS CELLARS,Wine,Breakthrough
90039,DEOR,Wine,Breakthrough
90039,DEPT 66,Wine,Breakthrough
90039,DESERT EAGLE,Wine,Breakthrough
90039,DESTINATA,Wine,Breakthrough
90039,DESTINEE,Low Alcohol Beverage,Breakthrough
90039,DEVAUX,Wine,Breakthrough
90039,DEVOUR,Wine,Breakthrough
90039,DI ZENO,Wine,Breakthrough
90039,DIAMOND WINES,Wine,Breakthrough
90039,DIDGERIDOO,Wine,Breakthrough
90039,DIFLORA,Wine,Breakthrough
90039,DINKY DO,Wine,Breakthrough
90039,DISARONNO,Low Alcohol Beverage,Breakthrough
90039,DIVING INTO HAMPTON WATER,Wine,Breakthrough
90039,DIXIE AND BASS,Wine,Breakthrough
90039,DIXIE VODKA COCKTAILS,Low Alcohol Beverage,Breakthrough
90039,DOG TAIL VINEYARDS,Wine,Breakthrough
90039,DOGLIOTTI 1870,Wine,Breakthrough
90039,DOLCE BACIO,Wine,Breakthrough
90039,DOLCE SOLE,Wine,Breakthrough
90039,DOLCEA,Wine,Breakthrough
90039,DOM PERIGNON,Wine,Breakthrough
90039,DOMAINE ALAIN CHAVY,Wine,Breakthrough
90039,DOMAINE ANTONIN GUYON,Wine,Breakthrough
90039,DOMAINE ARMAND ROUSSEAU PERE & FILS,Wine,Breakthrough
90039,DOMAINE BELLES EAUX,Wine,Breakthrough
90039,DOMAINE BILLARD GONNET,Wine,Breakthrough
90039,DOMAINE BLAIN GAGNARD,Wine,Breakthrough
90039,DOMAINE BOUSQUET,Wine,Breakthrough
90039,DOMAINE BRETON,Wine,Breakthrough
90039,DOMAINE CABIRAU,Wine,Breakthrough
90039,DOMAINE DARNAT,Wine,Breakthrough
90039,DOMAINE DE BEAURENARD,Wine,Breakthrough
90039,DOMAINE DE CANTAUSSEL,Wine,Breakthrough
90039,DOMAINE DE CHEVALIER,Wine,Breakthrough
90039,DOMAINE DE COURCEL,Wine,Breakthrough
90039,DOMAINE DE JARRAS,Wine,Breakthrough
90039,DOMAINE DE L'ARJOLLE,Wine,Breakthrough
90039,DOMAINE DE L'ARLOT,Wine,Breakthrough
90039,DOMAINE DE LA GAFFELINE,Wine,Breakthrough
90039,DOMAINE DE LA GUYONNIERE,Wine,Breakthrough
90039,DOMAINE DE LA MALADIERE,Wine,Breakthrough
90039,DOMAINE DE LA PERRIERE,Wine,Breakthrough
90039,DOMAINE DE LA PERRIERE ARCHAMBAULT,Wine,Breakthrough
90039,DOMAINE DE LA RENJARDE,Wine,Breakthrough
90039,DOMAINE DE MARTIALIS,Wine,Breakthrough
90039,DOMAINE DE MATIBAT,Wine,Breakthrough
90039,DOMAINE DESHENRYS,Wine,Breakthrough
90039,DOMAINE DOMINIQUE GUYON,Wine,Breakthrough
90039,DOMAINE DU CASTEL,Wine,Breakthrough
90039,DOMAINE DU DONJON,Wine,Breakthrough
90039,DOMAINE DU DUC DE MAGENTA,Wine,Breakthrough
90039,DOMAINE DU PEGAU,Wine,Breakthrough
90039,DOMAINE DU VILLAGE,Wine,Breakthrough
90039,DOMAINE DURAND,Wine,Breakthrough
90039,DOMAINE G ROUMIER,Wine,Breakthrough
90039,DOMAINE GERARD CHAVY & FILS,Wine,Breakthrough
90039,DOMAINE GUY BOCARD,Wine,Breakthrough
90039,DOMAINE HARMONIE DES ARPENTS,Wine,Breakthrough
90039,DOMAINE HIPPOLYTE THEVENOT,Wine,Breakthrough
90039,DOMAINE JEAN GRIVOT,Wine,Breakthrough
90039,DOMAINE LA ROQUETE,Wine,Breakthrough
90039,DOMAINE LAURENT COGNARD,Wine,Breakthrough
90039,DOMAINE M,Wine,Breakthrough
90039,DOMAINE MAGDELAINE,Wine,Breakthrough
90039,DOMAINE MARCEL DEISS,Wine,Breakthrough
90039,DOMAINE MARQUIS D'ANGERVILLE,Wine,Breakthrough
90039,DOMAINE MASSAMIER LA MIGNARDE,Wine,Breakthrough
90039,DOMAINE MICHEL GOUBARD,Wine,Breakthrough
90039,DOMAINE MICHEL NIELLON,Wine,Breakthrough
90039,DOMAINE MICHEL PICARD,Wine,Breakthrough
90039,DOMAINE MOUTON,Wine,Breakthrough
90039,DOMAINE PARENT,Wine,Breakthrough
90039,DOMAINE PIERRE DAMOY,Wine,Breakthrough
90039,DOMAINE PIERRE GELIN,Wine,Breakthrough
90039,DOMAINE PIERRE LABET,Wine,Breakthrough
90039,DOMAINE PORTE ROUGE,Wine,Breakthrough
90039,DOMAINE PUYDEVAL,Wine,Breakthrough
90039,DOMAINE RAMONET,Wine,Breakthrough
90039,DOMAINE ROBERT VOCORET & SES FILS,Wine,Breakthrough
90039,DOMAINE ROUGE GARANCE,Wine,Breakthrough
90039,DOMAINE SERRES MAZARD,Wine,Breakthrough
90039,DOMAINE TOLLOT BEAUT,Wine,Breakthrough
90039,DOMAINE VOCORET & FILS,Wine,Breakthrough
90039,DOMAINES BARONS DE ROTHSCHILD LAFITE,Wine,Breakthrough
90039,DOMANE WACHAU,Wine,Breakthrough
90039,DOMINANT SEVEN,Wine,Breakthrough
90039,DOMINI VENETI,Wine,Breakthrough
90039,DOMINION WINE CELLARS,Wine,Breakthrough
90039,DOMINUS ESTATE,Wine,Breakthrough
90039,DON DAVID,Wine,Breakthrough
90039,DON FLORENCIO,Wine,Breakthrough
90039,DON HUGO,Wine,Breakthrough
90039,DON MIGUEL GASCON,Wine,Breakthrough
90039,DON QUIXOTE,Wine,Breakthrough
90039,DON'T MIND IF I DO,Wine,Breakthrough
90039,DONINI,Wine,Breakthrough
90039,DONNAFUGATA,Wine,Breakthrough
90039,DOPPIO PASSO,Wine,Breakthrough
90039,DOS FAMILIAS,Wine,Breakthrough
90039,DOVE CREEK,Wine,Breakthrough
90039,DR H THANISCH,Wine,Breakthrough
90039,DR KONSTANTIN FRANK,Wine,Breakthrough
90039,DR WILLKOMM,Wine,Breakthrough
90039,DR ZENZEN,Wine,Breakthrough
90039,DR. SCHMITT,Wine,Breakthrough
90039,DREAM #7,Wine,Breakthrough
90039,DRESSAGE,Wine,Breakthrough
90039,DREYER SONOMA,Wine,Breakthrough
90039,DROP OF SUNSHINE,Wine,Breakthrough
90039,DUCA DI SALAPARUTA,Wine,Breakthrough
90039,DUCA DI SASSETA,Wine,Breakthrough
90039,DUCAROSSO,Wine,Breakthrough
90039,DUCK COMMANDER,Wine,Breakthrough
90039,DUCK HUNTER,Wine,Breakthrough
90039,DUE DEL MONTE,Wine,Breakthrough
90039,DUMOL,Wine,Breakthrough
90039,DUMOL WINE COMPANY,Wine,Breakthrough
90039,DUNDALGAN,Wine,Breakthrough
90039,DUPLIN,Wine,Breakthrough
90039,DUPRAIS,Wine,Breakthrough
90039,DURANGO,Wine,Breakthrough
90039,DURANTE,Wine,Breakthrough
90039,DURBANVILLE HILLS,Wine,Breakthrough
90039,DUTSCHKE,Wine,Breakthrough
90039,DUVAL LEROY,Wine,Breakthrough
90039,DYED IN THE WOOL,Wine,Breakthrough
90039,DYNAMITE VINEYARDS,Wine,Breakthrough
90039,E-Z E-A-S-Y WORLD WIDE WINES,Wine,Breakthrough
90039,EARL COMIN,Wine,Breakthrough
90039,EARTH 3.0 TIERRA,Wine,Breakthrough
90039,ECCO DOMANI,Wine,Breakthrough
90039,ECHELON,Wine,Breakthrough
90039,ECHIGO SHUZO CO,Wine,Breakthrough
90039,ECO LOVE,Wine,Breakthrough
90039,ECOCERT,Wine,Breakthrough
90039,ECOS DE RULO,Wine,Breakthrough
90039,ED HARDY,Wine,Breakthrough
90039,EDEN CANYON VINEYARDS,Wine,Breakthrough
90039,EDGEWOOD ESTATE,Wine,Breakthrough
90039,EDNA VALLEY VINEYARD,Wine,Breakthrough
90039,EDUCATED GUESS,Wine,Breakthrough
90039,EIGHT YEARS IN THE DESERT,Wine,Breakthrough
90039,EL BINO,Wine,Breakthrough
90039,EL CAMPO,Wine,Breakthrough
90039,EL CIRCULO,Wine,Breakthrough
90039,EL COLECTIVO,Wine,Breakthrough
90039,EL COMPANERO,Wine,Breakthrough
90039,EL GRAN PENSADOR,Wine,Breakthrough
90039,EL JIMADOR,Wine,Breakthrough
90039,EL MOLINO,Wine,Breakthrough
90039,EL PENSADOR,Wine,Breakthrough
90039,EL SANCHO ESCUDERO,Wine,Breakthrough
90039,EL TESORO DE LAS MONTANAS,Wine,Breakthrough
90039,EL TORITO,Wine,Breakthrough
90039,EL TORO FLACO,Wine,Breakthrough
90039,EL VEDADO,Wine,Breakthrough
90039,EL VIEJO CASTILLO DE MONLERO,Wine,Breakthrough
90039,ELA,Wine,Breakthrough
90039,ELDER VINE,Wine,Breakthrough
90039,ELEMENTALIST,Wine,Breakthrough
90039,ELEMENTS,Wine,Breakthrough
90039,ELETTRA,Wine,Breakthrough
90039,ELEVEN TONGUES,Wine,Breakthrough
90039,ELISABETTA,Wine,Breakthrough
90039,ELLIOT COOPER,Wine,Breakthrough
90039,ELOISE,Wine,Breakthrough
90039,ELS ICED COFFEE,Wine,Breakthrough
90039,ELY,Wine,Breakthrough
90039,EMANCIPATION,Wine,Breakthrough
90039,EMBRAZEN,Wine,Breakthrough
90039,EMERALD VALLEY VINEYARDS,Wine,Breakthrough
90039,EMERIL'S CLASSICS,Wine,Breakthrough
90039,EMMA PEARL,Wine,Breakthrough
90039,EMPORIUM,Wine,Breakthrough
90039,EMU WINE COMPANY,Wine,Breakthrough
90039,ENCENDER,Wine,Breakthrough
90039,ENCIRO,Wine,Breakthrough
90039,ENGEL,Wine,Breakthrough
90039,ENSEMBLE,Wine,Breakthrough
90039,ENZA,Wine,Breakthrough
90039,EPIPHANY,Wine,Breakthrough
90039,EPONYMOUS,Wine,Breakthrough
90039,ERCOLE VELENOSI,Wine,Breakthrough
90039,ERGO,Wine,Breakthrough
90039,ERNEST & JULIO GALLO,Wine,Breakthrough
90039,ERNEST & JULIO GALLO SONOMA,Wine,Breakthrough
90039,ERNEST & JULIO GALLO TWIN VALLEY,Wine,Breakthrough
90039,ERNEST WEIN,Wine,Breakthrough
90039,ERNESTO CATENA,Wine,Breakthrough
90039,ERNIE ELS ICED COFFEE,Wine,Breakthrough
90039,ESCAMAS DEL DRAGON,Wine,Breakthrough
90039,ESCHER HAUS,Wine,Breakthrough
90039,ESPIRITU DE ARGENTINA,Wine,Breakthrough
90039,ESPRIT DE SAINT SULPICE,Wine,Breakthrough
90039,ESPRIT DU RHONE,Wine,Breakthrough
90039,ESPRITZA,Wine,Breakthrough
90039,ESPUELA DEL GAUCHO,Wine,Breakthrough
90039,ESTEBAN MARTIN,Wine,Breakthrough
90039,ESTO ES,Wine,Breakthrough
90039,ETKO,Wine,Breakthrough
90039,ETUDE,Wine,Breakthrough
90039,EUGENE KLIPFEL,Wine,Breakthrough
90039,EULILA,Wine,Breakthrough
90039,EVANTA,Wine,Breakthrough
90039,EVENING SHADE,Wine,Breakthrough
90039,EVIE,Wine,Breakthrough
90039,EVVIVA,Wine,Breakthrough
90039,EVVIVA STELLA MIA,Wine,Breakthrough
90039,EWALD THEOD DRATHEN,Wine,Breakthrough
90039,EXIT 96,Wine,Breakthrough
90039,EXITUS,Wine,Breakthrough
90039,EXPOSITION,Wine,Breakthrough
90039,EXQUISITE COLLECTION,Wine,Breakthrough
90039,EZIO,Wine,Breakthrough
90039,F CHAUVENET,Wine,Breakthrough
90039,FABBRO EFIGLI,Wine,Breakthrough
90039,FACADE,Wine,Breakthrough
90039,FAIRBANKS,Wine,Breakthrough
90039,FAIRE LA FETE,Wine,Breakthrough
90039,FAIRHILLS,Wine,Breakthrough
90039,FALLING STAR,Wine,Breakthrough
90039,FAMENCO,Wine,Breakthrough
90039,FAMIGLIA BIANCHI,Wine,Breakthrough
90039,FANCY PANTS,Wine,Breakthrough
90039,FARMERS OF WINE,Wine,Breakthrough
90039,FAT CROC,Wine,Breakthrough
90039,FATTORIA DI GRIGNANO,Wine,Breakthrough
90039,FATTORIA SAN LEONINO,Wine,Breakthrough
90039,FATTORIE MELINI,Wine,Breakthrough
90039,FAUST,Wine,Breakthrough
90039,FELIPE STAITI,Wine,Breakthrough
90039,FELIX LAVAQUE,Wine,Breakthrough
90039,FELIX SOLIS,Wine,Breakthrough
90039,FERESIN DAVIDE,Wine,Breakthrough
90039,FERNANDEZ DE ARRAYA,Wine,Breakthrough
90039,FERRARI CARANO,Wine,Breakthrough
90039,FERRE I CATASUS,Wine,Breakthrough
90039,FESS PARKER,Wine,Breakthrough
90039,FESTIVE COLLECTION,Wine,Breakthrough
90039,FETISH,Wine,Breakthrough
90039,FETZER,Wine,Breakthrough
90039,FEUDO MACCARI,Wine,Breakthrough
90039,FEUDO MONACI,Wine,Breakthrough
90039,FEUDO PRINCIPI DI BUTERA,Wine,Breakthrough
90039,FIELD & FARM,Wine,Breakthrough
90039,FIFTY SHADES OF GREY,Wine,Breakthrough
90039,FIGHTING CHANCE,Wine,Breakthrough
90039,FIGUERO,Wine,Breakthrough
90039,FINCA EL ORIGEN,Wine,Breakthrough
90039,FINCA LALANDE,Wine,Breakthrough
90039,FINCA LAS MORAS,Wine,Breakthrough
90039,FINCA LOS PRADOS,Wine,Breakthrough
90039,FINCAS DEL LEBREL,Wine,Breakthrough
90039,FIREBIRDS,Wine,Breakthrough
90039,FIREBIRDS CELLARS,Wine,Breakthrough
90039,FIREBRIX,Wine,Breakthrough
90039,FIREBRIX VINEYARDS,Wine,Breakthrough
90039,FIRECRACKER,Wine,Breakthrough
90039,FISH HOUSE,Wine,Breakthrough
90039,FITVINE,Wine,Breakthrough
90039,FIVE ACRES,Wine,Breakthrough
90039,FIVE OAKS,Wine,Breakthrough
90039,FIVE PILLARS,Wine,Breakthrough
90039,FJ SERRA,Wine,Breakthrough
90039,FLAGSTONE,Wine,Breakthrough
90039,FLAME OPAL,Wine,Breakthrough
90039,FLANAGANS RIDGE,Wine,Breakthrough
90039,FLASQ,Wine,Breakthrough
90039,FLAT ROCK,Wine,Breakthrough
90039,FLAT TOP HILLS,Wine,Breakthrough
90039,FLATTERY,Wine,Breakthrough
90039,FLAUREO,Wine,Breakthrough
90039,FLAVS,Wine,Breakthrough
90039,FLERIANOS,Wine,Breakthrough
90039,FLEUR DE CARNEROS,Wine,Breakthrough
90039,FLEURS DE PRAIRIE,Wine,Breakthrough
90039,FLIPSIDE,Wine,Breakthrough
90039,FLIRT,Wine,Breakthrough
90039,FLIRTY BIRD,Wine,Breakthrough
90039,FLOODGATE,Wine,Breakthrough
90039,FLORA & STONE,Wine,Breakthrough
90039,FLORILITY,Wine,Breakthrough
90039,FLOURISH,Wine,Breakthrough
90039,FLOWER KEEPER,Wine,Breakthrough
90039,FLOWERS,Wine,Breakthrough
90039,FLUSSO,Wine,Breakthrough
90039,FLYBIRD,Wine,Breakthrough
90039,FOG HEAD,Wine,Breakthrough
90039,FOG MOUNTAIN,Wine,Breakthrough
90039,FOLONARI,Wine,Breakthrough
90039,FONTANA D'ITALIA,Wine,Breakthrough
90039,FONTANAFREDDA,Wine,Breakthrough
90039,FONTELLA,Wine,Breakthrough
90039,FOODIES,Wine,Breakthrough
90039,FORCE & GRACE,Wine,Breakthrough
90039,FOREIGN PRESS,Wine,Breakthrough
90039,FORT ROSS,Wine,Breakthrough
90039,FORTANT,Wine,Breakthrough
90039,FORTUNATE SON,Wine,Breakthrough
90039,FORTY FIVE & VINE,Wine,Breakthrough
90039,FOSTER & HARVEST,Wine,Breakthrough
90039,FOUR EMUS,Wine,Breakthrough
90039,FOUR IN HAND,Wine,Breakthrough
90039,FOX GROVE,Wine,Breakthrough
90039,FRAGILE,Wine,Breakthrough
90039,FRANCESCO,Wine,Breakthrough
90039,FRANCOIS FOUCHE,Wine,Breakthrough
90039,FRANCOIS LABET,Wine,Breakthrough
90039,FRANCOIS PARENT,Wine,Breakthrough
90039,FRATTA PASINI,Wine,Breakthrough
90039,FREE REIGN,Wine,Breakthrough
90039,FREE RUN,Wine,Breakthrough
90039,FREEMAN VINEYARD & WINERY,Wine,Breakthrough
90039,FREI BROTHERS,Wine,Breakthrough
90039,FRENCH ESCAPE,Wine,Breakthrough
90039,FRENCH GARDEN,Wine,Breakthrough
90039,FRENCH RABBIT,Wine,Breakthrough
90039,FRIDA KAHLO,Wine,Breakthrough
90039,FRIGID FROLIC,Wine,Breakthrough
90039,FRITZ WILLI,Wine,Breakthrough
90039,FROM THE HEART OF ZINATION,Wine,Breakthrough
90039,FRONTIER RED,Wine,Breakthrough
90039,FRUIT STAND VINEYARDS,Wine,Breakthrough
90039,FRUITY HAZE,Wine,Breakthrough
90039,FUDO MYOO,Wine,Breakthrough
90039,FUEGO AUSTRAL,Wine,Breakthrough
90039,FUKUCHO,Wine,Breakthrough
90039,FUNDACION DE MENDOZA,Wine,Breakthrough
90039,FUNF,Wine,Breakthrough
90039,FUZION,Wine,Breakthrough
90039,Forte Elerone,Wine,Breakthrough
90039,G,Wine,Breakthrough
90039,G H MUMM & CIE,Wine,Breakthrough
90039,G'DAY,Wine,Breakthrough
90039,G7,Wine,Breakthrough
90039,GA ROSSI DI MEDELANA,Wine,Breakthrough
90039,GABARDA SELECCION,Wine,Breakthrough
90039,GABBIANO,Wine,Breakthrough
90039,GABRIEL LESIRE,Wine,Breakthrough
90039,GAGNARD DELAGRANGE,Wine,Breakthrough
90039,GAIDA,Wine,Breakthrough
90039,GALA ROUGE,Wine,Breakthrough
90039,GALLO,Wine,Breakthrough
90039,GALLO FAMILY,Wine,Breakthrough
90039,GALLO FAMILY VINEYARDS,Wine,Breakthrough
90039,GALLO FAMILY VINEYARDS TWIN VALLEY,Wine,Breakthrough
90039,GALLO LIVINGSTON CELLARS,Wine,Breakthrough
90039,GALLO OF SONOMA,Wine,Breakthrough
90039,GALLO SHEFFIELD CELLARS,Wine,Breakthrough
90039,GAME BOX,Wine,Breakthrough
90039,GAMELLON,Wine,Breakthrough
90039,GARDENIA,Wine,Breakthrough
90039,GAROFOLI,Wine,Breakthrough
90039,GARY FARRELL,Wine,Breakthrough
90039,GATHER & GRACE,Wine,Breakthrough
90039,GATO NEGRO,Wine,Breakthrough
90039,GELISI ANTONIO,Wine,Breakthrough
90039,GEMMA DI LUNA,Wine,Breakthrough
90039,GENOFRANCO,Wine,Breakthrough
90039,GEOFF MERRILL,Wine,Breakthrough
90039,GEORGE WYNDHAM,Wine,Breakthrough
90039,GEORGES DELEGER,Wine,Breakthrough
90039,GEORGES DUBOEUF,Wine,Breakthrough
90039,GERARD CHAVY & FILS,Wine,Breakthrough
90039,GERARD WEINZORN,Wine,Breakthrough
90039,GERSTACKER,Wine,Breakthrough
90039,GEYSER PEAK,Wine,Breakthrough
90039,GHOST PINES,Wine,Breakthrough
90039,GIA BELLA,Wine,Breakthrough
90039,GIACOSA FRATELLI,Wine,Breakthrough
90039,GIAMBELLINO,Wine,Breakthrough
90039,GIN & JUICE BY DRE AND SNOOP,Low Alcohol Beverage,Breakthrough
90039,GIO VA,Wine,Breakthrough
90039,GIOLITI,Wine,Breakthrough
90039,GIONELLI,Wine,Breakthrough
90039,GIORGIO & GIANNI,Wine,Breakthrough
90039,GIOTTI,Wine,Breakthrough
90039,GIOVINELLO,Wine,Breakthrough
90039,GIRARD,Wine,Breakthrough
90039,GIRASOLE VINEYARDS,Wine,Breakthrough
90039,GIRETTO,Wine,Breakthrough
90039,GIRL GO LIGHTLY,Wine,Breakthrough
90039,GIULIO PASOTTI,Wine,Breakthrough
90039,GLACIER BAY,Low Alcohol Beverage,Breakthrough
90039,GLEN CARLOU,Wine,Breakthrough
90039,GLEN ELLEN,Wine,Breakthrough
90039,GLORIA,Wine,Breakthrough
90039,GNARLED VINE,Wine,Breakthrough
90039,GOATS TRAIL,Wine,Breakthrough
90039,GOIYA,Wine,Breakthrough
90039,GOLD,Wine,Breakthrough
90039,GOLD & GRAPE,Wine,Breakthrough
90039,GOLD SEAL,Wine,Breakthrough
90039,GOLDEN KAAN,Wine,Breakthrough
90039,GOLDEN ROOT,Wine,Breakthrough
90039,GONZALEZ BYASS,Wine,Breakthrough
90039,GOOSE BAY,Wine,Breakthrough
90039,GOOSE RIDGE VINEYARDS,Wine,Breakthrough
90039,GORREBUSTO,Wine,Breakthrough
90039,GORU VERDE,Wine,Breakthrough
90039,GOTHAM,Wine,Breakthrough
90039,GOULAINE,Wine,Breakthrough
90039,GOURMANDISES,Wine,Breakthrough
90039,GRACELAND CELLARS,Wine,Breakthrough
90039,GRAFFITO,Wine,Breakthrough
90039,GRAN CONTI,Wine,Breakthrough
90039,GRAN CORTE,Wine,Breakthrough
90039,GRAN CRUZ PORTO,Wine,Breakthrough
90039,GRAN SERMONE,Wine,Breakthrough
90039,GRAN VALOR,Wine,Breakthrough
90039,GRAND CLARET DE LA GRANGE CLINET,Wine,Breakthrough
90039,GRAND PACIFIC,Wine,Breakthrough
90039,GRAND ROLLAND,Wine,Breakthrough
90039,GRANDE ALBERONE,Wine,Breakthrough
90039,GRANDI MORI,Wine,Breakthrough
90039,GRANDIN,Wine,Breakthrough
90039,GRANI,Wine,Breakthrough
90039,GRANITE CLOUD,Wine,Breakthrough
90039,GRATIEN & MEYER SEYDOUX,Wine,Breakthrough
90039,GRAVELLY FORD,Wine,Breakthrough
90039,GRAVITY HILLS,Wine,Breakthrough
90039,GRAY MOUNTAIN CELLARS,Wine,Breakthrough
90039,GRAY RANDOLPH,Wine,Breakthrough
90039,GREATER THAN ONE,Wine,Breakthrough
90039,GREENER PLANET,Wine,Breakthrough
90039,GREG NORMAN ESTATES,Wine,Breakthrough
90039,GRGICH HILLS,Wine,Breakthrough
90039,GRGICH HILLS ESTATE,Wine,Breakthrough
90039,GROOVEE,Wine,Breakthrough
90039,GROTH,Wine,Breakthrough
90039,GROVE MANOR,Wine,Breakthrough
90039,GROVE STREET,Wine,Breakthrough
90039,GRUPO PENAFLOR,Wine,Breakthrough
90039,GRUPPO ITALIANO VINI,Wine,Breakthrough
90039,GUARACHI FAMILY WINES,Wine,Breakthrough
90039,GUM DROP,Wine,Breakthrough
90039,GUSTAVE LORENTZ,Wine,Breakthrough
90039,GUY BOCARD,Wine,Breakthrough
90039,HACHON,Wine,Breakthrough
90039,HACIENDA DEL PLATA,Wine,Breakthrough
90039,HAMILTON'S EWELL VINEYARDS,Wine,Breakthrough
90039,HAMMEL & CIE,Wine,Breakthrough
90039,HAMPTON WATER,Wine,Breakthrough
90039,HANA FUGA,Wine,Breakthrough
90039,HAND PRINT,Wine,Breakthrough
90039,HANDLE WITH CARE,Wine,Breakthrough
90039,HANDMADE ORNAMENTS,Wine,Breakthrough
90039,HANDSOME DEVIL,Wine,Breakthrough
90039,HANJAN,Wine,Breakthrough
90039,HANS SCHUMMER,Wine,Breakthrough
90039,HARBORD,Wine,Breakthrough
90039,HARD ROCK,Low Alcohol Beverage,Breakthrough
90039,HARDYS,Wine,Breakthrough
90039,HARKEN,Wine,Breakthrough
90039,HARPER ESTATE,Wine,Breakthrough
90039,HARVEST PRESS,Wine,Breakthrough
90039,HAT IN THE RING,Wine,Breakthrough
90039,HAUS AM MARKT,Wine,Breakthrough
90039,HAUTE COUTURE,Wine,Breakthrough
90039,HAVELOCK,Wine,Breakthrough
90039,HAWKSTONE,Wine,Breakthrough
90039,HAWKSTONE CRONICLES,Wine,Breakthrough
90039,HAWTHORNE RIDGE,Wine,Breakthrough
90039,HAYES RANCH,Wine,Breakthrough
90039,HAYFIELD VINEYARDS,Wine,Breakthrough
90039,HEAD TO HEAD,Wine,Breakthrough
90039,HEALDSBURG VINEYARDS,Wine,Breakthrough
90039,HEARTCRAFT,Wine,Breakthrough
90039,HEARTSWOOD,Wine,Breakthrough
90039,HEATHER RANCH WINERY,Wine,Breakthrough
90039,HEDGELINE VINEYARDS,Wine,Breakthrough
90039,HEIDSIECK & CO,Wine,Breakthrough
90039,HEITLINGER,Wine,Breakthrough
90039,HELENA RANCH,Wine,Breakthrough
90039,HELLO KITTY,Wine,Breakthrough
90039,HENEHAN HILLS,Wine,Breakthrough
90039,HENRI DE VILLAMONT,Wine,Breakthrough
90039,HENRI GERMAIN,Wine,Breakthrough
90039,HENRI VERNIER,Wine,Breakthrough
90039,HENRY'S DRIVE,Wine,Breakthrough
90039,HERDADE DA MALHADINHA NOVA,Wine,Breakthrough
90039,HERDADE DA PIMENTA,Wine,Breakthrough
90039,HERDADE DE SAO MIGUEL,Wine,Breakthrough
90039,HEREDAD MESTRAL,Wine,Breakthrough
90039,HERETAT EL PADRUELL,Wine,Breakthrough
90039,HERO & VILLIAN,Wine,Breakthrough
90039,HERON,Wine,Breakthrough
90039,HERRI MINA,Wine,Breakthrough
90039,HERZOG LINEAGE,Wine,Breakthrough
90039,HESS,Wine,Breakthrough
90039,HESS COLLECTION,Wine,Breakthrough
90039,HESS SELECT,Wine,Breakthrough
90039,HEWITSON,Wine,Breakthrough
90039,HEWITT VINEYARD,Wine,Breakthrough
90039,HEY BEAUTIFUL,Wine,Breakthrough
90039,HIDDEN CELLARS,Wine,Breakthrough
90039,HIDDEN RIDGE,Wine,Breakthrough
90039,HIEROGRAM,Wine,Breakthrough
90039,HIGH DIVE,Wine,Breakthrough
90039,HIGH NOON,Low Alcohol Beverage,Breakthrough
90039,HIGH NOON SUN SIPS,Wine,Breakthrough
90039,HIGH ROLLER,Wine,Breakthrough
90039,HIGH STAKES,Wine,Breakthrough
90039,HIGHER GROUND,Wine,Breakthrough
90039,HIIT WINES,Wine,Breakthrough
90039,HILLSTOWE,Wine,Breakthrough
90039,HINDSIGHT,Wine,Breakthrough
90039,HINNANT FAMILY VINEYARDS,Wine,Breakthrough
90039,HOB NOB,Wine,Breakthrough
90039,HOGUE,Wine,Breakthrough
90039,HOLIDAY VIBES,Wine,Breakthrough
90039,HOLLICK,Wine,Breakthrough
90039,HOLLY HILL FARM,Wine,Breakthrough
90039,HOLMAN RANCH,Wine,Breakthrough
90039,HONEST THIEF,Wine,Breakthrough
90039,HONEYVINE,Wine,Breakthrough
90039,HOOK OR CROOK,Wine,Breakthrough
90039,HORNSBY'S CIDER,Cider,Breakthrough
90039,HOT TUB,Wine,Breakthrough
90039,HOUSE WINE,Wine,Breakthrough
90039,HUGEL ET FILS,Wine,Breakthrough
90039,HUNDRED ACRE,Wine,Breakthrough
90039,HUNTERS GROVE,Wine,Breakthrough
90039,HWY 1,Wine,Breakthrough
90039,HWY 5,Wine,Breakthrough
90039,HYACINTH,Wine,Breakthrough
90039,HYPOTHESIS,Wine,Breakthrough
90039,I SALTARI,Wine,Breakthrough
90039,IA,Wine,Breakthrough
90039,ICE BOX,Wine,Breakthrough
90039,ICE CREAM CELLARS,Wine,Breakthrough
90039,ICON,Wine,Breakthrough
90039,ICONIQUE,Wine,Breakthrough
90039,IDA KELLER,Wine,Breakthrough
90039,IDYLL,Wine,Breakthrough
90039,IF YOU SEE KAY,Wine,Breakthrough
90039,IL BASTARDO,Wine,Breakthrough
90039,IL CASATO,Wine,Breakthrough
90039,IL FORNAIO,Wine,Breakthrough
90039,IL POGGIO DEI VIGNETI,Wine,Breakthrough
90039,IL TORCHIO,Wine,Breakthrough
90039,IL TRAMONTO,Wine,Breakthrough
90039,ILLUMINATION,Wine,Breakthrough
90039,IMAGE DU SUD,Wine,Breakthrough
90039,IMMERSION,Wine,Breakthrough
90039,IMMORTAL,Wine,Breakthrough
90039,IMPERATIVO,Wine,Breakthrough
90039,IMPERIUM,Malt Beverage,Breakthrough
90039,IN THE PINK,Wine,Breakthrough
90039,INCANDESA,Wine,Breakthrough
90039,INCARTADE,Wine,Breakthrough
90039,INDALO,Wine,Breakthrough
90039,INDIGO HILLS,Wine,Breakthrough
90039,INFAMOUS GOLD,Wine,Breakthrough
90039,INSPIRATION PLOT 7.9,Wine,Breakthrough
90039,INSTIGATOR,Wine,Breakthrough
90039,INTERMINGLE,Wine,Breakthrough
90039,INTUITION,Wine,Breakthrough
90039,INVENCIBLE,Wine,Breakthrough
90039,INVERTED,Wine,Breakthrough
90039,INVITATION WINES BY CHATEAU SOUVERAIN,Wine,Breakthrough
90039,IRONSIDE,Wine,Breakthrough
90039,ISOLE E OLENA,Wine,Breakthrough
90039,IT'SO,Wine,Breakthrough
90039,J BOUCHON,Wine,Breakthrough
90039,J C BOISSET,Wine,Breakthrough
90039,J DE VILLEBOIS,Wine,Breakthrough
90039,J J VINCENT ET FILS,Wine,Breakthrough
90039,J SCHRAM,Wine,Breakthrough
90039,J VINEYARDS & WINERY,Wine,Breakthrough
90039,J W BURMESTER & CA,Wine,Breakthrough
90039,JABULANI,Wine,Breakthrough
90039,JACK DANIEL'S,Low Alcohol Beverage,Breakthrough
90039,JACOB EINIG,Wine,Breakthrough
90039,JACQUES BARDELOT,Wine,Breakthrough
90039,JADE MOUNTAIN,Wine,Breakthrough
90039,JAFFELIN,Wine,Breakthrough
90039,JAKOB DEMMER,Wine,Breakthrough
90039,JAMIESONS RUN,Wine,Breakthrough
90039,JANUS,Wine,Breakthrough
90039,JARGON,Wine,Breakthrough
90039,JARHEAD RED,Wine,Breakthrough
90039,JAYSON,Wine,Breakthrough
90039,JEAN CLAUDE BOISSET,Wine,Breakthrough
90039,JEAN CLAUDE BOUGRIER,Wine,Breakthrough
90039,JEAN CLAUDE CHATELAIN,Wine,Breakthrough
90039,JEAN CORNELIUS,Wine,Breakthrough
90039,JEAN DUREE,Wine,Breakthrough
90039,JEAN GRIVOT,Wine,Breakthrough
90039,JEAN LAURENT,Wine,Breakthrough
90039,JEAN LOUIS CHAVY,Wine,Breakthrough
90039,JEAN MARC MILLOT,Wine,Breakthrough
90039,JEAN MICHEL GERIN,Wine,Breakthrough
90039,JEKEL VINEYARDS,Wine,Breakthrough
90039,JELLYBEAN,Wine,Breakthrough
90039,JENICA PEAK,Wine,Breakthrough
90039,JERMANN,Wine,Breakthrough
90039,JEST WINES,Wine,Breakthrough
90039,JINDALEE,Wine,Breakthrough
90039,JME,Wine,Breakthrough
90039,JOE BLOW WINE CELLARS,Wine,Breakthrough
90039,JOHANN FALKENBURG,Wine,Breakthrough
90039,JOHANNES EGBERTS,Wine,Breakthrough
90039,JOHANNES KUNZ,Wine,Breakthrough
90039,JOHN'S BLEND,Wine,Breakthrough
90039,JOIA SPIRIT,Low Alcohol Beverage,Breakthrough
90039,JOSE CUERVO,Wine,Breakthrough
90039,JOSE MARIA DA FONSECA,Wine,Breakthrough
90039,JOSEF WEINBERG,Wine,Breakthrough
90039,JOSEPH BURRIER,Wine,Breakthrough
90039,JOSEPH CARR,Wine,Breakthrough
90039,JOSEPH DANIEL,Wine,Breakthrough
90039,JOSEPH MULLER,Wine,Breakthrough
90039,JOSEPH PHELPS FREESTONE VINEYARDS,Wine,Breakthrough
90039,JOSEPH PHELPS VINEYARDS,Wine,Breakthrough
90039,JOSH CELLARS,Wine,Breakthrough
90039,JSM,Wine,Breakthrough
90039,JUGOSO,Wine,Breakthrough
90039,JUICE BANGER,Wine,Breakthrough
90039,JULES BERTIER,Wine,Breakthrough
90039,JULES LOREN,Wine,Breakthrough
90039,JULIETTE,Wine,Breakthrough
90039,JUNEBUG WINES,Wine,Breakthrough
90039,JUNIPER CANYON,Wine,Breakthrough
90039,JUST BEE,Wine,Breakthrough
90039,KAIKEN,Wine,Breakthrough
90039,KALBARRI,Wine,Breakthrough
90039,KALI KREME,Wine,Breakthrough
90039,KANBARA,Wine,Breakthrough
90039,KANGAROO RIDGE,Wine,Breakthrough
90039,KASUMI TSURU,Wine,Breakthrough
90039,KEDEM,Wine,Breakthrough
90039,KELLY'S CROSSING,Wine,Breakthrough
90039,KENTUCKY PETE'S,Wine,Breakthrough
90039,KENWARD FAMILY VINEYARD,Wine,Breakthrough
90039,KEWA WHANGA,Wine,Breakthrough
90039,KIA KAHA,Wine,Breakthrough
90039,KICKSTAND,Wine,Breakthrough
90039,KIKKOMAN,Wine,Breakthrough
90039,KING,Wine,Breakthrough
90039,KING FISH VINEYARDS,Wine,Breakthrough
90039,KING STAG,Wine,Breakthrough
90039,KING'S RANSOM,Wine,Breakthrough
90039,KINGDOM WINE COMPANY,Wine,Breakthrough
90039,KINGS OF PROHIBITION,Wine,Breakthrough
90039,KINGS RIDGE,Wine,Breakthrough
90039,KINGSTON ESTATE,Wine,Breakthrough
90039,KINROO BLUE,Malt Beverage,Breakthrough
90039,KINTSUGI SAKE,Wine,Breakthrough
90039,KIR ROYAL CHAMERE,Wine,Breakthrough
90039,KIRRALAA,Wine,Breakthrough
90039,KNOLLWOOD,Wine,Breakthrough
90039,KOJIMAYA,Wine,Breakthrough
90039,KOLBIE,Wine,Breakthrough
90039,KONO,Wine,Breakthrough
90039,KONOCTI,Wine,Breakthrough
90039,KONTEKI,Wine,Breakthrough
90039,KORBEL,Wine,Breakthrough
90039,KORIVOS,Wine,Breakthrough
90039,KUNDE FAMILY WINERY,Wine,Breakthrough
90039,KUPFERBERG,Wine,Breakthrough
90039,KWV,Wine,Breakthrough
90039,L'ESPRIT DE CHEVALIER,Wine,Breakthrough
90039,L'ORVAL,Wine,Breakthrough
90039,LA BAMBA,Wine,Breakthrough
90039,LA BELLE,Wine,Breakthrough
90039,LA BIEN PINTA,Wine,Breakthrough
90039,LA BOCA DEL LOBO,Wine,Breakthrough
90039,LA BOUVERIE A SALLELES D'AUDE,Wine,Breakthrough
90039,LA CHAPELLE DE LA MISSION HAUT BRION,Wine,Breakthrough
90039,LA CORNADA,Wine,Breakthrough
90039,LA CROIX DE BEAUCAILLOU,Wine,Breakthrough
90039,LA DAME DE MONTROSE,Wine,Breakthrough
90039,LA FLEUR DE BLAISSAC,Wine,Breakthrough
90039,LA FUERZA,Wine,Breakthrough
90039,LA GIUVA,Wine,Breakthrough
90039,LA GRANGE NEUVE DE FIGEAC,Wine,Breakthrough
90039,LA JOLIE FLEUR,Wine,Breakthrough
90039,LA JOYA,Wine,Breakthrough
90039,LA LOCA,Wine,Breakthrough
90039,LA MACETA,Wine,Breakthrough
90039,LA MALDITA,Wine,Breakthrough
90039,LA MIRANDELLE,Wine,Breakthrough
90039,LA MONEDA,Wine,Breakthrough
90039,LA NINOTA,Wine,Breakthrough
90039,LA NOBLE,Wine,Breakthrough
90039,LA PERRIERE,Wine,Breakthrough
90039,LA PETITE FONTAINE,Wine,Breakthrough
90039,LA PIU BELLE,Wine,Breakthrough
90039,LA PLAISANCE DE LAFITE MONTEIL,Wine,Breakthrough
90039,LA PLUMA,Wine,Breakthrough
90039,LA RUE,Wine,Breakthrough
90039,LA SABLIERE,Wine,Breakthrough
90039,LA SAVELLA,Wine,Breakthrough
90039,LA TORDERA,Wine,Breakthrough
90039,LA TUNELLA,Wine,Breakthrough
90039,LADY LOLA,Wine,Breakthrough
90039,LAELY,Wine,Breakthrough
90039,LAETITIA,Wine,Breakthrough
90039,LAGOSTA,Wine,Breakthrough
90039,LAGUNA,Wine,Breakthrough
90039,LAKE ANNA WINERY,Wine,Breakthrough
90039,LAKE SONOMA CELLARS,Wine,Breakthrough
90039,LAKE SONOMA WINERY,Wine,Breakthrough
90039,LAKESPRING,Wine,Breakthrough
90039,LAMARCA,Wine,Breakthrough
90039,LAMBERT BRIDGE,Wine,Breakthrough
90039,LANCASTER VINEYARDS,Wine,Breakthrough
90039,LANDKASTEL,Wine,Breakthrough
90039,LANDSHUT,Wine,Breakthrough
90039,LANGE,Wine,Breakthrough
90039,LANGTRY ESTATE AND VINEYARD,Wine,Breakthrough
90039,LAS HUERTAS,Wine,Breakthrough
90039,LAS ROCAS,Wine,Breakthrough
90039,LATINO CELLARS,Wine,Breakthrough
90039,LAURENT COGNARD,Wine,Breakthrough
90039,LAURENZ V,Wine,Breakthrough
90039,LAYER CAKE,Wine,Breakthrough
90039,LAZY CAESAR,Wine,Breakthrough
90039,LE ALTANE,Wine,Breakthrough
90039,LE CARILLON DE L'ANGELUS,Wine,Breakthrough
90039,LE CASALINGHE,Wine,Breakthrough
90039,LE CHAI NEUF,Wine,Breakthrough
90039,LE CIRQUE,Wine,Breakthrough
90039,LE CLUZET,Wine,Breakthrough
90039,LE DOME,Wine,Breakthrough
90039,LE GRAND NOIR,Wine,Breakthrough
90039,LE JAJA DE JAU,Wine,Breakthrough
90039,LE PETIT CHEVAL,Wine,Breakthrough
90039,LE PETIT PERROY,Wine,Breakthrough
90039,LE PIN,Wine,Breakthrough
90039,LE RAGOSE,Wine,Breakthrough
90039,LE ROSE D'AZUR,Wine,Breakthrough
90039,LE SNOOT,Wine,Breakthrough
90039,LEA,Wine,Breakthrough
90039,LEAF PLUCKER,Wine,Breakthrough
90039,LECKER WEIN,Wine,Breakthrough
90039,LEDOMAINE,Wine,Breakthrough
90039,LEFTIE,Wine,Breakthrough
90039,LEGARIS,Wine,Breakthrough
90039,LEGEND OF THE VINE,Wine,Breakthrough
90039,LEGENDE,Wine,Breakthrough
90039,LEIDERSBURG,Wine,Breakthrough
90039,LEMONADE STAND,Wine,Breakthrough
90039,LEO AG,Wine,Breakthrough
90039,LEO DE LA GAFFELIERE,Wine,Breakthrough
90039,LEON ROUX,Wine,Breakthrough
90039,LES ALLEES DE CANTEMERLE,Wine,Breakthrough
90039,LES ALLIES,Wine,Breakthrough
90039,LES FIEFS DE LAGRANGE,Wine,Breakthrough
90039,LES FORTS DE LATOUR,Wine,Breakthrough
90039,LES GRANIERES DE LA NERTHE,Wine,Breakthrough
90039,LES HAUTS DE BEL AIR,Wine,Breakthrough
90039,LES HAUTS DE SMITH,Wine,Breakthrough
90039,LES LEGENDES,Wine,Breakthrough
90039,LES MAURINS,Wine,Breakthrough
90039,LES MURETS BLANCS,Wine,Breakthrough
90039,LES PAGODES DE COS PRATS,Wine,Breakthrough
90039,LES PRES VERTS,Wine,Breakthrough
90039,LES RICHOISES,Wine,Breakthrough
90039,LES TOURS,Wine,Breakthrough
90039,LES TROIS SOURCES,Wine,Breakthrough
90039,LES VIGNERONS DE LA MEDITERRANEE,Wine,Breakthrough
90039,LES VIGNERONS DU VAL D'ORBIEU,Wine,Breakthrough
90039,LET'S DRINK,Wine,Breakthrough
90039,LETH,Wine,Breakthrough
90039,LEYDA,Wine,Breakthrough
90039,LIBERTARIO,Wine,Breakthrough
90039,LIBERTY CREEK,Wine,Breakthrough
90039,LIGNUM,Wine,Breakthrough
90039,LIL' KOALA,Wine,Breakthrough
90039,LIMONESCO,Wine,Breakthrough
90039,LINA'S,Wine,Breakthrough
90039,LINDEMANS WINES,Wine,Breakthrough
90039,LINE 39,Wine,Breakthrough
90039,LINGER,Wine,Breakthrough
90039,LION AND THE LILY,Wine,Breakthrough
90039,LION TAMER,Wine,Breakthrough
90039,LIONEL GALLULA,Wine,Breakthrough
90039,LIQS COCKTAIL CO,Wine,Breakthrough
90039,LIQS COCKTAIL SHOT,Wine,Breakthrough
90039,LIQUID SIN,Wine,Breakthrough
90039,LISBOA BONITA,Wine,Breakthrough
90039,LISTEL,Wine,Breakthrough
90039,LITHOLOGY,Wine,Breakthrough
90039,LITTLE BOOMEY,Wine,Breakthrough
90039,LITTLE SYD'S,Wine,Breakthrough
90039,LITTORE FAMILY WINES,Wine,Breakthrough
90039,LIVING CORAL,Wine,Breakthrough
90039,LIVINGSTON CELLARS,Wine,Breakthrough
90039,LIVIO ZORZETTIG,Wine,Breakthrough
90039,LO FI APERTIFS,Wine,Breakthrough
90039,LO NUEVO,Wine,Breakthrough
90039,LO TENGO,Wine,Breakthrough
90039,LO-FI SPRITZ,Wine,Breakthrough
90039,LOCA,Wine,Breakthrough
90039,LOCA CIUCA,Wine,Breakthrough
90039,LOCATIONS,Wine,Breakthrough
90039,LODI ESTATES,Wine,Breakthrough
90039,LOLONIS,Wine,Breakthrough
90039,LOMA LARGA,Wine,Breakthrough
90039,LOMAS DEL VALLE,Wine,Breakthrough
90039,LOMASI,Wine,Breakthrough
90039,LONG MEADOW RANCH,Wine,Breakthrough
90039,LOOKING GLASS,Wine,Breakthrough
90039,LOREDONA,Wine,Breakthrough
90039,LOS ANDICOS,Wine,Breakthrough
90039,LOS VASCOS,Wine,Breakthrough
90039,LOST VINEYARDS,Wine,Breakthrough
90039,LOU LOU,Wine,Breakthrough
90039,LOUD & CLEAR,Wine,Breakthrough
90039,LOUIS BERNARD,Wine,Breakthrough
90039,LOUIS DAILLY,Wine,Breakthrough
90039,LOUIS HAULLER,Wine,Breakthrough
90039,LOUIS M MARTINI,Wine,Breakthrough
90039,LOUIS MORETTE,Wine,Breakthrough
90039,LOVE OLIVIA,Wine,Breakthrough
90039,LOVEBLOCK,Wine,Breakthrough
90039,LOVELLI,Wine,Breakthrough
90039,LOVEWELL WINE COMPANY,Wine,Breakthrough
90039,LTU,Wine,Breakthrough
90039,LUCA,Wine,Breakthrough
90039,LUCA BOSIO VINEYARDS,Wine,Breakthrough
90039,LUCA PARETTI,Wine,Breakthrough
90039,LUCCARELLI,Wine,Breakthrough
90039,LUCCIO,Wine,Breakthrough
90039,LUCKY ONE,Low Alcohol Beverage,Breakthrough
90039,LUCOTTO,Wine,Breakthrough
90039,LUNA,Wine,Breakthrough
90039,LUNA VINEYARDS,Wine,Breakthrough
90039,LUNETTA,Wine,Breakthrough
90039,LUNGAROTTI,Wine,Breakthrough
90039,LUNTA,Wine,Breakthrough
90039,LUSTRE,Wine,Breakthrough
90039,LUXMAN,Wine,Breakthrough
90039,LUXURY EDITION,Wine,Breakthrough
90039,LUZ ETERNA,Wine,Breakthrough
90039,LVE,Wine,Breakthrough
90039,LYETH,Wine,Breakthrough
90039,LYRIC,Wine,Breakthrough
90039,M DE MAGNOL,Wine,Breakthrough
90039,M G VALLEJO,Wine,Breakthrough
90039,M TRINCHERO,Wine,Breakthrough
90039,MACHETE,Wine,Breakthrough
90039,MACMURRAY ESTATE VINEYARDS,Wine,Breakthrough
90039,MACMURRAY RANCH,Wine,Breakthrough
90039,MACPHAIL FAMILY WINES,Wine,Breakthrough
90039,MADAME FLEUR,Wine,Breakthrough
90039,MADIA,Wine,Breakthrough
90039,MADRIA SANGRIA,Wine,Breakthrough
90039,MADRONO,Wine,Breakthrough
90039,MAESTRO DE PIGO,Wine,Breakthrough
90039,MAGGIO,Wine,Breakthrough
90039,MAGGIO ESTATES,Wine,Breakthrough
90039,MAGIC DOOR,Wine,Breakthrough
90039,MAGIC HOUR,Wine,Breakthrough
90039,MAGISTRATE,Wine,Breakthrough
90039,MAGNA CARTA,Wine,Breakthrough
90039,MAGNOLIA GROVE,Wine,Breakthrough
90039,MAGNOTTA,Wine,Breakthrough
90039,MAIN & VINE,Wine,Breakthrough
90039,MAIN STREET WINERY,Wine,Breakthrough
90039,MAISON DE GRAND ESPRIT,Wine,Breakthrough
90039,MAISON NICOLAS,Wine,Breakthrough
90039,MAISON NO9,Wine,Breakthrough
90039,MAJUELOS COLECCION,Wine,Breakthrough
90039,MAKARA,Wine,Breakthrough
90039,MAKULU,Wine,Breakthrough
90039,MALIBU FAMILY WINES,Wine,Breakthrough
90039,MANADERO,Wine,Breakthrough
90039,MANIKAY,Wine,Breakthrough
90039,MANINA,Wine,Breakthrough
90039,MANNEQUIN,Wine,Breakthrough
90039,MANTENSEI,Wine,Breakthrough
90039,MANYANA,Wine,Breakthrough
90039,MAR DE FRADES,Wine,Breakthrough
90039,MAR DEL SUR,Wine,Breakthrough
90039,MAR GO RITA,Wine,Breakthrough
90039,MARC MICHELET & FILS,Wine,Breakthrough
90039,MARCEL HEMARD,Wine,Breakthrough
90039,MARCEL VINCENT,Wine,Breakthrough
90039,MARCELO PELLERITI,Wine,Breakthrough
90039,MARCHESI DI BAROLO,Wine,Breakthrough
90039,MARCHESI MAZZEI,Wine,Breakthrough
90039,MARCO NEGRI,Wine,Breakthrough
90039,MARICOPA,Wine,Breakthrough
90039,MARIE DE BEAUREGARD,Wine,Breakthrough
90039,MARIO  BISCEGLIA,Wine,Breakthrough
90039,MARIO COLLINA,Wine,Breakthrough
90039,MARION FIELD CELLARS,Wine,Breakthrough
90039,MARIONETTE,Wine,Breakthrough
90039,MARISEL,Wine,Breakthrough
90039,MARISOL,Wine,Breakthrough
90039,MARITSA,Wine,Breakthrough
90039,MARK HILL,Wine,Breakthrough
90039,MARKET,Wine,Breakthrough
90039,MARKHAM VINEYARDS,Wine,Breakthrough
90039,MARKS & SPENCER,Wine,Breakthrough
90039,MARQ,Wine,Breakthrough
90039,MARQUES DE LA MUSA,Wine,Breakthrough
90039,MARQUES DE MONTE MERU,Wine,Breakthrough
90039,MARQUES DE MURRIETA,Wine,Breakthrough
90039,MARQUES DE RISCAL,Wine,Breakthrough
90039,MARQUES DEL PUERTO,Wine,Breakthrough
90039,MARQUIS DE GOULAINE,Wine,Breakthrough
90039,MARQUIS DE LA MYSTERIALE,Wine,Breakthrough
90039,MARQUIS DE PEZ,Wine,Breakthrough
90039,MARTIN & WEYRICH,Wine,Breakthrough
90039,MARTIN CODAX,Wine,Breakthrough
90039,MARTIN'S RAKE,Wine,Breakthrough
90039,MARTINI,Wine,Breakthrough
90039,MARTINI & ROSSI,Wine,Breakthrough
90039,MARTIS,Wine,Breakthrough
90039,MAS BUSCADOS,Wine,Breakthrough
90039,MAS DE SAINTE CROIX,Wine,Breakthrough
90039,MAS VIALA,Wine,Breakthrough
90039,MASCHIO DEI CAVALIERI,Wine,Breakthrough
90039,MASIA BACH,Wine,Breakthrough
90039,MASO CANALI,Wine,Breakthrough
90039,MASOLIVE,Wine,Breakthrough
90039,MASQ FUSIONS LOW ALCHOL,Low Alcohol Beverage,Breakthrough
90039,MASSERIA ALTEMURA,Wine,Breakthrough
90039,MASSERIALE VIGNATE,Wine,Breakthrough
90039,MASSIMINO,Cider,Breakthrough
90039,MASTERPEACE,Wine,Breakthrough
90039,MATAYAC,Wine,Breakthrough
90039,MATIAS RICCITELLI,Wine,Breakthrough
90039,MATTHEW FOX,Wine,Breakthrough
90039,MATUA,Wine,Breakthrough
90039,MATUA VALLEY,Wine,Breakthrough
90039,MAVERICK,Wine,Breakthrough
90039,MAXIMO,Wine,Breakthrough
90039,MAXX16,Wine,Breakthrough
90039,MAYCAS DEL LIMARI,Wine,Breakthrough
90039,MAYNARD'S,Wine,Breakthrough
90039,MAYU,Wine,Breakthrough
90039,MAZARINI,Wine,Breakthrough
90039,MCWILLIAM'S HANWOOD ESTATE,Wine,Breakthrough
90039,MCWILLIAM'S OF COONAWARRA,Wine,Breakthrough
90039,MEADOWSWEET,Wine,Breakthrough
90039,MEANDRO DO VALE MEAO,Wine,Breakthrough
90039,MEEREA PARK,Wine,Breakthrough
90039,MEGAPANOS,Wine,Breakthrough
90039,MEIER'S,Wine,Breakthrough
90039,MELANDRI,Wine,Breakthrough
90039,MELINI,Wine,Breakthrough
90039,MENAGE A TROIS,Wine,Breakthrough
90039,MENDEL,Wine,Breakthrough
90039,MENDO BY BONTERRA,Wine,Breakthrough
90039,MENDOCINO FOG,Wine,Breakthrough
90039,MENDOCINO GOLD,Wine,Breakthrough
90039,MENDOCINO WINE COMPANY,Wine,Breakthrough
90039,MENDOZA HEIGHTS,Wine,Breakthrough
90039,MENDOZA VINEYARDS,Wine,Breakthrough
90039,MENUTS,Wine,Breakthrough
90039,MERCURY HEAD,Wine,Breakthrough
90039,MERIDIAN,Wine,Breakthrough
90039,METIER,Wine,Breakthrough
90039,METIS,Wine,Breakthrough
90039,MIA DOLCEA,Wine,Breakthrough
90039,MIAMI COCKTAIL,Wine,Breakthrough
90039,MICHAEL LAVELLE,Wine,Breakthrough
90039,MICHAEL THOMAS,Wine,Breakthrough
90039,MICHEL COLIN DELEGER,Wine,Breakthrough
90039,MICHEL COUTOUX,Wine,Breakthrough
90039,MICHEL GOUBARD,Wine,Breakthrough
90039,MICHEL LELU HENRY COLLIN,Wine,Breakthrough
90039,MICHEL NIELLON,Wine,Breakthrough
90039,MICHEL PICARD,Wine,Breakthrough
90039,MICHEL REDDE,Wine,Breakthrough
90039,MICHELE CASTELLANI,Wine,Breakthrough
90039,MIDI PAR MAS,Wine,Breakthrough
90039,MIEUX,Wine,Breakthrough
90039,MIJA,Wine,Breakthrough
90039,MILLAMAN,Wine,Breakthrough
90039,MILLEFLEURS,Wine,Breakthrough
90039,MIMO MOUTINHO,Wine,Breakthrough
90039,MINUTY,Wine,Breakthrough
90039,MIORA,Wine,Breakthrough
90039,MIRABELLE CELLARS,Wine,Breakthrough
90039,MIRABILE,Wine,Breakthrough
90039,MIRASSOU,Wine,Breakthrough
90039,MISSION BELL,Wine,Breakthrough
90039,MO SISTER,Wine,Breakthrough
90039,MOILLARD THOMAS,Wine,Breakthrough
90039,MOISELLE,Wine,Breakthrough
90039,MOLINO DEL PIANO,Wine,Breakthrough
90039,MOLLY DOOKER,Wine,Breakthrough
90039,MOMOKAWA,Wine,Breakthrough
90039,MONALIE,Wine,Breakthrough
90039,MONIKER,Wine,Breakthrough
90039,MONTE ORY,Wine,Breakthrough
90039,MONTE PLOGAR,Wine,Breakthrough
90039,MONTEQUINTO,Wine,Breakthrough
90039,MONTEREY VINEYARD,Wine,Breakthrough
90039,MONTERRA,Wine,Breakthrough
90039,MONTES ALPHA,Wine,Breakthrough
90039,MONTESQUIEU,Wine,Breakthrough
90039,MONTEVINA,Wine,Breakthrough
90039,MONTRIO,Wine,Breakthrough
90039,MONTSARRA,Wine,Breakthrough
90039,MOON MOUNTAIN,Wine,Breakthrough
90039,MOON WILLOW,Wine,Breakthrough
90039,MOONSTONE,Wine,Breakthrough
90039,MORAD WINERY,Wine,Breakthrough
90039,MORNING STAR,Wine,Breakthrough
90039,MORSE CODE,Wine,Breakthrough
90039,MOSS ROXX,Wine,Breakthrough
90039,MOTHER,Wine,Breakthrough
90039,MOTHER VINE,Wine,Breakthrough
90039,MOUNT PEAK WINERY,Wine,Breakthrough
90039,MOUNTAIN,Wine,Breakthrough
90039,MOUNTAIN DOOR,Wine,Breakthrough
90039,MOURA BASTO,Wine,Breakthrough
90039,MOUSSE TACHE,Wine,Breakthrough
90039,MOUTON CADET,Wine,Breakthrough
90039,MOZART,Wine,Breakthrough
90039,MR,Wine,Breakthrough
90039,MS,Wine,Breakthrough
90039,MUDDY BOOT,Wine,Breakthrough
90039,MUDSHAKE,Low Alcohol Beverage,Breakthrough
90039,MUIRFIELD ESTATE,Wine,Breakthrough
90039,MUMM CUVEE NAPA,Wine,Breakthrough
90039,MUMM NAPA,Wine,Breakthrough
90039,MURAI FAMILY,Wine,Breakthrough
90039,MURIEL,Wine,Breakthrough
90039,MURRIETA'S WELL,Wine,Breakthrough
90039,MURVIEDRO,Wine,Breakthrough
90039,MUSEUM,Wine,Breakthrough
90039,MUSEUM REAL,Wine,Breakthrough
90039,MWC,Wine,Breakthrough
90039,MYLES & MOORE,Wine,Breakthrough
90039,Minarete,Wine,Breakthrough
90039,NACHTGOLD,Wine,Breakthrough
90039,NAGASAKI,Wine,Breakthrough
90039,NAGINATA,Wine,Breakthrough
90039,NAPA ANGEL,Wine,Breakthrough
90039,NAPA CELLARS,Wine,Breakthrough
90039,NAPA GIRL,Wine,Breakthrough
90039,NAPA LANDING,Wine,Breakthrough
90039,NAPA SAKI,Wine,Breakthrough
90039,NAPA VALLEY VINEYARDS,Wine,Breakthrough
90039,NAPA VISTA,Wine,Breakthrough
90039,NAPANOOK,Wine,Breakthrough
90039,NATALE VERGA,Wine,Breakthrough
90039,NATURA NOVAS MULTIPACK,Wine,Breakthrough
90039,NAVARRO CORREAS,Wine,Breakthrough
90039,NAVARRO LOPEZ,Wine,Breakthrough
90039,NAVIGATOR,Wine,Breakthrough
90039,NBED2GETHER,Wine,Breakthrough
90039,NECTAR VALLEY,Wine,Breakthrough
90039,NEIGE,Cider,Breakthrough
90039,NEU DIRECTION,Wine,Breakthrough
90039,NEVER WINES,Wine,Breakthrough
90039,NEW AGE,Wine,Breakthrough
90039,NEW WORLD WINE CELLAR,Wine,Breakthrough
90039,NEWHARBOR,Wine,Breakthrough
90039,NEWHAVEN,Wine,Breakthrough
90039,NICHOLAS,Wine,Breakthrough
90039,NICOLAS,Wine,Breakthrough
90039,NICOLAS POTEL,Wine,Breakthrough
90039,NIETO SENETINER,Wine,Breakthrough
90039,NIGHT OWL,Wine,Breakthrough
90039,NIGHT TRAIN,Wine,Breakthrough
90039,NINE HATS,Wine,Breakthrough
90039,NINE POINTS,Wine,Breakthrough
90039,NINE WALKS,Wine,Breakthrough
90039,NINE X NINE,Wine,Breakthrough
90039,NINET DE PENA,Wine,Breakthrough
90039,NITTY GRITTY,Wine,Breakthrough
90039,NO BS,Wine,Breakthrough
90039,NOBILISSIMA,Wine,Breakthrough
90039,NOBLE RIDGE,Wine,Breakthrough
90039,NOBLE TREE,Wine,Breakthrough
90039,NOILLY PRAT,Wine,Breakthrough
90039,NOIROT CARRIERE,Wine,Breakthrough
90039,NOLA GRACE,Wine,Breakthrough
90039,NOLITA,Wine,Breakthrough
90039,NOMINEE,Wine,Breakthrough
90039,NOPA,Wine,Breakthrough
90039,NORTH WIND,Wine,Breakthrough
90039,NORTHERN SKY,Wine,Breakthrough
90039,NORTHWIND,Wine,Breakthrough
90039,NOSTOS,Wine,Breakthrough
90039,NOTORIOUS PINK,Wine,Breakthrough
90039,NOTRO,Wine,Breakthrough
90039,NOVAS,Wine,Breakthrough
90039,NOVINOPHOBIA,Wine,Breakthrough
90039,NURNBERGER,Wine,Breakthrough
90039,NUVOLA VECCHIA,Wine,Breakthrough
90039,New Leaf,Wine,Breakthrough
90039,O LEAO,Wine,Breakthrough
90039,O'DONNELLS,Wine,Breakthrough
90039,O'MARA'S,Wine,Breakthrough
90039,O'REILLYS,Wine,Breakthrough
90039,O-61,Wine,Breakthrough
90039,OAK GROVE,Wine,Breakthrough
90039,OAK KNOLL,Wine,Breakthrough
90039,OAK RIDGE VINEYARDS,Wine,Breakthrough
90039,OAK RIDGE WINERY,Wine,Breakthrough
90039,OAKWOOD LTD,Wine,Breakthrough
90039,OASIS,Wine,Breakthrough
90039,OBLIVION,Wine,Breakthrough
90039,OBVIOUS WINES,Wine,Breakthrough
90039,OCEANA ESTATES,Wine,Breakthrough
90039,OCHS,Wine,Breakthrough
90039,OCTAVIA,Wine,Breakthrough
90039,OGIO,Wine,Breakthrough
90039,OGNIGIORNO,Wine,Breakthrough
90039,OH WHAT FUN,Wine,Breakthrough
90039,OINOTHEKIE,Wine,Breakthrough
90039,OISHII,Wine,Breakthrough
90039,OKIWI BAY,Wine,Breakthrough
90039,OKO,Wine,Breakthrough
90039,OLD 97 WINERY,Wine,Breakthrough
90039,OLD COLONY,Wine,Breakthrough
90039,OLD FART,Wine,Breakthrough
90039,OLD SOUL,Wine,Breakthrough
90039,OLD ST NICK'S,Wine,Breakthrough
90039,OLD TART,Wine,Breakthrough
90039,OLD WOODHOUSE,Wine,Breakthrough
90039,OLD WORLD WINE GIFT SET,Wine,Breakthrough
90039,OLIVIER LEFLAIVE,Wine,Breakthrough
90039,OLSEN'S,Wine,Breakthrough
90039,OLYMPUS HELLAS,Wine,Breakthrough
90039,OMAKA SPRINGS,Wine,Breakthrough
90039,ONDA,Low Alcohol Beverage,Breakthrough
90039,ONE TWO PUNCH,Wine,Breakthrough
90039,ONE VINE DAY,Wine,Breakthrough
90039,ONE.6,Wine,Breakthrough
90039,ONE.9,Wine,Breakthrough
90039,ONEGLASS,Wine,Breakthrough
90039,ONEHOPE,Wine,Breakthrough
90039,OO LAH COCKTAILS,Low Alcohol Beverage,Breakthrough
90039,OPEN KIMONO,Wine,Breakthrough
90039,OPULA,Wine,Breakthrough
90039,ORANGE SUNSET,Wine,Breakthrough
90039,ORCHID,Wine,Breakthrough
90039,ORIGIN - FOREIGN,Wine,Breakthrough
90039,ORIN SWIFT CELLARS,Wine,Breakthrough
90039,ORIZONTI,Wine,Breakthrough
90039,ORLANA,Wine,Breakthrough
90039,ORLEANS HILL,Wine,Breakthrough
90039,ORNA CHILLAG,Wine,Breakthrough
90039,OROPERLA,Wine,Breakthrough
90039,ORSON,Wine,Breakthrough
90039,OSCAR TOBIA,Wine,Breakthrough
90039,OTHERS,Wine,Breakthrough
90039,OTTO DUNWEG,Wine,Breakthrough
90039,OUR DAILY RED,Wine,Breakthrough
90039,OUR DAILY WINES,Wine,Breakthrough
90039,OUT EAST,Wine,Breakthrough
90039,OUTER BANKS,Wine,Breakthrough
90039,OUTLANDER,Wine,Breakthrough
90039,OUTLIER,Wine,Breakthrough
90039,OVERSTONE,Wine,Breakthrough
90039,OVIS,Wine,Breakthrough
90039,OWEN'S ESTATE,Wine,Breakthrough
90039,OYSTER BAY,Wine,Breakthrough
90039,OZEKI,Wine,Breakthrough
90039,OZV,Wine,Breakthrough
90039,OZWELL AUSTRALIAN VINTNERS,Wine,Breakthrough
90039,P S GARCIA,Wine,Breakthrough
90039,PABIOT,Wine,Breakthrough
90039,PACIFIC BAY,Wine,Breakthrough
90039,PACIFIC EDGE WINES,Wine,Breakthrough
90039,PACIFIC FLYWAY,Wine,Breakthrough
90039,PACIFIC FRUIT VINEYARDS,Wine,Breakthrough
90039,PACIFIC HEIGHTS,Wine,Breakthrough
90039,PACIFIC OASIS,Wine,Breakthrough
90039,PACIFIC RIDGE VINEYARDS,Wine,Breakthrough
90039,PAGO DE CIRSUS,Wine,Breakthrough
90039,PAHLMEYER,Wine,Breakthrough
90039,PAIS DE POETAS,Wine,Breakthrough
90039,PALANDRI,Wine,Breakthrough
90039,PALAZZETTI,Wine,Breakthrough
90039,PALAZZO,Wine,Breakthrough
90039,PALAZZO NOBILE,Wine,Breakthrough
90039,PALERMO,Wine,Breakthrough
90039,PALO ALTO,Wine,Breakthrough
90039,PALUZZI,Wine,Breakthrough
90039,PAMPA,Wine,Breakthrough
90039,PANARROZ,Wine,Breakthrough
90039,PANCHO,Wine,Breakthrough
90039,PANIZA,Wine,Breakthrough
90039,PANTHER CREEK,Wine,Breakthrough
90039,PANTHERA,Wine,Breakthrough
90039,PAPE JOHANNOU VINEYARDS,Wine,Breakthrough
90039,PAPILLON,Wine,Breakthrough
90039,PARADISE CELLARS,Wine,Breakthrough
90039,PARDUCCI,Wine,Breakthrough
90039,PARFAIT,Wine,Breakthrough
90039,PARINGA,Wine,Breakthrough
90039,PARINI,Wine,Breakthrough
90039,PARKER STATION,Wine,Breakthrough
90039,PARKERS,Wine,Breakthrough
90039,PARKERS ESTATE,Wine,Breakthrough
90039,PARRA JIMENEZ,Wine,Breakthrough
90039,PARSON'S FLAT,Wine,Breakthrough
90039,PARTICULAR,Wine,Breakthrough
90039,PARTNERS CELLARS,Wine,Breakthrough
90039,PASCAL JOLIVET,Wine,Breakthrough
90039,PASCUAL TOSO,Wine,Breakthrough
90039,PASO VERDE,Wine,Breakthrough
90039,PASSAMANO,Wine,Breakthrough
90039,PASSIVENTO,Wine,Breakthrough
90039,PASSPORT,Wine,Breakthrough
90039,PASTA WINE CO,Wine,Breakthrough
90039,PASTEL,Wine,Breakthrough
90039,PATERNOSTER,Wine,Breakthrough
90039,PATRIARCHE,Wine,Breakthrough
90039,PATRICK LESEC,Wine,Breakthrough
90039,PAUL DOLAN VINEYARDS,Wine,Breakthrough
90039,PAUL JABOULET AINE,Wine,Breakthrough
90039,PAUL THOMAS,Wine,Breakthrough
90039,PAUL VALMER,Wine,Breakthrough
90039,PAUL VALMERAS,Wine,Breakthrough
90039,PAVLOU KAGAS WINERY,Wine,Breakthrough
90039,PAXIS,Wine,Breakthrough
90039,PAZO CILLEIRO,Wine,Breakthrough
90039,PAZOS DE LUSCO,Wine,Breakthrough
90039,PEACE FAMILY VINEYARDS,Wine,Breakthrough
90039,PEAKS & TIDES,Wine,Breakthrough
90039,PEAR VALLEY,Wine,Breakthrough
90039,PEBBLE SPRINGS,Wine,Breakthrough
90039,PEJU PROVINCE,Wine,Breakthrough
90039,PELICAN BAY,Wine,Breakthrough
90039,PELLEGRINO,Wine,Breakthrough
90039,PENA ROBLE,Wine,Breakthrough
90039,PENASCAL,Wine,Breakthrough
90039,PENASOL,Wine,Breakthrough
90039,PENDULUM,Wine,Breakthrough
90039,PENFOLDS,Wine,Breakthrough
90039,PEPPERJACK,Wine,Breakthrough
90039,PERDRIEL,Wine,Breakthrough
90039,PERE ALESSANDRO,Wine,Breakthrough
90039,PERIPHERY,Wine,Breakthrough
90039,PERIQUITA,Wine,Breakthrough
90039,PETER BRUM,Wine,Breakthrough
90039,PETER LEHMANN,Wine,Breakthrough
90039,PETER MERTES,Wine,Breakthrough
90039,PETER VELLA,Wine,Breakthrough
90039,PETER YEALANDS,Wine,Breakthrough
90039,PETIT CHOCOLAT,Wine,Breakthrough
90039,PETIT COCONUT,Wine,Breakthrough
90039,PETIT ESPRESSO,Wine,Breakthrough
90039,PETIT PEPPERMINT BARK,Wine,Breakthrough
90039,PETIT RASPBERRY,Wine,Breakthrough
90039,PETIT WINE SPECIALTY,Wine,Breakthrough
90039,PETITE COTE,Wine,Breakthrough
90039,PEZZULI WINERY,Wine,Breakthrough
90039,PHARAON,Wine,Breakthrough
90039,PHILIPPE COLIN,Wine,Breakthrough
90039,PHILIPPS ECKSTEIN,Wine,Breakthrough
90039,PHILIZOT ET FILS VEUVE MONSIGNY,Wine,Breakthrough
90039,PIACERE,Wine,Breakthrough
90039,PIANETA ORGANICO,Wine,Breakthrough
90039,PIATTELLI VINEYARDS,Wine,Breakthrough
90039,PICNIC BRUNCH,Wine,Breakthrough
90039,PICO VIEJO,Wine,Breakthrough
90039,PIEDEMONTE,Wine,Breakthrough
90039,PIEROPAN,Wine,Breakthrough
90039,PIERRE BONIFACE,Wine,Breakthrough
90039,PIERRE DAMOY,Wine,Breakthrough
90039,PIERRE MATROT,Wine,Breakthrough
90039,PIETRAMAGGIO,Wine,Breakthrough
90039,PIGHIN,Wine,Breakthrough
90039,PILLAR BOX,Wine,Breakthrough
90039,PILLAR HEIGHTS CELLARS,Wine,Breakthrough
90039,PILLITTERO CARRETTO,Wine,Breakthrough
90039,PIN POINT,Wine,Breakthrough
90039,PINEBROOK,Wine,Breakthrough
90039,PINETTI NOTTE,Wine,Breakthrough
90039,PINK SANDS,Wine,Breakthrough
90039,PINK ZEBRA,Wine,Breakthrough
90039,PINNACOLI,Wine,Breakthrough
90039,PIPER SONOMA,Wine,Breakthrough
90039,PISATO,Wine,Breakthrough
90039,PIZZA RED,Wine,Breakthrough
90039,PLAN PEGAU,Wine,Breakthrough
90039,PLATFORM 9,Wine,Breakthrough
90039,PLAYA BANDERAS,Wine,Breakthrough
90039,PLOW & PRESS,Wine,Breakthrough
90039,PLOW & STARS,Wine,Breakthrough
90039,PLUME BLEUE,Wine,Breakthrough
90039,POCAS,Wine,Breakthrough
90039,PODERI MELINI,Wine,Breakthrough
90039,POGGIO ALLE SUGHERE,Wine,Breakthrough
90039,POGGIO DEI VIGNETI,Wine,Breakthrough
90039,POGGIO DEL CONCONE,Wine,Breakthrough
90039,POGGIO LE COSTE,Wine,Breakthrough
90039,POL ROGER,Wine,Breakthrough
90039,POLKA DOT,Wine,Breakthrough
90039,POMMERY,Wine,Breakthrough
90039,POMULA,Wine,Breakthrough
90039,PONT D'AVIGNON,Wine,Breakthrough
90039,PORTA DEL SOLE,Wine,Breakthrough
90039,PORTA LEONE,Wine,Breakthrough
90039,PORTA VITA,Wine,Breakthrough
90039,PORTAL,Wine,Breakthrough
90039,PORTAL DO MINHO,Wine,Breakthrough
90039,PORTE STE GERMAINE,Wine,Breakthrough
90039,PORTLANDIA,Wine,Breakthrough
90039,POSSMANN,Cider,Breakthrough
90039,POSSMANN,Wine,Breakthrough
90039,POTEL AVIRON,Wine,Breakthrough
90039,POUR FAVOR,Wine,Breakthrough
90039,PRAIRIE,Low Alcohol Beverage,Breakthrough
90039,PRASIDENTEN GOLD,Wine,Breakthrough
90039,PRATS FRERES,Wine,Breakthrough
90039,PREMONITION,Wine,Breakthrough
90039,PRESTIGE WINE GROUP,Wine,Breakthrough
90039,PRIEURE DE MONTEZARGUES,Wine,Breakthrough
90039,PRIMA MAZZO,Wine,Breakthrough
90039,PRIMACIA,Wine,Breakthrough
90039,PRIMI FRUTTI,Wine,Breakthrough
90039,PRIMO AMORE,Wine,Breakthrough
90039,PRIMO MONTE,Wine,Breakthrough
90039,PRINCIPATO,Wine,Breakthrough
90039,PROEMIO,Wine,Breakthrough
90039,PROMONTORY,Wine,Breakthrough
90039,PROSPECT 49,Wine,Breakthrough
90039,PROSPER ET LOUIS MARIE TEISSERENC,Wine,Breakthrough
90039,PROSPERITY,Wine,Breakthrough
90039,PROUDLY VEGAN,Wine,Breakthrough
90039,PROVENANCE VINEYARDS,Wine,Breakthrough
90039,PROVERB,Wine,Breakthrough
90039,PROVINCIA NOSTRA,Wine,Breakthrough
90039,PRUM ERBEN,Wine,Breakthrough
90039,PSAGOT,Wine,Breakthrough
90039,PSYCHE,Wine,Breakthrough
90039,PULL,Wine,Breakthrough
90039,PUNCH BOWL,Wine,Breakthrough
90039,PURPLE HEART,Wine,Breakthrough
90039,PUYDEVAL,Wine,Breakthrough
90039,Phantom Bay,Wine,Breakthrough
90039,Poggio Al Tesoro,Wine,Breakthrough
90039,Q,Wine,Breakthrough
90039,Q CLAY,Wine,Breakthrough
90039,QUADRANT,Wine,Breakthrough
90039,QUADRIFOLIA,Wine,Breakthrough
90039,QUANTA,Wine,Breakthrough
90039,QUARTER CUT,Wine,Breakthrough
90039,QUE SERA SERA,Wine,Breakthrough
90039,QUILL CREEK,Wine,Breakthrough
90039,QUINNS,Wine,Breakthrough
90039,QUINTA DO NOVAL,Wine,Breakthrough
90039,QUINTA DO PORTAL,Wine,Breakthrough
90039,QUINTA DO VALE MEAO,Wine,Breakthrough
90039,QUINTESSA,Wine,Breakthrough
90039,QUISCO,Wine,Breakthrough
90039,R & B,Wine,Breakthrough
90039,R & G,Wine,Breakthrough
90039,R&R,Wine,Breakthrough
90039,RABBLE,Wine,Breakthrough
90039,RACCOLTE,Wine,Breakthrough
90039,RAIMAT,Wine,Breakthrough
90039,RAIMUND PRUM,Wine,Breakthrough
90039,RAIN DANCE,Wine,Breakthrough
90039,RAM'S GATE,Wine,Breakthrough
90039,RAMON BILBAO,Wine,Breakthrough
90039,RANCHO ALTO,Wine,Breakthrough
90039,RANCHO ZABACO,Wine,Breakthrough
90039,RAPAURA SPRINGS,Wine,Breakthrough
90039,RATTI,Wine,Breakthrough
90039,RAVEL & STITCH,Wine,Breakthrough
90039,RAVINI,Wine,Breakthrough
90039,RAW BAR,Wine,Breakthrough
90039,RAW SPIRIT MIX,Low Alcohol Beverage,Breakthrough
90039,RAZOR'S EDGE,Wine,Breakthrough
90039,RDLR THE MAGICIAN,Wine,Breakthrough
90039,RE MANFREDI,Wine,Breakthrough
90039,REAL COMPANIA,Wine,Breakthrough
90039,REAL DEL PEDRO,Wine,Breakthrough
90039,REAL STONES,Wine,Breakthrough
90039,RECCHIA,Wine,Breakthrough
90039,RED BICYCLETTE,Wine,Breakthrough
90039,RED BOOTS WINERY,Wine,Breakthrough
90039,RED CLOAK,Wine,Breakthrough
90039,RED FIRE,Wine,Breakthrough
90039,RED KNOT,Wine,Breakthrough
90039,RED LADY 21,Wine,Breakthrough
90039,RED NOTE,Wine,Breakthrough
90039,RED ROCK,Wine,Breakthrough
90039,RED SKY RANCH,Wine,Breakthrough
90039,REDTREE,Wine,Breakthrough
90039,REDWOOD CREEK,Wine,Breakthrough
90039,REGINATO,Wine,Breakthrough
90039,REIEM,Wine,Breakthrough
90039,RELAY,Wine,Breakthrough
90039,REMY FERBRAS,Wine,Breakthrough
90039,REMY PANNIER,Wine,Breakthrough
90039,RENATO RATTI,Wine,Breakthrough
90039,RENE JUNOT,Wine,Breakthrough
90039,RENIDEO,Wine,Breakthrough
90039,RENTAS DE FINCAS,Wine,Breakthrough
90039,RENWOOD,Wine,Breakthrough
90039,RESERVE DE LA COMTESSE,Wine,Breakthrough
90039,RESERVE LES MAURINS,Wine,Breakthrough
90039,RESERVE MAISON NICOLAS,Wine,Breakthrough
90039,RESERVE NOTES,Wine,Breakthrough
90039,RESERVE ST MARTIN,Wine,Breakthrough
90039,RESS & CO,Wine,Breakthrough
90039,RESTING BRUNCH FACE,Wine,Breakthrough
90039,RETHINK,Wine,Breakthrough
90039,REVA,Wine,Breakthrough
90039,REVEALED,Wine,Breakthrough
90039,REVELATION BY GOOSE RIDGE,Wine,Breakthrough
90039,REX HILL,Wine,Breakthrough
90039,REYNOLDS VINEYARDS,Wine,Breakthrough
90039,RHONE TO THE BONE,Wine,Breakthrough
90039,RICCO,Wine,Breakthrough
90039,RICH & CREAMY,Wine,Breakthrough
90039,RICH & SPICY,Wine,Breakthrough
90039,RICHARD RICHTER,Wine,Breakthrough
90039,RIDGELINE,Wine,Breakthrough
90039,RIESLAND CELLARS,Wine,Breakthrough
90039,RIHAKU,Wine,Breakthrough
90039,RINNA WINES,Wine,Breakthrough
90039,RIO ANDINO,Wine,Breakthrough
90039,RIO DULCE,Wine,Breakthrough
90039,RIPA DI SOTTO,Wine,Breakthrough
90039,RISATA,Wine,Breakthrough
90039,RIVAREY,Wine,Breakthrough
90039,RIVEFORT DE FRANCE,Wine,Breakthrough
90039,RIVEN ROCK,Wine,Breakthrough
90039,RIVER CREST,Wine,Breakthrough
90039,RIVER MIST,Wine,Breakthrough
90039,RIVERSIDE IMPORTS,Wine,Breakthrough
90039,ROAMING DOG,Wine,Breakthrough
90039,ROBERT HALL,Wine,Breakthrough
90039,ROBERT'S ROCK,Wine,Breakthrough
90039,ROBERTO CIPRESSO,Wine,Breakthrough
90039,ROBERTO VOERZIO,Wine,Breakthrough
90039,ROBERTS ESTATE WINES,Wine,Breakthrough
90039,ROC LA GRAVIERE,Wine,Breakthrough
90039,ROCA,Wine,Breakthrough
90039,ROCCA CERRINA,Wine,Breakthrough
90039,ROCCA DELLE MACIE,Wine,Breakthrough
90039,ROCCA DI MONTEMASSI,Wine,Breakthrough
90039,ROCK & ROOTS,Wine,Breakthrough
90039,ROCK RABBIT,Wine,Breakthrough
90039,ROGER D'ANOIA,Wine,Breakthrough
90039,ROLF BINDER,Wine,Breakthrough
90039,ROLLING MIST,Wine,Breakthrough
90039,ROMANO'S,Wine,Breakthrough
90039,RONCIER,Wine,Breakthrough
90039,RONCO DI SASSI,Wine,Breakthrough
90039,RONDEL,Wine,Breakthrough
90039,ROSE AGAINST THE MACHINE,Wine,Breakthrough
90039,ROSE BAE,Wine,Breakthrough
90039,ROSE D'MADELEINE,Wine,Breakthrough
90039,ROSE D'OR,Wine,Breakthrough
90039,ROSE VOUS,Wine,Breakthrough
90039,ROSE-VOUS?,Wine,Breakthrough
90039,ROSECREEK AG,Wine,Breakthrough
90039,ROSECREEK AU,Wine,Breakthrough
90039,ROSECREEK CA,Wine,Breakthrough
90039,ROSECREEK CH,Wine,Breakthrough
90039,ROSECREEK FR,Wine,Breakthrough
90039,ROSECREEK GE,Wine,Breakthrough
90039,ROSECREEK IT,Wine,Breakthrough
90039,ROSECREEK NZ,Wine,Breakthrough
90039,ROSECREEK SA,Wine,Breakthrough
90039,ROSECREEK SP,Wine,Breakthrough
90039,ROSECREEK USA,Wine,Breakthrough
90039,ROSECREEK WA,Wine,Breakthrough
90039,ROSEDALE WINES,Wine,Breakthrough
90039,ROSEHAVEN,Wine,Breakthrough
90039,ROSELLE,Wine,Breakthrough
90039,ROSEMOUNT ESTATE,Wine,Breakthrough
90039,ROSHAMBO,Wine,Breakthrough
90039,ROSSETTI,Wine,Breakthrough
90039,ROSSOPESCE,Wine,Breakthrough
90039,ROTWEINGALERIE,Wine,Breakthrough
90039,ROUTE 99,Wine,Breakthrough
90039,ROW ELEVEN,Wine,Breakthrough
90039,ROY ESTATE,Wine,Breakthrough
90039,ROYAL RIDGE VINEYARDS,Wine,Breakthrough
90039,ROZES,Wine,Breakthrough
90039,RUBEUS OF LORE,Wine,Breakthrough
90039,RUBY SKY,Wine,Breakthrough
90039,RUCAS,Wine,Breakthrough
90039,RUE DE PERLE,Wine,Breakthrough
90039,RUFINA,Wine,Breakthrough
90039,RUGGERI,Wine,Breakthrough
90039,RUINS,Wine,Breakthrough
90039,RUMOURS,Wine,Breakthrough
90039,RUN RIOT,Wine,Breakthrough
90039,RUNIK,Wine,Breakthrough
90039,RUSINA,Wine,Breakthrough
90039,RUTA 22,Wine,Breakthrough
90039,RUZZARE,Wine,Breakthrough
90039,RYAN'S,Wine,Breakthrough
90039,S STEFANO BELBO,Wine,Breakthrough
90039,SABE,Wine,Breakthrough
90039,SACCHETTO,Wine,Breakthrough
90039,SACRED HILL,Wine,Breakthrough
90039,SAFO,Wine,Breakthrough
90039,SAGE BARN,Wine,Breakthrough
90039,SAGELANDS VINEYARD,Wine,Breakthrough
90039,SAGELANDS WINERY,Wine,Breakthrough
90039,SAILOR'S RESERVE,Wine,Breakthrough
90039,SAINT BEATRICE,Wine,Breakthrough
90039,SAINT FELIX,Wine,Breakthrough
90039,SAKEMOTO,Wine,Breakthrough
90039,SAL DE FIESTA,Wine,Breakthrough
90039,SALINAN,Wine,Breakthrough
90039,SALMON RUN,Wine,Breakthrough
90039,SALTRAM,Wine,Breakthrough
90039,SALVATION,Wine,Breakthrough
90039,SALVATORE PRINCIPE,Wine,Breakthrough
90039,SAMUEL LINDSAY WINES,Wine,Breakthrough
90039,SAMUEL WYNN & CO,Wine,Breakthrough
90039,SAN BERNABE VINEYARD,Wine,Breakthrough
90039,SAN TELMO,Wine,Breakthrough
90039,SAN ZENONE,Wine,Breakthrough
90039,SANCTUARY ESTATES,Wine,Breakthrough
90039,SANDBAR,Wine,Breakthrough
90039,SANDEMAN,Wine,Breakthrough
90039,SANDOVAL,Wine,Breakthrough
90039,SANGRIANA,Wine,Breakthrough
90039,SANTA BACHELLI,Wine,Breakthrough
90039,SANTA BARBARA COLLECTION,Wine,Breakthrough
90039,SANTA BARBARA WINE COMPANY,Wine,Breakthrough
90039,SANTA CAROLINA,Wine,Breakthrough
90039,SANTA EMA,Wine,Breakthrough
90039,SANTA MARVISTA,Wine,Breakthrough
90039,SANTA RUFINA,Wine,Breakthrough
90039,SANTA SOFIA,Wine,Breakthrough
90039,SANTI,Wine,Breakthrough
90039,SAO MIGUEL,Wine,Breakthrough
90039,SAPORE D'ITALIA,Wine,Breakthrough
90039,SARACCO,Wine,Breakthrough
90039,SARGENT CANYON,Wine,Breakthrough
90039,SARL CHRISTIAN MOREAU PERE ET FILS,Wine,Breakthrough
90039,SARL NICOLAS POTEL,Wine,Breakthrough
90039,SASSAIA,Wine,Breakthrough
90039,SAUVIGNON.COM,Wine,Breakthrough
90039,SAUVION,Wine,Breakthrough
90039,SAVONA,Wine,Breakthrough
90039,SAYANCA,Wine,Breakthrough
90039,SBRAGIA FAMILY VINEYARDS,Wine,Breakthrough
90039,SCALA DEI,Wine,Breakthrough
90039,SCANDALOUS ONE,Wine,Breakthrough
90039,SCARLATTA,Wine,Breakthrough
90039,SCARLET PATH,Wine,Breakthrough
90039,SCARLET RIDGE,Wine,Breakthrough
90039,SCARPETTA,Wine,Breakthrough
90039,SCHLOSS KOBLENZ,Wine,Breakthrough
90039,SCHLOSS OBERMANN,Wine,Breakthrough
90039,SCHMETTERLINGE IM BAUCH,Wine,Breakthrough
90039,SCHMITT SCHENK,Wine,Breakthrough
90039,SCHUBERT ESTATE,Wine,Breakthrough
90039,SCHWEDHELM,Wine,Breakthrough
90039,SCOOPS,Wine,Breakthrough
90039,SCOTTO FAMILY CELLARS,Wine,Breakthrough
90039,SCRATCHPAD,Wine,Breakthrough
90039,SEA CAVE,Wine,Breakthrough
90039,SEA SALT,Wine,Breakthrough
90039,SEASIDE CELLARS,Wine,Breakthrough
90039,SEAVIEW,Wine,Breakthrough
90039,SEBEKA,Wine,Breakthrough
90039,SECOND VOYAGE,Wine,Breakthrough
90039,SEGAL'S,Wine,Breakthrough
90039,SEGWAY,Wine,Breakthrough
90039,SEMLER MALIBU ESTATE,Wine,Breakthrough
90039,SENA,Wine,Breakthrough
90039,SENORIO DE RUBIOS,Wine,Breakthrough
90039,SEPTIMA,Wine,Breakthrough
90039,SEQUANA,Wine,Breakthrough
90039,SEQUOIA RIDGE,Wine,Breakthrough
90039,SEREGO ALIGHIERI,Wine,Breakthrough
90039,SERENGETI,Wine,Breakthrough
90039,SHADOW BAY-FRANCE,Wine,Breakthrough
90039,SHADOW BAY-NEW ZEALAND,Wine,Breakthrough
90039,SHADOWLAND,Wine,Breakthrough
90039,SHANNON RESERVE,Wine,Breakthrough
90039,SHANNON RIDGE,Wine,Breakthrough
90039,SHAW,Wine,Breakthrough
90039,SHE'S ALWAYS ROSE,Wine,Breakthrough
90039,SHEFFIELD CELLARS,Wine,Breakthrough
90039,SHILOH,Wine,Breakthrough
90039,SHINGLEBACK,Wine,Breakthrough
90039,SHINZO,Wine,Breakthrough
90039,SHIOKAWA,Wine,Breakthrough
90039,SHIRVINGTON,Wine,Breakthrough
90039,SHORE VIEW,Malt Beverage,Breakthrough
90039,SHORTBREAD WINE CO,Wine,Breakthrough
90039,SHOWTIME,Wine,Breakthrough
90039,SI ITALIA,Wine,Breakthrough
90039,SICALIA,Wine,Breakthrough
90039,SIDESHOW,Wine,Breakthrough
90039,SIDEWAYS,Wine,Breakthrough
90039,SIDEWAYS JACK,Wine,Breakthrough
90039,SIDEWISE,Wine,Breakthrough
90039,SIEBER RD,Wine,Breakthrough
90039,SIENNA GLEN,Wine,Breakthrough
90039,SIERRA CLUB ATIRA VINEYARDS,Wine,Breakthrough
90039,SIERRA PINES,Wine,Breakthrough
90039,SIGN OF THE TIMES,Wine,Breakthrough
90039,SIGNAL RIDGE,Wine,Breakthrough
90039,SIGNOS DE ORIGEN,Wine,Breakthrough
90039,SILBEREIS SEKT,Wine,Breakthrough
90039,SILENI ESTATES,Wine,Breakthrough
90039,SILENT OAK,Wine,Breakthrough
90039,SILENT ROSE VINEYARDS,Wine,Breakthrough
90039,SILVERHORN,Wine,Breakthrough
90039,SIMONETTE,Wine,Breakthrough
90039,SIMONSIG,Wine,Breakthrough
90039,SIMPLE LIFE,Wine,Breakthrough
90039,SIMPLE TRUTH ORGANIC,Wine,Breakthrough
90039,SINFUL,Wine,Breakthrough
90039,SINFUL GRIN,Wine,Breakthrough
90039,SINGING SNOWMAN,Wine,Breakthrough
90039,SINGLE VINEYARD,Wine,Breakthrough
90039,SIP,Wine,Breakthrough
90039,SIP SIP HOORAY,Wine,Breakthrough
90039,SKETCHBOOK,Wine,Breakthrough
90039,SKINNY FREEZER,Wine,Breakthrough
90039,SKIPPER'S KNOT,Wine,Breakthrough
90039,SKYFALL VINEYARD,Wine,Breakthrough
90039,SLANDER,Wine,Breakthrough
90039,SLEDGEHAMMER,Wine,Breakthrough
90039,SLICES,Wine,Breakthrough
90039,SLIM SHOOTERS POCKET COCKTAILS,Wine,Breakthrough
90039,SLV CASTILENTI,Wine,Breakthrough
90039,SMIRNOFF SINGLES,Wine,Breakthrough
90039,SMOKING LOON,Wine,Breakthrough
90039,SMOKY COVE,Wine,Breakthrough
90039,SNAPPING TURTLE,Wine,Breakthrough
90039,SNOWDON WINES,Wine,Breakthrough
90039,SNOWFLAKES,Wine,Breakthrough
90039,SNOWY SLOPES,Wine,Breakthrough
90039,SNOWY SONG,Wine,Breakthrough
90039,SOIREE,Wine,Breakthrough
90039,SOL ALTO,Wine,Breakthrough
90039,SOL LATINO,Wine,Breakthrough
90039,SOL RIO,Wine,Breakthrough
90039,SOL Y MAR,Wine,Breakthrough
90039,SOLANTO,Wine,Breakthrough
90039,SOLARIA,Wine,Breakthrough
90039,SOLARIS,Wine,Breakthrough
90039,SOLATO,Wine,Breakthrough
90039,SOLDIERS OF FORTUNE,Wine,Breakthrough
90039,SOLEGRIA,Wine,Breakthrough
90039,SOLEMAR,Wine,Breakthrough
90039,SOLEO,Wine,Breakthrough
90039,SOLINDA,Wine,Breakthrough
90039,SOLNATO,Wine,Breakthrough
90039,SOLO MAREMMA,Wine,Breakthrough
90039,SOLOIST,Wine,Breakthrough
90039,SOMBRAS DEL SOL,Wine,Breakthrough
90039,SOMMERAU CASTLE,Wine,Breakthrough
90039,SONGMEADOW,Wine,Breakthrough
90039,SONNENBAND,Wine,Breakthrough
90039,SONNHOF,Wine,Breakthrough
90039,SONOMA CREEK WINERY,Wine,Breakthrough
90039,SONOMA CUTRER,Wine,Breakthrough
90039,SONOMA HILL,Wine,Breakthrough
90039,SONOMA JUNCTION,Wine,Breakthrough
90039,SOTTO SOTTO,Wine,Breakthrough
90039,SOUTHBANK ESTATE,Wine,Breakthrough
90039,SOUTHERN LIGHTS,Wine,Breakthrough
90039,SOUTHERN TIER DISTILLING CO,Low Alcohol Beverage,Breakthrough
90039,SOUVERAIN,Wine,Breakthrough
90039,SPADE & SPARROWS,Wine,Breakthrough
90039,SPALLETTI,Wine,Breakthrough
90039,SPECIAL DELIVERY,Wine,Breakthrough
90039,SPECIALLY SELECTED,Wine,Breakthrough
90039,SPECIALTY BLENDS,Wine,Breakthrough
90039,SPECIALYST,Wine,Breakthrough
90039,SPRING CREEK,Wine,Breakthrough
90039,SPRINGBOK,Wine,Breakthrough
90039,SPRINKLE,Wine,Breakthrough
90039,SPRITZ SOCIETY,Wine,Breakthrough
90039,SPRIZZOLE,Wine,Breakthrough
90039,SPYGLASS,Wine,Breakthrough
90039,SQUEALING PIG,Wine,Breakthrough
90039,ST ANNELIESE,Wine,Breakthrough
90039,ST AUGUST,Wine,Breakthrough
90039,ST GABRIEL,Wine,Breakthrough
90039,ST GISBERTUS,Wine,Breakthrough
90039,ST HUBERTS,Wine,Breakthrough
90039,ST HUGO,Wine,Breakthrough
90039,STAATLICHER HOFKELLER,Wine,Breakthrough
90039,STAGS' LEAP WINERY,Wine,Breakthrough
90039,STALKING HORSE,Wine,Breakthrough
90039,STAR ANGEL,Wine,Breakthrough
90039,STARBOROUGH,Wine,Breakthrough
90039,STARDANCING,Wine,Breakthrough
90039,STARLING CASTLE,Wine,Breakthrough
90039,STARVEDOG LANE,Wine,Breakthrough
90039,STASIS,Wine,Breakthrough
90039,STATE OF BREWING,Cider,Breakthrough
90039,STATON HILLS,Wine,Breakthrough
90039,STE CHAPELLE,Wine,Breakthrough
90039,STE GENEVIEVE,Wine,Breakthrough
90039,STEAK HOUSE,Wine,Breakthrough
90039,STEAM,Wine,Breakthrough
90039,STEEPLE JACK,Wine,Breakthrough
90039,STEIN 1,Wine,Breakthrough
90039,STELLINA DI NOTTE,Wine,Breakthrough
90039,STERLING VINEYARDS,Wine,Breakthrough
90039,STERLING VINTNER'S COLLECTION,Wine,Breakthrough
90039,STESSO,Wine,Breakthrough
90039,STIFT GOETTWEIG,Wine,Breakthrough
90039,STOLEN SEASON,Wine,Breakthrough
90039,STONECAP,Wine,Breakthrough
90039,STONEHAVEN,Wine,Breakthrough
90039,STONEHEDGE,Wine,Breakthrough
90039,STONEMASON,Wine,Breakthrough
90039,STONEVIK,Wine,Breakthrough
90039,STORIE DI VITE,Wine,Breakthrough
90039,STORMCHASER,Wine,Breakthrough
90039,STORYPOINT,Wine,Breakthrough
90039,STORYTELLER,Wine,Breakthrough
90039,STRACCALI,Wine,Breakthrough
90039,STRATTON LUMMIS,Wine,Breakthrough
90039,STROZZI,Wine,Breakthrough
90039,STUMBLING GOAT,Wine,Breakthrough
90039,SUBMISSION,Wine,Breakthrough
90039,SUMMER DREAMS,Wine,Breakthrough
90039,SUMMERFIELD,Wine,Breakthrough
90039,SUMMERVILLE PARK,Wine,Breakthrough
90039,SUNDIAL,Wine,Breakthrough
90039,SUNNYD,Low Alcohol Beverage,Breakthrough
90039,SUNRISE,Wine,Breakthrough
90039,SUNSEEKER,Wine,Breakthrough
90039,SUNSHINE BAY,Wine,Breakthrough
90039,SURF SWIM,Wine,Breakthrough
90039,SUTTER HOME,Wine,Breakthrough
90039,SUYAI,Wine,Breakthrough
90039,SWEET CAKES,Wine,Breakthrough
90039,SWEET PEA WINERY,Wine,Breakthrough
90039,SWIZZLE,Wine,Breakthrough
90039,SXS,Wine,Breakthrough
90039,SYCAMORE LANE,Wine,Breakthrough
90039,Saintsbury,Wine,Breakthrough
90039,T N T,Wine,Breakthrough
90039,TABAGONIA,Wine,Breakthrough
90039,TABITHA BROWN,Wine,Breakthrough
90039,TABLARES,Wine,Breakthrough
90039,TAILLAN,Wine,Breakthrough
90039,TAILSLIDE,Wine,Breakthrough
90039,TAKATENJIN,Wine,Breakthrough
90039,TAKEN,Wine,Breakthrough
90039,TALL POPPY,Wine,Breakthrough
90039,TALL SAGE,Wine,Breakthrough
90039,TAMAS ESTATES,Wine,Breakthrough
90039,TANGLED VINES,Wine,Breakthrough
90039,TANGO SUR,Wine,Breakthrough
90039,TAPESTRY CA,Wine,Breakthrough
90039,TARALYN,Wine,Breakthrough
90039,TAROT,Wine,Breakthrough
90039,TARQUINO,Wine,Breakthrough
90039,TAVERNELLE,Wine,Breakthrough
90039,TAVERNELLO,Wine,Breakthrough
90039,TAYU 1865,Wine,Breakthrough
90039,TAZ,Wine,Breakthrough
90039,TE'A ROA,Wine,Breakthrough
90039,TEAL LAKE,Wine,Breakthrough
90039,TELMONT,Wine,Breakthrough
90039,TENSEI,Wine,Breakthrough
90039,TENSHEN,Wine,Breakthrough
90039,TENSLEY,Wine,Breakthrough
90039,TENTAKA,Wine,Breakthrough
90039,TENUTA CA'BOLANI,Wine,Breakthrough
90039,TENUTA DEL TERRICCIO,Wine,Breakthrough
90039,TENUTA DI FESSINA,Wine,Breakthrough
90039,TENUTA IL BOSCO,Wine,Breakthrough
90039,TENUTA L'ILLUMINATA,Wine,Breakthrough
90039,TENUTA POLVARO,Wine,Breakthrough
90039,TENUTE GALTAROSSA,Wine,Breakthrough
90039,TERPIN FRANCO,Wine,Breakthrough
90039,TERRA ANDINA,Wine,Breakthrough
90039,TERRA ARGENTA,Wine,Breakthrough
90039,TERRAMARE,Wine,Breakthrough
90039,TERRAPURA,Wine,Breakthrough
90039,TERRE DE BRUME,Wine,Breakthrough
90039,TERROIR CLUB,Wine,Breakthrough
90039,TERTRE DU MOULIN,Wine,Breakthrough
90039,TESS,Wine,Breakthrough
90039,TESSERA,Wine,Breakthrough
90039,TGI FRIDAY'S,Wine,Breakthrough
90039,TGIC IMPORTERS INC,Wine,Breakthrough
90039,THE ANARCHIST,Wine,Breakthrough
90039,THE ARCHIVIST,Wine,Breakthrough
90039,THE BLONDE BOMBSHELL,Wine,Breakthrough
90039,THE CALLING,Wine,Breakthrough
90039,THE CANDIDATE,Wine,Breakthrough
90039,THE CHOCOLATE CELLAR,Wine,Breakthrough
90039,THE CROSSINGS,Wine,Breakthrough
90039,THE CRUSHER,Wine,Breakthrough
90039,THE DIVINING ROD,Wine,Breakthrough
90039,THE EXQUISITE COLLECTION,Wine,Breakthrough
90039,THE FIFTEEN,Wine,Breakthrough
90039,THE FIRE TREE,Wine,Breakthrough
90039,THE FRENCHHOUSE,Wine,Breakthrough
90039,THE GAUCHO CLUB,Wine,Breakthrough
90039,THE GIRL AND THE GRAPE,Wine,Breakthrough
90039,THE GOOD LOT,Wine,Breakthrough
90039,THE GRADUATE,Wine,Breakthrough
90039,THE GUILD,Wine,Breakthrough
90039,THE HEADLINER,Wine,Breakthrough
90039,THE HIDDEN SEA,Wine,Breakthrough
90039,THE LANGUAGE OF YES,Wine,Breakthrough
90039,THE LAST WINE COMPANY,Wine,Breakthrough
90039,THE MAGICIAN,Wine,Breakthrough
90039,THE MONTEREY VINEYARDS,Wine,Breakthrough
90039,THE NAKED GRAPE,Wine,Breakthrough
90039,THE PALE ROSE BY SACHA LICHINE,Wine,Breakthrough
90039,THE PALM BY WHISPERING ANGEL,Wine,Breakthrough
90039,THE PATH,Wine,Breakthrough
90039,THE PEDALER,Wine,Breakthrough
90039,THE PH D,Wine,Breakthrough
90039,THE PHILOSOPHER,Wine,Breakthrough
90039,THE PLEDGE,Wine,Breakthrough
90039,THE POSTMISTRESS,Wine,Breakthrough
90039,THE PUPPETEER,Wine,Breakthrough
90039,THE RECIPIENT,Wine,Breakthrough
90039,THE RED SQUARE,Wine,Breakthrough
90039,THE RHONING STONES,Wine,Breakthrough
90039,THE RIDDLER,Wine,Breakthrough
90039,THE SCHOLAR,Wine,Breakthrough
90039,THE SKINNY VINE,Wine,Breakthrough
90039,THE TAPAS WINE COLLECTION,Wine,Breakthrough
90039,THE TRIAL OF JOHN MONTFORD,Wine,Breakthrough
90039,THE VALEDICTORIAN,Wine,Breakthrough
90039,THEODORE MANOUSAKIS,Wine,Breakthrough
90039,THEOLEO,Wine,Breakthrough
90039,THINK,Wine,Breakthrough
90039,THISTLE DEW,Wine,Breakthrough
90039,THOMAS BARTON,Wine,Breakthrough
90039,THOMAS GEORGE ESTATES,Wine,Breakthrough
90039,THOMAS SCHMITT,Wine,Breakthrough
90039,THOR'S WELL,Wine,Breakthrough
90039,THORIN,Wine,Breakthrough
90039,THORLE,Wine,Breakthrough
90039,THORNBURY,Wine,Breakthrough
90039,THREE BLOCKS,Wine,Breakthrough
90039,THREE DOG CRU,Wine,Breakthrough
90039,THREE MILLS,Low Alcohol Beverage,Breakthrough
90039,THREE MILLS,Wine,Breakthrough
90039,THREE WINDS,Wine,Breakthrough
90039,THREE WINE MEN,Wine,Breakthrough
90039,THRIVE,Wine,Breakthrough
90039,THROUGH THE FOREST,Wine,Breakthrough
90039,THUNDERBIRD,Wine,Breakthrough
90039,TIA MARIA,Low Alcohol Beverage,Breakthrough
90039,TIENEN DUENDE,Wine,Breakthrough
90039,TIERRA SECRETA,Wine,Breakthrough
90039,TIKAL,Wine,Breakthrough
90039,TIMBERWOOD VINEYARDS,Wine,Breakthrough
90039,TIMBUKTU,Wine,Breakthrough
90039,TIME WAITS FOR NO ONE,Wine,Breakthrough
90039,TIN ROOF,Wine,Breakthrough
90039,TINTO DEL CONDE,Wine,Breakthrough
90039,TIO NICO,Wine,Breakthrough
90039,TIO PEPE,Wine,Breakthrough
90039,TIP TOP,Wine,Breakthrough
90039,TIPPING POINT,Wine,Breakthrough
90039,TISDALE,Wine,Breakthrough
90039,TISTRYA,Wine,Breakthrough
90039,TITTARELLI,Wine,Breakthrough
90039,TIZIANO,Wine,Breakthrough
90039,TOAD HALL CELLARS,Wine,Breakthrough
90039,TOAST TO THE SEASON,Wine,Breakthrough
90039,TOBIA,Wine,Breakthrough
90039,TODAY MY NAME IS QUEEN,Wine,Breakthrough
90039,TODDY BLENDS,Wine,Breakthrough
90039,TODODIA,Wine,Breakthrough
90039,TOKAJ CRUS SELECT,Wine,Breakthrough
90039,TOKO,Wine,Breakthrough
90039,TOLLOT BEAUT & FILS,Wine,Breakthrough
90039,TOM,Wine,Breakthrough
90039,TOM OF FINLAND,Wine,Breakthrough
90039,TOMASELLO WINERY,Wine,Breakthrough
90039,TONEL,Wine,Breakthrough
90039,TOONZI,Wine,Breakthrough
90039,TOOTERS,Wine,Breakthrough
90039,TOOTH & NAIL WINES,Wine,Breakthrough
90039,TORCALVANO,Wine,Breakthrough
90039,TORO LOCO,Wine,Breakthrough
90039,TORRE DE FERRO,Wine,Breakthrough
90039,TORREMILANOS,Wine,Breakthrough
90039,TORRES DE ANGUIX,Wine,Breakthrough
90039,TOSO AG,Wine,Breakthrough
90039,TOTT'S,Wine,Breakthrough
90039,TOUR DE SOLEIL,Wine,Breakthrough
90039,TOURNELLE,Wine,Breakthrough
90039,TOURNER,Wine,Breakthrough
90039,TOZAI,Wine,Breakthrough
90039,TRACKERS CROSSING,Wine,Breakthrough
90039,TRADITIONS,Wine,Breakthrough
90039,TRAPICHE,Wine,Breakthrough
90039,TRAVAGLINI,Wine,Breakthrough
90039,TRAVIS,Wine,Breakthrough
90039,TREGOLE,Wine,Breakthrough
90039,TRESTORIA,Wine,Breakthrough
90039,TRIMBACH,Wine,Breakthrough
90039,TRINCHERO FAMILY ESTATES,Wine,Breakthrough
90039,TRINCHERO WINERY,Wine,Breakthrough
90039,TRINITY OAKS,Wine,Breakthrough
90039,TRIPLE THREAT,Wine,Breakthrough
90039,TROJAN HORSE,Wine,Breakthrough
90039,TROPICAL,Wine,Breakthrough
90039,TROPICAL BY LUCA BOSIO,Wine,Breakthrough
90039,TROUBLE SHOOTER,Wine,Breakthrough
90039,TRUCE,Low Alcohol Beverage,Breakthrough
90039,TRUTH BE TOLD WINERY,Wine,Breakthrough
90039,TRUVEE,Wine,Breakthrough
90039,TUCK BECKSTOFFER WINES,Wine,Breakthrough
90039,TUMWATER,Cider,Breakthrough
90039,TUNNEL OF ELMS,Wine,Breakthrough
90039,TURN ME,Wine,Breakthrough
90039,TURNING LEAF,Wine,Breakthrough
90039,TURNING TIDE,Wine,Breakthrough
90039,TUSSOCK JUMPER,Wine,Breakthrough
90039,TUTELA,Wine,Breakthrough
90039,TWIN OAKS,Wine,Breakthrough
90039,TWISTED BRUSH,Wine,Breakthrough
90039,TWO ANGELS,Wine,Breakthrough
90039,TWO BRAVES,Wine,Breakthrough
90039,TWO CHICKS,Low Alcohol Beverage,Breakthrough
90039,TWO OCEANS,Wine,Breakthrough
90039,TWOTONE FARM,Wine,Breakthrough
90039,TY KU,Wine,Breakthrough
90039,UNCORKED,Wine,Breakthrough
90039,UNDERCURRENT,Wine,Breakthrough
90039,UNDERWOOD,Wine,Breakthrough
90039,UNFILTERED BLONDE,Wine,Breakthrough
90039,UNTAMED VINE,Wine,Breakthrough
90039,UPCHURCH VINEYARD,Wine,Breakthrough
90039,UPPERCUT,Wine,Breakthrough
90039,UPTOWN COCKTAILS,Wine,Breakthrough
90039,URGENCY,Wine,Breakthrough
90039,URLARI,Wine,Breakthrough
90039,VAL DE VID,Wine,Breakthrough
90039,VAL DELLE ROSE,Wine,Breakthrough
90039,VAL DES ROIS,Wine,Breakthrough
90039,VALDO,Wine,Breakthrough
90039,VALENSAC MORENCY,Wine,Breakthrough
90039,VALENTIN BIANCHI,Wine,Breakthrough
90039,VALLEY OF THE MOON,Wine,Breakthrough
90039,VAN DUZER,Wine,Breakthrough
90039,VANISHING POINT,Wine,Breakthrough
90039,VARVAGLIONE,Wine,Breakthrough
90039,VATISTAS VINEYARDS,Wine,Breakthrough
90039,VAYA VADISO,Wine,Breakthrough
90039,VECCHIA VENEZIA,Wine,Breakthrough
90039,VEGA DEL CEGA,Wine,Breakthrough
90039,VEGA ESLORA,Wine,Breakthrough
90039,VEGANIA,Wine,Breakthrough
90039,VELADA,Wine,Breakthrough
90039,VELATA,Wine,Breakthrough
90039,VELOCE,Wine,Breakthrough
90039,VELVET CRUSH,Wine,Breakthrough
90039,VENTRILOQUIST,Wine,Breakthrough
90039,VERSASI,Wine,Breakthrough
90039,VERSE & VINE,Wine,Breakthrough
90039,VEUVE CALENDRIN,Wine,Breakthrough
90039,VEUVE DU VERNAY,Wine,Breakthrough
90039,VEUVE MONSIGNY,Wine,Breakthrough
90039,VIAJERO,Wine,Breakthrough
90039,VICARA,Wine,Breakthrough
90039,VICTORIOUS PINK,Wine,Breakthrough
90039,VIDORRA REAL,Wine,Breakthrough
90039,VIE VITE,Wine,Breakthrough
90039,VIEUX PAPES,Wine,Breakthrough
90039,VIGILANCE,Wine,Breakthrough
90039,VIGNAMATTA,Wine,Breakthrough
90039,VIGNETI LA SELVANELLA,Wine,Breakthrough
90039,VIK,Wine,Breakthrough
90039,VILA,Wine,Breakthrough
90039,VILA NOVA,Wine,Breakthrough
90039,VILA REAL,Wine,Breakthrough
90039,VILALBA,Wine,Breakthrough
90039,VILARNAU,Wine,Breakthrough
90039,VILLA ALENA,Wine,Breakthrough
90039,VILLA BONAGA,Wine,Breakthrough
90039,VILLA CARA,Wine,Breakthrough
90039,VILLA CERNA,Wine,Breakthrough
90039,VILLA DES ANGES,Wine,Breakthrough
90039,VILLA GARDUCCI,Wine,Breakthrough
90039,VILLA JAIME,Wine,Breakthrough
90039,VILLA MANTELLA,Wine,Breakthrough
90039,VILLA PILLO,Wine,Breakthrough
90039,VILLA POZZI,Wine,Breakthrough
90039,VILLA PUCCINI,Wine,Breakthrough
90039,VILLA SAN GIOVANNI,Wine,Breakthrough
90039,VILLA VISTARENNI,Wine,Breakthrough
90039,VILLADIANA,Wine,Breakthrough
90039,VIN DILLON,Wine,Breakthrough
90039,VIN SEVEN,Wine,Breakthrough
90039,VIN VAULT,Wine,Breakthrough
90039,VINA ANTIGUA,Wine,Breakthrough
90039,VINA DE LA NIEVE,Wine,Breakthrough
90039,VINA DECANA,Wine,Breakthrough
90039,VINA EGUIA,Wine,Breakthrough
90039,VINA FUERTE,Wine,Breakthrough
90039,VINA MAIPO,Wine,Breakthrough
90039,VINA MAIPU,Wine,Breakthrough
90039,VINA POMAL,Wine,Breakthrough
90039,VINA POMAL CENTENARIO,Wine,Breakthrough
90039,VINA TARAPACA,Wine,Breakthrough
90039,VINA TUELDA,Wine,Breakthrough
90039,VINA ZACO,Wine,Breakthrough
90039,VINAAGO,Wine,Breakthrough
90039,VINAE ITALIAE,Wine,Breakthrough
90039,VINAS DE VILA,Wine,Breakthrough
90039,VINAVERA,Wine,Breakthrough
90039,VINCENT EDOUARD POIRIER,Wine,Breakthrough
90039,VINDELOCKS,Wine,Breakthrough
90039,VINE TO TABLE,Wine,Breakthrough
90039,VINEDOS ERRAZURIZ OVALLE,Wine,Breakthrough
90039,VINESOD ERRAZURIZ OVALLE,Wine,Breakthrough
90039,VINESTRAL,Wine,Breakthrough
90039,VINFRESCO,Wine,Breakthrough
90039,VINGO,Wine,Breakthrough
90039,VINHA DO ROSARIO,Wine,Breakthrough
90039,VINI BELLUZZO,Wine,Breakthrough
90039,VINO DEI FRATELLI,Wine,Breakthrough
90039,VINOS Y TURISMO,Wine,Breakthrough
90039,VINTAGE LONGBOTTOM,Wine,Breakthrough
90039,VINTAGE NORTHWEST,Wine,Breakthrough
90039,VINTNER'S MULLED WINE,Wine,Breakthrough
90039,VINTNERS LOT,Wine,Breakthrough
90039,VINUVA,Wine,Breakthrough
90039,VIOLA ROSA,Wine,Breakthrough
90039,VIOLET HOUSE,Wine,Breakthrough
90039,VIRGIN VINES,Wine,Breakthrough
90039,VIRGINIE,Wine,Breakthrough
90039,VISTA PEAK,Wine,Breakthrough
90039,VISTANA,Wine,Breakthrough
90039,VISTOSA,Wine,Breakthrough
90039,VIVACHE,Wine,Breakthrough
90039,VIVANCO,Wine,Breakthrough
90039,VIVELLO,Wine,Breakthrough
90039,VODKA SELTZER,Low Alcohol Beverage,Breakthrough
90039,VOGA,Wine,Breakthrough
90039,VOLPAIA,Wine,Breakthrough
90039,VOLPE PASINI,Wine,Breakthrough
90039,VOLTEO,Wine,Breakthrough
90039,VOYATZIS WINERIES,Wine,Breakthrough
90039,VVE MONSIGNY,Wine,Breakthrough
90039,Villanella,Wine,Breakthrough
90039,WAIPAPA BAY,Wine,Breakthrough
90039,WAIPARA HILLS,Wine,Breakthrough
90039,WAKAZE,Wine,Breakthrough
90039,WAKEFIELD,Wine,Breakthrough
90039,WALDEN,Wine,Breakthrough
90039,WALDENHOFF,Wine,Breakthrough
90039,WALKABOUT VINEYARDS,Wine,Breakthrough
90039,WALKER,Wine,Breakthrough
90039,WANDERING GRAPE,Wine,Breakthrough
90039,WANDERING VINES,Wine,Breakthrough
90039,WARA WARA,Wine,Breakthrough
90039,WARBURN ESTATE,Wine,Breakthrough
90039,WARM FRIEND,Wine,Breakthrough
90039,WARRENMANG,Wine,Breakthrough
90039,WASHINGTON HILLS WINERY,Wine,Breakthrough
90039,WATERBROOK,Wine,Breakthrough
90039,WE ARE ITALIANO,Wine,Breakthrough
90039,WEBERSBURG WINERY,Wine,Breakthrough
90039,WEIN MIT HERZ,Wine,Breakthrough
90039,WEINGARTEN,Wine,Breakthrough
90039,WEINGUT MEINHARD FORSTREITER,Wine,Breakthrough
90039,WEINKELLEREI KLOSTOR,Wine,Breakthrough
90039,WEINREISE DURCH DEUTSCHLAND,Wine,Breakthrough
90039,WENTE VINEYARDS,Wine,Breakthrough
90039,WERNESGRUNER,Malt Beverage,Breakthrough
90039,WHISPERING HILLS,Wine,Breakthrough
90039,WHITE HILLS VINEYARDS,Wine,Breakthrough
90039,WHITE OPAL,Wine,Breakthrough
90039,WHITE RABBIT,Wine,Breakthrough
90039,WHITEHAVEN,Wine,Breakthrough
90039,WICKED GROVE,Cider,Breakthrough
90039,WILD CHILD,Wine,Breakthrough
90039,WILD MEADOWS,Wine,Breakthrough
90039,WILD VINES,Wine,Breakthrough
90039,WILDER WINERY,Wine,Breakthrough
90039,WILLIAM HILL,Wine,Breakthrough
90039,WILLIAM HILL ESTATE,Wine,Breakthrough
90039,WILLIAM WALKER,Wine,Breakthrough
90039,WILLIAM WRIGHT,Wine,Breakthrough
90039,WILLOW COVE,Wine,Breakthrough
90039,WILY JACK,Wine,Breakthrough
90039,WIND SONG,Wine,Breakthrough
90039,WINDY BAY,Wine,Breakthrough
90039,WINE CUBE,Wine,Breakthrough
90039,WINE MEN OF GOTHAM,Wine,Breakthrough
90039,WINE WATER,Wine,Breakthrough
90039,WINEMAKERS SELECTION IT,Wine,Breakthrough
90039,WINEPRESS VINTNERS,Wine,Breakthrough
90039,WINES THAT ROCK,Wine,Breakthrough
90039,WINGS PIZZA N THINGS,Wine,Breakthrough
90039,WINKING OWL,Wine,Breakthrough
90039,WINTER,Wine,Breakthrough
90039,WINTER GETAWAY,Wine,Breakthrough
90039,WINTER WINEDERLAND,Wine,Breakthrough
90039,WINTER WONDERLAND,Wine,Breakthrough
90039,WINTERLIEBE,Wine,Breakthrough
90039,WINTERSAISON,Wine,Breakthrough
90039,WINTERTIME WONDERS,Wine,Breakthrough
90039,WISE & HEIMER,Wine,Breakthrough
90039,WISH BIG,Wine,Breakthrough
90039,WITTMANN,Wine,Breakthrough
90039,WOHLER BRIDGE,Wine,Breakthrough
90039,WOLF BLASS,Wine,Breakthrough
90039,WOLF CREEK WINERY,Wine,Breakthrough
90039,WOLF RIDGE,Wine,Breakthrough
90039,WOODBRIDGE BY ROBERT MONDAVI,Wine,Breakthrough
90039,WOODLEAF RANCH,Wine,Breakthrough
90039,WOODWORK,Wine,Breakthrough
90039,WUERTTEMBERGISCHE WEINGAERTNER,Wine,Breakthrough
90039,WYCLIFF,Wine,Breakthrough
90039,WYNDHAM ESTATE,Wine,Breakthrough
90039,WYNNS,Wine,Breakthrough
90039,XYZIN WINERY,Wine,Breakthrough
90039,YAGO,Wine,Breakthrough
90039,YAMADA SHOTEN,Wine,Breakthrough
90039,YARRA BURN,Wine,Breakthrough
90039,YARRA RIDGE,Wine,Breakthrough
90039,YATIR,Wine,Breakthrough
90039,YEALANDS,Wine,Breakthrough
90039,YELLOW JERSEY,Wine,Breakthrough
90039,YELLOW TAIL,Wine,Breakthrough
90039,YELLOWGLEN,Wine,Breakthrough
90039,YES WAY ROSE,Wine,Breakthrough
90039,YOMI,Wine,Breakthrough
90039,YOSHINOGAWA,Wine,Breakthrough
90039,YUKI TORA,Wine,Breakthrough
90039,ZAMARRO,Wine,Breakthrough
90039,ZARITA,Wine,Breakthrough
90039,ZARPADO,Wine,Breakthrough
90039,ZEAL,Wine,Breakthrough
90039,ZELLER SCHWARZE KATZ,Wine,Breakthrough
90039,ZERAFINI,Wine,Breakthrough
90039,ZIERGARTEN,Wine,Breakthrough
90039,ZIG ZAG ZIN,Wine,Breakthrough
90039,ZILZIE,Wine,Breakthrough
90039,ZIMMERMANN,Wine,Breakthrough
90039,ZIMMERMANN GRAEFF,Wine,Breakthrough
90039,ZINGARO,Wine,Breakthrough
90039,ZINOPOLIS,Wine,Breakthrough
90039,ZINPHOMANIAC,Wine,Breakthrough
90039,ZINTRY CELLARS,Wine,Breakthrough
90039,ZIOBAFFA,Wine,Breakthrough
90039,ZIPPER,Wine,Breakthrough
90039,ZIPZ,Wine,Breakthrough
90039,ZMORA,Wine,Breakthrough
90039,ZONIN,Wine,Breakthrough
13258336,100 NAILS RANCH,Wine,Johnson_Brothers_Service_Distributing
13258336,CASTELLO DEL POGGIO,Wine,Johnson_Brothers_Service_Distributing
13258336,COCKBURN'S,Wine,Johnson_Brothers_Service_Distributing
13258336,DONA PAULA,Wine,Johnson_Brothers_Service_Distributing
13258336,FEUDO PRINCIPI DI BUTERA,Wine,Johnson_Brothers_Service_Distributing
13258336,LE PETIT PERROY,Wine,Johnson_Brothers_Service_Distributing
13258336,MARQUES DE RISCAL,Wine,Johnson_Brothers_Service_Distributing
13258336,MASSERIA ALTEMURA,Wine,Johnson_Brothers_Service_Distributing
13258336,OLG,Wine,Johnson_Brothers_Service_Distributing
13258336,OUTLANDER,Wine,Johnson_Brothers_Service_Distributing
13258336,PAINTED SCARS,Wine,Johnson_Brothers_Service_Distributing
13258336,PRIMO AMORE,Wine,Johnson_Brothers_Service_Distributing
13258336,PROEMIO,Wine,Johnson_Brothers_Service_Distributing
13258336,ROCCA DI MONTEMASSI,Wine,Johnson_Brothers_Service_Distributing
13258336,VOCHE,Wine,Johnson_Brothers_Service_Distributing
13258336,ZONIN,Wine,Johnson_Brothers_Service_Distributing
13182275,BARTLES & JAYMES,Malt Beverage,Johnson_Brothers_Service_Distributing
13182275,BLOCK PARTY,Malt Beverage,Johnson_Brothers_Service_Distributing
13182275,BREAKFAST SELTZER,Malt Beverage,Johnson_Brothers_Service_Distributing
13182275,COVISTA,Malt Beverage,Johnson_Brothers_Service_Distributing
13182275,FESTLICH HAUS,Malt Beverage,Johnson_Brothers_Service_Distributing
13182275,FOLDED MOUNTAINS,Malt Beverage,Johnson_Brothers_Service_Distributing
13182275,GREAT AMERICA,Malt Beverage,Johnson_Brothers_Service_Distributing
13182275,HARD ROCK,Low Alcohol Beverage,Johnson_Brothers_Service_Distributing
13182275,HARD ROCK,Malt Beverage,Johnson_Brothers_Service_Distributing
13182275,HOLLAND,Malt Beverage,Johnson_Brothers_Service_Distributing
13182275,INDEPENDENCE HARBOR,Malt Beverage,Johnson_Brothers_Service_Distributing
13182275,JACK DANIEL'S,Malt Beverage,Johnson_Brothers_Service_Distributing
13182275,LOCKEN'S,Malt Beverage,Johnson_Brothers_Service_Distributing
13182275,MONTERREY,Malt Beverage,Johnson_Brothers_Service_Distributing
13182275,PRESS,Malt Beverage,Johnson_Brothers_Service_Distributing
13182275,STEWART'S,Malt Beverage,Johnson_Brothers_Service_Distributing
13182275,VERDI,Malt Beverage,Johnson_Brothers_Service_Distributing
13182275,WERNESGRUNER,Malt Beverage,Johnson_Brothers_Service_Distributing
13182275,WHITE TIDE,Malt Beverage,Johnson_Brothers_Service_Distributing
13182275,WILD RANGE,Malt Beverage,Johnson_Brothers_Service_Distributing
13182273,1000 STORIES,Wine,Johnson_Brothers_Service_Distributing
13182273,111,Wine,Johnson_Brothers_Service_Distributing
13182273,12 E MEZZO,Wine,Johnson_Brothers_Service_Distributing
13182273,1849 WINERY,Wine,Johnson_Brothers_Service_Distributing
13182273,1906 VINTNERS,Wine,Johnson_Brothers_Service_Distributing
13182273,3 GIRLS,Wine,Johnson_Brothers_Service_Distributing
13182273,3 REIN,Wine,Johnson_Brothers_Service_Distributing
13182273,30 MILES,Wine,Johnson_Brothers_Service_Distributing
13182273,A G PERINO,Wine,Johnson_Brothers_Service_Distributing
13182273,ABANDON,Wine,Johnson_Brothers_Service_Distributing
13182273,ACACIA CA,Wine,Johnson_Brothers_Service_Distributing
13182273,ACKERMAN FAMILY VINEYARDS,Wine,Johnson_Brothers_Service_Distributing
13182273,ACUMA,Wine,Johnson_Brothers_Service_Distributing
13182273,ADMIRE,Wine,Johnson_Brothers_Service_Distributing
13182273,ADORADA,Wine,Johnson_Brothers_Service_Distributing
13182273,AFFENTALER,Wine,Johnson_Brothers_Service_Distributing
13182273,AGRICOLA LA BASTIDA,Wine,Johnson_Brothers_Service_Distributing
13182273,ALAMOS,Wine,Johnson_Brothers_Service_Distributing
13182273,ALBERTO NANI,Wine,Johnson_Brothers_Service_Distributing
13182273,ALCHEMY SHOOTERS,Wine,Johnson_Brothers_Service_Distributing
13182273,ALGORITHM,Wine,Johnson_Brothers_Service_Distributing
13182273,ALLEGRINI,Wine,Johnson_Brothers_Service_Distributing
13182273,ALMAVIVA,Wine,Johnson_Brothers_Service_Distributing
13182273,ALTA LUNA,Wine,Johnson_Brothers_Service_Distributing
13182273,ALTITUDE PROJECT,Wine,Johnson_Brothers_Service_Distributing
13182273,ALVIDES,Wine,Johnson_Brothers_Service_Distributing
13182273,AMBO,Wine,Johnson_Brothers_Service_Distributing
13182273,AMBOSCATO,Wine,Johnson_Brothers_Service_Distributing
13182273,AMELIA,Wine,Johnson_Brothers_Service_Distributing
13182273,ANDINISMO,Wine,Johnson_Brothers_Service_Distributing
13182273,ANDRE,Wine,Johnson_Brothers_Service_Distributing
13182273,ANDREW,Wine,Johnson_Brothers_Service_Distributing
13182273,ANTHONY ROAD,Wine,Johnson_Brothers_Service_Distributing
13182273,ANTINORI,Wine,Johnson_Brothers_Service_Distributing
13182273,APOTHIC,Wine,Johnson_Brothers_Service_Distributing
13182273,APRES SOL,Wine,Johnson_Brothers_Service_Distributing
13182273,APRES WINE CO,Wine,Johnson_Brothers_Service_Distributing
13182273,ARBOR MIST,Wine,Johnson_Brothers_Service_Distributing
13182273,ARCH RIVAL WINE CO,Wine,Johnson_Brothers_Service_Distributing
13182273,ARDEN,Wine,Johnson_Brothers_Service_Distributing
13182273,ARGIANO,Wine,Johnson_Brothers_Service_Distributing
13182273,ARMASTO,Wine,Johnson_Brothers_Service_Distributing
13182273,ARTIE,Wine,Johnson_Brothers_Service_Distributing
13182273,ARTIFAKT,Wine,Johnson_Brothers_Service_Distributing
13182273,ASTORIA,Wine,Johnson_Brothers_Service_Distributing
13182273,ATHENA,Wine,Johnson_Brothers_Service_Distributing
13182273,AUGMENT,Wine,Johnson_Brothers_Service_Distributing
13182273,BACARDI,Low Alcohol Beverage,Johnson_Brothers_Service_Distributing
13182273,BALLATORE,Wine,Johnson_Brothers_Service_Distributing
13182273,BALLETTO,Wine,Johnson_Brothers_Service_Distributing
13182273,BARBANERA,Wine,Johnson_Brothers_Service_Distributing
13182273,BAREFOOT,Wine,Johnson_Brothers_Service_Distributing
13182273,BAREFOOT BUBBLY,Wine,Johnson_Brothers_Service_Distributing
13182273,BAREFOOT CELLARS,Wine,Johnson_Brothers_Service_Distributing
13182273,BAREFOOT HARD SELTZER,Wine,Johnson_Brothers_Service_Distributing
13182273,BAREFOOT REFRESH,Wine,Johnson_Brothers_Service_Distributing
13182273,BAREFOOT SPRITZER,Wine,Johnson_Brothers_Service_Distributing
13182273,BAREFOOT WINE HARD SELTZER,Wine,Johnson_Brothers_Service_Distributing
13182273,BARONE ROSSO,Wine,Johnson_Brothers_Service_Distributing
13182273,BARRELSTONE,Wine,Johnson_Brothers_Service_Distributing
13182273,BATTLE CREEK CELLARS,Wine,Johnson_Brothers_Service_Distributing
13182273,BEAR FLAG,Wine,Johnson_Brothers_Service_Distributing
13182273,BEAULIEU VINEYARD,Wine,Johnson_Brothers_Service_Distributing
13182273,BEE YOU,Wine,Johnson_Brothers_Service_Distributing
13182273,BEL ARBOR VINEYARDS,Wine,Johnson_Brothers_Service_Distributing
13182273,BELL WINE CELLARS,Wine,Johnson_Brothers_Service_Distributing
13182273,BELL'AMORE,Wine,Johnson_Brothers_Service_Distributing
13182273,BELLA BOLLE,Wine,Johnson_Brothers_Service_Distributing
13182273,BELLA ELLA,Wine,Johnson_Brothers_Service_Distributing
13182273,BELLA SERA,Wine,Johnson_Brothers_Service_Distributing
13182273,BELLETTI,Wine,Johnson_Brothers_Service_Distributing
13182273,BELPOSTO,Wine,Johnson_Brothers_Service_Distributing
13182273,BENEDETTO,Wine,Johnson_Brothers_Service_Distributing
13182273,BENEVOLENT NEGLECT,Wine,Johnson_Brothers_Service_Distributing
13182273,BEV,Wine,Johnson_Brothers_Service_Distributing
13182273,BIFTU,Wine,Johnson_Brothers_Service_Distributing
13182273,BIG HAND,Wine,Johnson_Brothers_Service_Distributing
13182273,BIGODE,Wine,Johnson_Brothers_Service_Distributing
13182273,BILLINGS FARM,Wine,Johnson_Brothers_Service_Distributing
13182273,BLANC DE BLEU,Wine,Johnson_Brothers_Service_Distributing
13182273,BLAZON,Wine,Johnson_Brothers_Service_Distributing
13182273,BOCCACELLI,Wine,Johnson_Brothers_Service_Distributing
13182273,BODEGA LANZAGA,Wine,Johnson_Brothers_Service_Distributing
13182273,BODEGAS ALEJANDRO,Wine,Johnson_Brothers_Service_Distributing
13182273,BODEGAS ITURRIA,Wine,Johnson_Brothers_Service_Distributing
13182273,BODEGAS OLARRA,Wine,Johnson_Brothers_Service_Distributing
13182273,BOGLE FAMILY VINEYARDS,Wine,Johnson_Brothers_Service_Distributing
13182273,BOMBAY SAPPHIRE,Low Alcohol Beverage,Johnson_Brothers_Service_Distributing
13182273,BONTERRA,Wine,Johnson_Brothers_Service_Distributing
13182273,BOONE'S,Wine,Johnson_Brothers_Service_Distributing
13182273,BOONE'S FARM,Wine,Johnson_Brothers_Service_Distributing
13182273,BOSCHENDAL,Wine,Johnson_Brothers_Service_Distributing
13182273,BOTTEGA VINAIA,Wine,Johnson_Brothers_Service_Distributing
13182273,BOUGETZ,Wine,Johnson_Brothers_Service_Distributing
13182273,BOUGETZ CELLARS,Wine,Johnson_Brothers_Service_Distributing
13182273,BOUND,Wine,Johnson_Brothers_Service_Distributing
13182273,BOUTIQUE,Wine,Johnson_Brothers_Service_Distributing
13182273,BRANCAIA,Wine,Johnson_Brothers_Service_Distributing
13182273,BREAUX VINEYARDS,Wine,Johnson_Brothers_Service_Distributing
13182273,BRICK & VINE,Wine,Johnson_Brothers_Service_Distributing
13182273,BRIDGE ROAD VINEYARDS,Wine,Johnson_Brothers_Service_Distributing
13182273,BRIDLEWOOD ESTATE WINERY,Wine,Johnson_Brothers_Service_Distributing
13182273,BRIGHTLANDS,Wine,Johnson_Brothers_Service_Distributing
13182273,BROKE ASS,Wine,Johnson_Brothers_Service_Distributing
13182273,BROKEN EARTH,Wine,Johnson_Brothers_Service_Distributing
13182273,BROWNE FAMILY VINEYARDS,Wine,Johnson_Brothers_Service_Distributing
13182273,BUNRATTY MEADE,Wine,Johnson_Brothers_Service_Distributing
13182273,BURLWOOD CELLARS,Wine,Johnson_Brothers_Service_Distributing
13182273,BUSY SIGNAL,Wine,Johnson_Brothers_Service_Distributing
13182273,BUZZBALLZ CHILLERS,Wine,Johnson_Brothers_Service_Distributing
13182273,BV COASTAL ESTATES,Wine,Johnson_Brothers_Service_Distributing
13182273,CA' MONTINI,Wine,Johnson_Brothers_Service_Distributing
13182273,CABECA DE TOIRO,Wine,Johnson_Brothers_Service_Distributing
13182273,CADIS,Wine,Johnson_Brothers_Service_Distributing
13182273,CAKEBREAD CELLARS,Wine,Johnson_Brothers_Service_Distributing
13182273,CALINA,Wine,Johnson_Brothers_Service_Distributing
13182273,CALLAWAY CELLAR SELECTION,Wine,Johnson_Brothers_Service_Distributing
13182273,CAMBRIA,Wine,Johnson_Brothers_Service_Distributing
13182273,CANDONI,Wine,Johnson_Brothers_Service_Distributing
13182273,CANOE RIDGE VINEYARD,Wine,Johnson_Brothers_Service_Distributing
13182273,CANYON ROAD,Wine,Johnson_Brothers_Service_Distributing
13182273,CARDINALE,Wine,Johnson_Brothers_Service_Distributing
13182273,CARLETTO,Wine,Johnson_Brothers_Service_Distributing
13182273,CARLO ROSSI,Wine,Johnson_Brothers_Service_Distributing
13182273,CARNIVOR,Wine,Johnson_Brothers_Service_Distributing
13182273,CARPANO,Wine,Johnson_Brothers_Service_Distributing
13182273,CARPENTER ROCKS,Wine,Johnson_Brothers_Service_Distributing
13182273,CARTOIXA DE MONTSALVAT,Wine,Johnson_Brothers_Service_Distributing
13182273,CASA SANGRIOSO,Wine,Johnson_Brothers_Service_Distributing
13182273,CASA SANTOS LIMA,Wine,Johnson_Brothers_Service_Distributing
13182273,CASARLEVA,Wine,Johnson_Brothers_Service_Distributing
13182273,CASTELLO D'ALBOLA,Wine,Johnson_Brothers_Service_Distributing
13182273,CASTELLO DEL POGGIO,Wine,Johnson_Brothers_Service_Distributing
13182273,CASTELLO DELLA SALA,Wine,Johnson_Brothers_Service_Distributing
13182273,CASTILLO,Wine,Johnson_Brothers_Service_Distributing
13182273,CASTLE ROCK,Wine,Johnson_Brothers_Service_Distributing
13182273,CATCHWIRE,Wine,Johnson_Brothers_Service_Distributing
13182273,CAVIT,Wine,Johnson_Brothers_Service_Distributing
13182273,CAZADORES,Low Alcohol Beverage,Johnson_Brothers_Service_Distributing
13182273,CAZAS NOVAS,Wine,Johnson_Brothers_Service_Distributing
13182273,CELLAR CRAFT,Wine,Johnson_Brothers_Service_Distributing
13182273,CENTURY CELLARS,Wine,Johnson_Brothers_Service_Distributing
13182273,CHALONE VINEYARD,Wine,Johnson_Brothers_Service_Distributing
13182273,CHAMP DE REVES,Wine,Johnson_Brothers_Service_Distributing
13182273,CHAMPAGNE PANNIER,Wine,Johnson_Brothers_Service_Distributing
13182273,CHAMPS DE PROVENCE,Wine,Johnson_Brothers_Service_Distributing
13182273,CHAMPS DE ROSE,Wine,Johnson_Brothers_Service_Distributing
13182273,CHARLES CELLAR,Wine,Johnson_Brothers_Service_Distributing
13182273,CHARLES HEIDSIECK,Wine,Johnson_Brothers_Service_Distributing
13182273,CHARLES KRUG,Wine,Johnson_Brothers_Service_Distributing
13182273,CHARLES SALLER,Wine,Johnson_Brothers_Service_Distributing
13182273,CHARLES SMITH WINES,Wine,Johnson_Brothers_Service_Distributing
13182273,CHATEAU CHEMIN ROYAL,Wine,Johnson_Brothers_Service_Distributing
13182273,CHATEAU CLOU DU PIN,Wine,Johnson_Brothers_Service_Distributing
13182273,CHATEAU COTE PUYBLANQUET,Wine,Johnson_Brothers_Service_Distributing
13182273,CHATEAU CROIX D'AUMEDES,Wine,Johnson_Brothers_Service_Distributing
13182273,CHATEAU D'ESCLANS,Wine,Johnson_Brothers_Service_Distributing
13182273,CHATEAU D'ORSAN,Wine,Johnson_Brothers_Service_Distributing
13182273,CHATEAU D'ORSCHWIHR,Wine,Johnson_Brothers_Service_Distributing
13182273,CHATEAU DE LA COSTE,Wine,Johnson_Brothers_Service_Distributing
13182273,CHATEAU DE SANCERRE,Wine,Johnson_Brothers_Service_Distributing
13182273,CHATEAU DE VALCOMBE,Wine,Johnson_Brothers_Service_Distributing
13182273,CHATEAU DU MOULIN NOIR,Wine,Johnson_Brothers_Service_Distributing
13182273,CHATEAU DURFORT VIVENS,Wine,Johnson_Brothers_Service_Distributing
13182273,CHATEAU LA COMMANDERIE DU BARDELET,Wine,Johnson_Brothers_Service_Distributing
13182273,CHATEAU LA PAWS,Wine,Johnson_Brothers_Service_Distributing
13182273,CHATEAU LE GRAND VERDUS,Wine,Johnson_Brothers_Service_Distributing
13182273,CHATEAU LES PARUADES,Wine,Johnson_Brothers_Service_Distributing
13182273,CHATEAU MAUCAMPS,Wine,Johnson_Brothers_Service_Distributing
13182273,CHATEAU MORRISETTE,Wine,Johnson_Brothers_Service_Distributing
13182273,CHATEAU MUKHRANI,Wine,Johnson_Brothers_Service_Distributing
13182273,CHATEAU PLAISANCE,Wine,Johnson_Brothers_Service_Distributing
13182273,CHATEAU PUY SERVAIN,Wine,Johnson_Brothers_Service_Distributing
13182273,CHATEAU SOUVERAIN,Wine,Johnson_Brothers_Service_Distributing
13182273,CHATEAU THIEULEY,Wine,Johnson_Brothers_Service_Distributing
13182273,CHAUCER'S,Wine,Johnson_Brothers_Service_Distributing
13182273,CHEVALIER DU GRAND ROBERT,Wine,Johnson_Brothers_Service_Distributing
13182273,CHOCOLATE FOUNTAIN,Wine,Johnson_Brothers_Service_Distributing
13182273,CHOCOLATE SHOP,Wine,Johnson_Brothers_Service_Distributing
13182273,CHRISTIAN BROTHERS,Wine,Johnson_Brothers_Service_Distributing
13182273,CHRISTMAS TRADITIONS,Wine,Johnson_Brothers_Service_Distributing
13182273,CIAO BELLA,Wine,Johnson_Brothers_Service_Distributing
13182273,CICCIO ZACCAGNINI,Wine,Johnson_Brothers_Service_Distributing
13182273,CINTA,Wine,Johnson_Brothers_Service_Distributing
13182273,CK MONDAVI,Wine,Johnson_Brothers_Service_Distributing
13182273,CLAP BACK,Wine,Johnson_Brothers_Service_Distributing
13182273,CLARENDON HILLS,Wine,Johnson_Brothers_Service_Distributing
13182273,CLARICE,Wine,Johnson_Brothers_Service_Distributing
13182273,CLEARWATER COVE,Wine,Johnson_Brothers_Service_Distributing
13182273,CLOS DE NAPA,Wine,Johnson_Brothers_Service_Distributing
13182273,COASTAL CHARM,Wine,Johnson_Brothers_Service_Distributing
13182273,COCA I FITO,Wine,Johnson_Brothers_Service_Distributing
13182273,COL D'ORCIA,Wine,Johnson_Brothers_Service_Distributing
13182273,COLLINA FOSSETTA,Wine,Johnson_Brothers_Service_Distributing
13182273,COLOSSAL,Wine,Johnson_Brothers_Service_Distributing
13182273,COLUMBIA WINERY,Wine,Johnson_Brothers_Service_Distributing
13182273,CONFIDENCIAL,Wine,Johnson_Brothers_Service_Distributing
13182273,CONQUISTA,Wine,Johnson_Brothers_Service_Distributing
13182273,CONTEMPO,Wine,Johnson_Brothers_Service_Distributing
13182273,CONVENE,Wine,Johnson_Brothers_Service_Distributing
13182273,COOK'S,Wine,Johnson_Brothers_Service_Distributing
13182273,COPPER CAP,Wine,Johnson_Brothers_Service_Distributing
13182273,COPPER RIDGE,Wine,Johnson_Brothers_Service_Distributing
13182273,COPPERWOOD,Wine,Johnson_Brothers_Service_Distributing
13182273,CORBETT CANYON,Wine,Johnson_Brothers_Service_Distributing
13182273,CORVO,Wine,Johnson_Brothers_Service_Distributing
13182273,COTE PUYBLANQUET,Wine,Johnson_Brothers_Service_Distributing
13182273,CRANE LAKE,Wine,Johnson_Brothers_Service_Distributing
13182273,CREDARO,Wine,Johnson_Brothers_Service_Distributing
13182273,CRIBARI,Wine,Johnson_Brothers_Service_Distributing
13182273,CROWDED HOUSE,Wine,Johnson_Brothers_Service_Distributing
13182273,CULLEY ROAD,Wine,Johnson_Brothers_Service_Distributing
13182273,CURIOUS TWIST,Wine,Johnson_Brothers_Service_Distributing
13182273,CURRENCY,Wine,Johnson_Brothers_Service_Distributing
13182273,CUVEE BENEDIKT,Wine,Johnson_Brothers_Service_Distributing
13182273,CV,Wine,Johnson_Brothers_Service_Distributing
13182273,DA VINCI,Wine,Johnson_Brothers_Service_Distributing
13182273,DAILY'S,Wine,Johnson_Brothers_Service_Distributing
13182273,DANCING BULL,Wine,Johnson_Brothers_Service_Distributing
13182273,DANCING FLAME,Wine,Johnson_Brothers_Service_Distributing
13182273,DARK HORSE,Wine,Johnson_Brothers_Service_Distributing
13182273,DARKHORSE,Wine,Johnson_Brothers_Service_Distributing
13182273,DAS JUICE,Wine,Johnson_Brothers_Service_Distributing
13182273,DAVEY & BROWNE,Wine,Johnson_Brothers_Service_Distributing
13182273,DAVIS BYNUM,Wine,Johnson_Brothers_Service_Distributing
13182273,DAY DRINKING,Wine,Johnson_Brothers_Service_Distributing
13182273,DEBONAIR,Wine,Johnson_Brothers_Service_Distributing
13182273,DEKREME CUVEE,Wine,Johnson_Brothers_Service_Distributing
13182273,DEL VENTO,Wine,Johnson_Brothers_Service_Distributing
13182273,DENNER,Wine,Johnson_Brothers_Service_Distributing
13182273,DEVAUX,Wine,Johnson_Brothers_Service_Distributing
13182273,DIAL TONE,Wine,Johnson_Brothers_Service_Distributing
13182273,DOMAINE BERTRAND GONNET,Wine,Johnson_Brothers_Service_Distributing
13182273,DOMAINE DES FONTNOBLES,Wine,Johnson_Brothers_Service_Distributing
13182273,DOMAINE DES GALUCHES,Wine,Johnson_Brothers_Service_Distributing
13182273,DOMAINE DES MAISONS NEUVES,Wine,Johnson_Brothers_Service_Distributing
13182273,DOMAINE GAYDA,Wine,Johnson_Brothers_Service_Distributing
13182273,DOMAINE SAINT VINCENT,Wine,Johnson_Brothers_Service_Distributing
13182273,DON MIGUEL GASCON,Wine,Johnson_Brothers_Service_Distributing
13182273,DONNA OLIMPIA,Wine,Johnson_Brothers_Service_Distributing
13182273,DR H THANISCH,Wine,Johnson_Brothers_Service_Distributing
13182273,DRAGON FIRE,Wine,Johnson_Brothers_Service_Distributing
13182273,DUCA DI SALAPARUTA,Wine,Johnson_Brothers_Service_Distributing
13182273,DUCK HUNTER,Wine,Johnson_Brothers_Service_Distributing
13182273,DUPLIN,Wine,Johnson_Brothers_Service_Distributing
13182273,DURBANVILLE HILLS,Wine,Johnson_Brothers_Service_Distributing
13182273,DYNAMITE VINEYARDS,Wine,Johnson_Brothers_Service_Distributing
13182273,EASY CUP,Wine,Johnson_Brothers_Service_Distributing
13182273,ECCO DOMANI,Wine,Johnson_Brothers_Service_Distributing
13182273,EDMEADES VINEYARDS,Wine,Johnson_Brothers_Service_Distributing
13182273,EDNA VALLEY VINEYARD,Wine,Johnson_Brothers_Service_Distributing
13182273,EGRI BIKAVER,Wine,Johnson_Brothers_Service_Distributing
13182273,EL CORREO,Wine,Johnson_Brothers_Service_Distributing
13182273,EL FURIOSO,Wine,Johnson_Brothers_Service_Distributing
13182273,EL GORU,Wine,Johnson_Brothers_Service_Distributing
13182273,EL PASEO,Wine,Johnson_Brothers_Service_Distributing
13182273,EL VIEJO CASTILLO DE MONLERO,Wine,Johnson_Brothers_Service_Distributing
13182273,ELEMENT AL WINES,Wine,Johnson_Brothers_Service_Distributing
13182273,ELMO PIO,Wine,Johnson_Brothers_Service_Distributing
13182273,ELY,Wine,Johnson_Brothers_Service_Distributing
13182273,EMENDIS,Wine,Johnson_Brothers_Service_Distributing
13182273,EMPORIUM,Wine,Johnson_Brothers_Service_Distributing
13182273,EPIFANIO RIVERA,Wine,Johnson_Brothers_Service_Distributing
13182273,EPU,Wine,Johnson_Brothers_Service_Distributing
13182273,ERBEN,Wine,Johnson_Brothers_Service_Distributing
13182273,ERNEST & JULIO GALLO,Wine,Johnson_Brothers_Service_Distributing
13182273,ERRAZURIZ,Wine,Johnson_Brothers_Service_Distributing
13182273,ESCAMAS DEL DRAGON,Wine,Johnson_Brothers_Service_Distributing
13182273,ESSENZA DI VITA,Wine,Johnson_Brothers_Service_Distributing
13182273,ESTANCIA,Wine,Johnson_Brothers_Service_Distributing
13182273,ESTEBAN MARTIN,Wine,Johnson_Brothers_Service_Distributing
13182273,ETHIC DRINKS,Wine,Johnson_Brothers_Service_Distributing
13182273,EXCELLENT SELECTION,Wine,Johnson_Brothers_Service_Distributing
13182273,EXPOSITION,Wine,Johnson_Brothers_Service_Distributing
13182273,F W LANGGUTH,Wine,Johnson_Brothers_Service_Distributing
13182273,FAIRBANKS,Wine,Johnson_Brothers_Service_Distributing
13182273,FARMERS OF WINE,Wine,Johnson_Brothers_Service_Distributing
13182273,FETZER,Wine,Johnson_Brothers_Service_Distributing
13182273,FINCA LAS MORAS,Wine,Johnson_Brothers_Service_Distributing
13182273,FINCA MANZANOS,Wine,Johnson_Brothers_Service_Distributing
13182273,FINCA MILLARA,Wine,Johnson_Brothers_Service_Distributing
13182273,FISH HOUSE,Wine,Johnson_Brothers_Service_Distributing
13182273,FIVE OAKS,Wine,Johnson_Brothers_Service_Distributing
13182273,FLASQ,Wine,Johnson_Brothers_Service_Distributing
13182273,FLEUR DE MER,Wine,Johnson_Brothers_Service_Distributing
13182273,FLORINA,Wine,Johnson_Brothers_Service_Distributing
13182273,FOG & LIGHT,Wine,Johnson_Brothers_Service_Distributing
13182273,FONTANA D'ITALIA,Wine,Johnson_Brothers_Service_Distributing
13182273,FONTELLA,Wine,Johnson_Brothers_Service_Distributing
13182273,FOODIES,Wine,Johnson_Brothers_Service_Distributing
13182273,FOX BROOK,Wine,Johnson_Brothers_Service_Distributing
13182273,FOX RUN VINEYARDS,Wine,Johnson_Brothers_Service_Distributing
13182273,FRANCISCAN,Wine,Johnson_Brothers_Service_Distributing
13182273,FRANSCHHOEK CELLAR,Wine,Johnson_Brothers_Service_Distributing
13182273,FRANZIA,Wine,Johnson_Brothers_Service_Distributing
13182273,FREE REIGN,Wine,Johnson_Brothers_Service_Distributing
13182273,FREEHAND,Wine,Johnson_Brothers_Service_Distributing
13182273,FREI BROTHERS,Wine,Johnson_Brothers_Service_Distributing
13182273,FRUIT STAND VINEYARDS,Wine,Johnson_Brothers_Service_Distributing
13182273,FRYER'S COVE,Wine,Johnson_Brothers_Service_Distributing
13182273,FU KI,Wine,Johnson_Brothers_Service_Distributing
13182273,FUEL BY FRANZIA,Wine,Johnson_Brothers_Service_Distributing
13182273,FULL CIRCLE CA,Wine,Johnson_Brothers_Service_Distributing
13182273,GABRIELLE ASHLEY,Wine,Johnson_Brothers_Service_Distributing
13182273,GALLO,Wine,Johnson_Brothers_Service_Distributing
13182273,GALLO FAMILY,Wine,Johnson_Brothers_Service_Distributing
13182273,GALLO FAMILY VINEYARDS,Wine,Johnson_Brothers_Service_Distributing
13182273,GALLO OF SONOMA,Wine,Johnson_Brothers_Service_Distributing
13182273,GALLO SHEFFIELD CELLARS,Wine,Johnson_Brothers_Service_Distributing
13182273,GATHER & GRACE,Wine,Johnson_Brothers_Service_Distributing
13182273,GEKKEIKAN,Wine,Johnson_Brothers_Service_Distributing
13182273,GEMMA DI LUNA,Wine,Johnson_Brothers_Service_Distributing
13182273,GEORGE WYNDHAM,Wine,Johnson_Brothers_Service_Distributing
13182273,GERSTACKER,Wine,Johnson_Brothers_Service_Distributing
13182273,GHOST PINES,Wine,Johnson_Brothers_Service_Distributing
13182273,GIONELLI,Wine,Johnson_Brothers_Service_Distributing
13182273,GIRETTO,Wine,Johnson_Brothers_Service_Distributing
13182273,GLEN ELLEN,Wine,Johnson_Brothers_Service_Distributing
13182273,GOATS TRAIL,Wine,Johnson_Brothers_Service_Distributing
13182273,GONFALONE,Wine,Johnson_Brothers_Service_Distributing
13182273,GOODNESS GRAPE,Wine,Johnson_Brothers_Service_Distributing
13182273,GORU,Wine,Johnson_Brothers_Service_Distributing
13182273,GORU 18 M,Wine,Johnson_Brothers_Service_Distributing
13182273,GORU GOLD,Wine,Johnson_Brothers_Service_Distributing
13182273,GORU VERDE,Wine,Johnson_Brothers_Service_Distributing
13182273,GRAIL,Wine,Johnson_Brothers_Service_Distributing
13182273,GRAN CONTI,Wine,Johnson_Brothers_Service_Distributing
13182273,GRAN VALOR,Wine,Johnson_Brothers_Service_Distributing
13182273,GRANDE ALBERONE,Wine,Johnson_Brothers_Service_Distributing
13182273,GRUET,Wine,Johnson_Brothers_Service_Distributing
13182273,HANJAN,Wine,Johnson_Brothers_Service_Distributing
13182273,HARLOW RIDGE,Wine,Johnson_Brothers_Service_Distributing
13182273,HAVELOCK,Wine,Johnson_Brothers_Service_Distributing
13182273,HAZLITT 1852 VINEYARDS,Wine,Johnson_Brothers_Service_Distributing
13182273,HEARTSWORK,Wine,Johnson_Brothers_Service_Distributing
13182273,HERDADE GRANDE,Wine,Johnson_Brothers_Service_Distributing
13182273,HERO & VILLIAN,Wine,Johnson_Brothers_Service_Distributing
13182273,HEWITT VINEYARD,Wine,Johnson_Brothers_Service_Distributing
13182273,HIDDEN SEA,Wine,Johnson_Brothers_Service_Distributing
13182273,HIDDEN STACHE,Wine,Johnson_Brothers_Service_Distributing
13182273,HIEROGRAM,Wine,Johnson_Brothers_Service_Distributing
13182273,HIGH NOON,Low Alcohol Beverage,Johnson_Brothers_Service_Distributing
13182273,HIGH NOON SUN SIPS,Wine,Johnson_Brothers_Service_Distributing
13182273,HIGH TABLE,Wine,Johnson_Brothers_Service_Distributing
13182273,HIMMELSTIEGE,Wine,Johnson_Brothers_Service_Distributing
13182273,HINNANT FAMILY VINEYARDS,Wine,Johnson_Brothers_Service_Distributing
13182273,HOGUE,Wine,Johnson_Brothers_Service_Distributing
13182273,HOOK OR CROOK,Wine,Johnson_Brothers_Service_Distributing
13182273,HORTON VINEYARDS,Wine,Johnson_Brothers_Service_Distributing
13182273,HOSHI,Wine,Johnson_Brothers_Service_Distributing
13182273,HOUSE WINE,Wine,Johnson_Brothers_Service_Distributing
13182273,ICON,Wine,Johnson_Brothers_Service_Distributing
13182273,IL CASATO,Wine,Johnson_Brothers_Service_Distributing
13182273,IL FONTINO,Wine,Johnson_Brothers_Service_Distributing
13182273,IL TRAMONTO,Wine,Johnson_Brothers_Service_Distributing
13182273,IMMERSION,Wine,Johnson_Brothers_Service_Distributing
13182273,INDOMITA,Wine,Johnson_Brothers_Service_Distributing
13182273,INFINITO - AG,Wine,Johnson_Brothers_Service_Distributing
13182273,INTERMINGLE,Wine,Johnson_Brothers_Service_Distributing
13182273,INVITATION WINES BY CHATEAU SOUVERAIN,Wine,Johnson_Brothers_Service_Distributing
13182273,INYCON,Wine,Johnson_Brothers_Service_Distributing
13182273,ISOLE E OLENA,Wine,Johnson_Brothers_Service_Distributing
13182273,ITSASMENDI,Wine,Johnson_Brothers_Service_Distributing
13182273,J VINEYARDS & WINERY,Wine,Johnson_Brothers_Service_Distributing
13182273,JACK DANIEL'S,Low Alcohol Beverage,Johnson_Brothers_Service_Distributing
13182273,JACOB'S CREEK,Wine,Johnson_Brothers_Service_Distributing
13182273,JACQUES BARDELOT,Wine,Johnson_Brothers_Service_Distributing
13182273,JEKEL VINEYARDS,Wine,Johnson_Brothers_Service_Distributing
13182273,JENICA PEAK,Wine,Johnson_Brothers_Service_Distributing
13182273,JOIA SPIRIT,Low Alcohol Beverage,Johnson_Brothers_Service_Distributing
13182273,JOSEF WEINBERG,Wine,Johnson_Brothers_Service_Distributing
13182273,JP,Wine,Johnson_Brothers_Service_Distributing
13182273,JUAN RAMON LOZANO,Wine,Johnson_Brothers_Service_Distributing
13182273,JUGGERNAUT,Wine,Johnson_Brothers_Service_Distributing
13182273,KANGAROO RIDGE,Wine,Johnson_Brothers_Service_Distributing
13182273,KENDALL JACKSON,Wine,Johnson_Brothers_Service_Distributing
13182273,KICKSTAND,Wine,Johnson_Brothers_Service_Distributing
13182273,KIKKOMAN,Wine,Johnson_Brothers_Service_Distributing
13182273,KING STAG,Wine,Johnson_Brothers_Service_Distributing
13182273,KIR ROYAL CHAMERE,Wine,Johnson_Brothers_Service_Distributing
13182273,KITA SHUZO CO,Wine,Johnson_Brothers_Service_Distributing
13182273,KNOTTY VINES,Wine,Johnson_Brothers_Service_Distributing
13182273,KOMODO DRAGON,Wine,Johnson_Brothers_Service_Distributing
13182273,KORBEL,Wine,Johnson_Brothers_Service_Distributing
13182273,L'USINE,Wine,Johnson_Brothers_Service_Distributing
13182273,LA CATRINA,Wine,Johnson_Brothers_Service_Distributing
13182273,LA CREMA,Wine,Johnson_Brothers_Service_Distributing
13182273,LA CROIX DES CHAMPS,Wine,Johnson_Brothers_Service_Distributing
13182273,LA FORCINE,Wine,Johnson_Brothers_Service_Distributing
13182273,LA JOLIE FLEUR,Wine,Johnson_Brothers_Service_Distributing
13182273,LA PERRUCHE,Wine,Johnson_Brothers_Service_Distributing
13182273,LA PETITE LUNE,Wine,Johnson_Brothers_Service_Distributing
13182273,LA RONCIERE,Wine,Johnson_Brothers_Service_Distributing
13182273,LA VINA DE SEGUNDO,Wine,Johnson_Brothers_Service_Distributing
13182273,LAGAR DE COSTA,Wine,Johnson_Brothers_Service_Distributing
13182273,LAMARCA,Wine,Johnson_Brothers_Service_Distributing
13182273,LANDSHUT,Wine,Johnson_Brothers_Service_Distributing
13182273,LAS BAYAS ESTATE,Wine,Johnson_Brothers_Service_Distributing
13182273,LAS CAMPANAS,Wine,Johnson_Brothers_Service_Distributing
13182273,LAS ROCAS,Wine,Johnson_Brothers_Service_Distributing
13182273,LAZTANA,Wine,Johnson_Brothers_Service_Distributing
13182273,LE GRAND NOIR,Wine,Johnson_Brothers_Service_Distributing
13182273,LE PETIT CONNETABLE,Wine,Johnson_Brothers_Service_Distributing
13182273,LEFTIE,Wine,Johnson_Brothers_Service_Distributing
13182273,LES ALLIES,Wine,Johnson_Brothers_Service_Distributing
13182273,LES FLORETS,Wine,Johnson_Brothers_Service_Distributing
13182273,LES HOSPICES,Wine,Johnson_Brothers_Service_Distributing
13182273,LES PRES VERTS,Wine,Johnson_Brothers_Service_Distributing
13182273,LES VIGNES DU SUD,Wine,Johnson_Brothers_Service_Distributing
13182273,LIBERATED,Wine,Johnson_Brothers_Service_Distributing
13182273,LIBERTY CREEK,Wine,Johnson_Brothers_Service_Distributing
13182273,LIEBE,Wine,Johnson_Brothers_Service_Distributing
13182273,LIGNUM,Wine,Johnson_Brothers_Service_Distributing
13182273,LION AND THE LILY,Wine,Johnson_Brothers_Service_Distributing
13182273,LIQS COCKTAIL CO,Wine,Johnson_Brothers_Service_Distributing
13182273,LIQUID SIN,Wine,Johnson_Brothers_Service_Distributing
13182273,LIVINGSTON CELLARS,Wine,Johnson_Brothers_Service_Distributing
13182273,LOCATIONS,Wine,Johnson_Brothers_Service_Distributing
13182273,LODI ESTATES,Wine,Johnson_Brothers_Service_Distributing
13182273,LOMAS DEL VALLE,Wine,Johnson_Brothers_Service_Distributing
13182273,LOOKING GLASS,Wine,Johnson_Brothers_Service_Distributing
13182273,LOUD & CLEAR,Wine,Johnson_Brothers_Service_Distributing
13182273,LOUIS DELAVIGNE,Wine,Johnson_Brothers_Service_Distributing
13182273,LOUIS JADOT,Wine,Johnson_Brothers_Service_Distributing
13182273,LOUIS M MARTINI,Wine,Johnson_Brothers_Service_Distributing
13182273,LOVEWELL WINE COMPANY,Wine,Johnson_Brothers_Service_Distributing
13182273,LUCCIO,Wine,Johnson_Brothers_Service_Distributing
13182273,LUCKY ONE,Low Alcohol Beverage,Johnson_Brothers_Service_Distributing
13182273,LUNA,Wine,Johnson_Brothers_Service_Distributing
13182273,LUNA DI LUNA,Wine,Johnson_Brothers_Service_Distributing
13182273,LUNETTA,Wine,Johnson_Brothers_Service_Distributing
13182273,LUSTRE,Wine,Johnson_Brothers_Service_Distributing
13182273,MACMURRAY ESTATE VINEYARDS,Wine,Johnson_Brothers_Service_Distributing
13182273,MACMURRAY RANCH,Wine,Johnson_Brothers_Service_Distributing
13182273,MADAI,Wine,Johnson_Brothers_Service_Distributing
13182273,MADIA,Wine,Johnson_Brothers_Service_Distributing
13182273,MADRIA SANGRIA,Wine,Johnson_Brothers_Service_Distributing
13182273,MAGGIO,Wine,Johnson_Brothers_Service_Distributing
13182273,MAGGIO ESTATES,Wine,Johnson_Brothers_Service_Distributing
13182273,MAGIC HOUR,Wine,Johnson_Brothers_Service_Distributing
13182273,MAISON NO9,Wine,Johnson_Brothers_Service_Distributing
13182273,MAISON RICHE,Wine,Johnson_Brothers_Service_Distributing
13182273,MANYANA,Wine,Johnson_Brothers_Service_Distributing
13182273,MARCELO PELLERITI,Wine,Johnson_Brothers_Service_Distributing
13182273,MARCHESE ANTINORI,Wine,Johnson_Brothers_Service_Distributing
13182273,MARION FIELD CELLARS,Wine,Johnson_Brothers_Service_Distributing
13182273,MARIONETTE,Wine,Johnson_Brothers_Service_Distributing
13182273,MARKS & SPENCER,Wine,Johnson_Brothers_Service_Distributing
13182273,MARQUES DE GRINON,Wine,Johnson_Brothers_Service_Distributing
13182273,MARQUES DE LARA,Wine,Johnson_Brothers_Service_Distributing
13182273,MARQUES DEL ATRIO,Wine,Johnson_Brothers_Service_Distributing
13182273,MARQUES GRINON,Wine,Johnson_Brothers_Service_Distributing
13182273,MARQUIS DE LA TOUR,Wine,Johnson_Brothers_Service_Distributing
13182273,MARTIN CODAX,Wine,Johnson_Brothers_Service_Distributing
13182273,MARTINI & ROSSI,Wine,Johnson_Brothers_Service_Distributing
13182273,MARTIS,Wine,Johnson_Brothers_Service_Distributing
13182273,MAS DAHOA,Wine,Johnson_Brothers_Service_Distributing
13182273,MAS DE BERCEO,Wine,Johnson_Brothers_Service_Distributing
13182273,MAS DE SAINTE CROIX,Wine,Johnson_Brothers_Service_Distributing
13182273,MASO CANALI,Wine,Johnson_Brothers_Service_Distributing
13182273,MASSERIA SETTEARCHI,Wine,Johnson_Brothers_Service_Distributing
13182273,MASSERIA SUPRENO,Wine,Johnson_Brothers_Service_Distributing
13182273,MATTHEW FOX,Wine,Johnson_Brothers_Service_Distributing
13182273,MAXX16,Wine,Johnson_Brothers_Service_Distributing
13182273,MAYFLY,Wine,Johnson_Brothers_Service_Distributing
13182273,MAYNARD'S,Wine,Johnson_Brothers_Service_Distributing
13182273,MAZARINI,Wine,Johnson_Brothers_Service_Distributing
13182273,MD 20/20,Wine,Johnson_Brothers_Service_Distributing
13182273,MENDO BY BONTERRA,Wine,Johnson_Brothers_Service_Distributing
13182273,MENDOZA VINEYARDS,Wine,Johnson_Brothers_Service_Distributing
13182273,MIA DOLCEA,Wine,Johnson_Brothers_Service_Distributing
13182273,MIONETTO,Wine,Johnson_Brothers_Service_Distributing
13182273,MIRASSOU,Wine,Johnson_Brothers_Service_Distributing
13182273,MODUS OPERANDI CELLARS,Wine,Johnson_Brothers_Service_Distributing
13182273,MOILLARD,Wine,Johnson_Brothers_Service_Distributing
13182273,MOISELLE,Wine,Johnson_Brothers_Service_Distributing
13182273,MONRE,Wine,Johnson_Brothers_Service_Distributing
13182273,MONTEGUELFO,Wine,Johnson_Brothers_Service_Distributing
13182273,MORET BREALYNN,Wine,Johnson_Brothers_Service_Distributing
13182273,MOSS ROXX,Wine,Johnson_Brothers_Service_Distributing
13182273,MOUNT PEAK WINERY,Wine,Johnson_Brothers_Service_Distributing
13182273,MWC,Wine,Johnson_Brothers_Service_Distributing
13182273,NAPA RIDGE,Wine,Johnson_Brothers_Service_Distributing
13182273,NARRACION,Wine,Johnson_Brothers_Service_Distributing
13182273,NEDERBURG,Wine,Johnson_Brothers_Service_Distributing
13182273,NEVER WINES,Wine,Johnson_Brothers_Service_Distributing
13182273,NICOLAS POTEL,Wine,Johnson_Brothers_Service_Distributing
13182273,NOBILO,Wine,Johnson_Brothers_Service_Distributing
13182273,NOILLY PRAT,Wine,Johnson_Brothers_Service_Distributing
13182273,NOLITA,Wine,Johnson_Brothers_Service_Distributing
13182273,NORTH VALLEY,Wine,Johnson_Brothers_Service_Distributing
13182273,O'MARA'S,Wine,Johnson_Brothers_Service_Distributing
13182273,O'REILLYS,Wine,Johnson_Brothers_Service_Distributing
13182273,OAK LEAF VINEYARDS,Wine,Johnson_Brothers_Service_Distributing
13182273,OBLIVION,Wine,Johnson_Brothers_Service_Distributing
13182273,OKO,Wine,Johnson_Brothers_Service_Distributing
13182273,OLD 97 WINERY,Wine,Johnson_Brothers_Service_Distributing
13182273,OLD SOUL,Wine,Johnson_Brothers_Service_Distributing
13182273,OMNE,Wine,Johnson_Brothers_Service_Distributing
13182273,ONCE UPON A VINE,Wine,Johnson_Brothers_Service_Distributing
13182273,ONDA,Low Alcohol Beverage,Johnson_Brothers_Service_Distributing
13182273,ONE TWO PUNCH,Wine,Johnson_Brothers_Service_Distributing
13182273,OO LAH COCKTAILS,Low Alcohol Beverage,Johnson_Brothers_Service_Distributing
13182273,OPOLO,Wine,Johnson_Brothers_Service_Distributing
13182273,ORIGIN - FOREIGN,Wine,Johnson_Brothers_Service_Distributing
13182273,ORIN SWIFT CELLARS,Wine,Johnson_Brothers_Service_Distributing
13182273,ORLEANS HILL,Wine,Johnson_Brothers_Service_Distributing
13182273,OROGENY,Wine,Johnson_Brothers_Service_Distributing
13182273,ORSON,Wine,Johnson_Brothers_Service_Distributing
13182273,OUR DAILY RED,Wine,Johnson_Brothers_Service_Distributing
13182273,OUR DAILY WINES,Wine,Johnson_Brothers_Service_Distributing
13182273,OUT EAST,Wine,Johnson_Brothers_Service_Distributing
13182273,OVERSTONE,Wine,Johnson_Brothers_Service_Distributing
13182273,OZEKI,Wine,Johnson_Brothers_Service_Distributing
13182273,OZV,Wine,Johnson_Brothers_Service_Distributing
13182273,PACIFIC BAY,Wine,Johnson_Brothers_Service_Distributing
13182273,PACIFIC FLYWAY,Wine,Johnson_Brothers_Service_Distributing
13182273,PACIFIC FRUIT VINEYARDS,Wine,Johnson_Brothers_Service_Distributing
13182273,PAHLMEYER,Wine,Johnson_Brothers_Service_Distributing
13182273,PAMPA,Wine,Johnson_Brothers_Service_Distributing
13182273,PANIZA,Wine,Johnson_Brothers_Service_Distributing
13182273,PANZA,Wine,Johnson_Brothers_Service_Distributing
13182273,PAS TOUCHE,Wine,Johnson_Brothers_Service_Distributing
13182273,PAUL MASSON,Wine,Johnson_Brothers_Service_Distributing
13182273,PAXIS,Wine,Johnson_Brothers_Service_Distributing
13182273,PEJU,Wine,Johnson_Brothers_Service_Distributing
13182273,PENDULUM,Wine,Johnson_Brothers_Service_Distributing
13182273,PERIPHERY,Wine,Johnson_Brothers_Service_Distributing
13182273,PERLAGE,Wine,Johnson_Brothers_Service_Distributing
13182273,PETER MERTES,Wine,Johnson_Brothers_Service_Distributing
13182273,PETER VELLA,Wine,Johnson_Brothers_Service_Distributing
13182273,PETIT CHOCOLAT,Wine,Johnson_Brothers_Service_Distributing
13182273,PIATTELLI VINEYARDS,Wine,Johnson_Brothers_Service_Distributing
13182273,PICCINI,Wine,Johnson_Brothers_Service_Distributing
13182273,PIEROPAN,Wine,Johnson_Brothers_Service_Distributing
13182273,PIN POINT,Wine,Johnson_Brothers_Service_Distributing
13182273,PIPER HEIDSIECK,Wine,Johnson_Brothers_Service_Distributing
13182273,PIPER SONOMA,Wine,Johnson_Brothers_Service_Distributing
13182273,POGGIO DEL CONCONE,Wine,Johnson_Brothers_Service_Distributing
13182273,PORTA VITA,Wine,Johnson_Brothers_Service_Distributing
13182273,PRECISION,Wine,Johnson_Brothers_Service_Distributing
13182273,PRIMARIUS,Wine,Johnson_Brothers_Service_Distributing
13182273,PRIMI FRUTTI,Wine,Johnson_Brothers_Service_Distributing
13182273,PRIMO MONTE,Wine,Johnson_Brothers_Service_Distributing
13182273,PRINCIPATO,Wine,Johnson_Brothers_Service_Distributing
13182273,PROPHECY,Wine,Johnson_Brothers_Service_Distributing
13182273,PROVENANCE VINEYARDS,Wine,Johnson_Brothers_Service_Distributing
13182273,PROVERB,Wine,Johnson_Brothers_Service_Distributing
13182273,PRUNOTTO,Wine,Johnson_Brothers_Service_Distributing
13182273,PSYCHE,Wine,Johnson_Brothers_Service_Distributing
13182273,PUY SERVAIN,Wine,Johnson_Brothers_Service_Distributing
13182273,Poggio Al Tesoro,Wine,Johnson_Brothers_Service_Distributing
13182273,Q,Wine,Johnson_Brothers_Service_Distributing
13182273,QUAIL CREEK,Wine,Johnson_Brothers_Service_Distributing
13182273,QUANTA,Wine,Johnson_Brothers_Service_Distributing
13182273,QUIXOTE,Wine,Johnson_Brothers_Service_Distributing
13182273,RANCHO ALTO,Wine,Johnson_Brothers_Service_Distributing
13182273,RANCHO ZABACO,Wine,Johnson_Brothers_Service_Distributing
13182273,RARISSIMO,Wine,Johnson_Brothers_Service_Distributing
13182273,RATTI,Wine,Johnson_Brothers_Service_Distributing
13182273,RATTLE ROCK,Wine,Johnson_Brothers_Service_Distributing
13182273,RAW BAR,Wine,Johnson_Brothers_Service_Distributing
13182273,RED DROP WINES,Wine,Johnson_Brothers_Service_Distributing
13182273,RED KNOT,Wine,Johnson_Brothers_Service_Distributing
13182273,RED ROCK,Wine,Johnson_Brothers_Service_Distributing
13182273,REDWOOD CREEK,Wine,Johnson_Brothers_Service_Distributing
13182273,REFLECTION RIDGE,Wine,Johnson_Brothers_Service_Distributing
13182273,RELAY,Wine,Johnson_Brothers_Service_Distributing
13182273,REMY FERBRAS,Wine,Johnson_Brothers_Service_Distributing
13182273,REMY PANNIER,Wine,Johnson_Brothers_Service_Distributing
13182273,RENATO RATTI,Wine,Johnson_Brothers_Service_Distributing
13182273,RESERVA DO MONTE,Wine,Johnson_Brothers_Service_Distributing
13182273,RESTING BRUNCH FACE,Wine,Johnson_Brothers_Service_Distributing
13182273,RICCO,Wine,Johnson_Brothers_Service_Distributing
13182273,RINNA WINES,Wine,Johnson_Brothers_Service_Distributing
13182273,RIPORTA,Wine,Johnson_Brothers_Service_Distributing
13182273,RISATA,Wine,Johnson_Brothers_Service_Distributing
13182273,RIVALLANA,Wine,Johnson_Brothers_Service_Distributing
13182273,RIVER SAIL,Wine,Johnson_Brothers_Service_Distributing
13182273,ROBERT MONDAVI,Wine,Johnson_Brothers_Service_Distributing
13182273,ROBERT TALBOTT,Wine,Johnson_Brothers_Service_Distributing
13182273,ROCK & ROOTS,Wine,Johnson_Brothers_Service_Distributing
13182273,RODNEY STRONG,Wine,Johnson_Brothers_Service_Distributing
13182273,ROLLING MIST,Wine,Johnson_Brothers_Service_Distributing
13182273,ROMANO'S,Wine,Johnson_Brothers_Service_Distributing
13182273,ROMBAUER VINEYARDS,Wine,Johnson_Brothers_Service_Distributing
13182273,RONCO DI SASSI,Wine,Johnson_Brothers_Service_Distributing
13182273,ROSE BAE,Wine,Johnson_Brothers_Service_Distributing
13182273,ROSE D'MADELEINE,Wine,Johnson_Brothers_Service_Distributing
13182273,ROSEHAVEN,Wine,Johnson_Brothers_Service_Distributing
13182273,ROSENBLUM CELLARS,Wine,Johnson_Brothers_Service_Distributing
13182273,ROWEN,Wine,Johnson_Brothers_Service_Distributing
13182273,RUGGERI,Wine,Johnson_Brothers_Service_Distributing
13182273,RUSACK,Wine,Johnson_Brothers_Service_Distributing
13182273,S A PRUM,Wine,Johnson_Brothers_Service_Distributing
13182273,SABE,Wine,Johnson_Brothers_Service_Distributing
13182273,SAGELANDS VINEYARD,Wine,Johnson_Brothers_Service_Distributing
13182273,SAINT CLAIR FAMILY ESTATE,Wine,Johnson_Brothers_Service_Distributing
13182273,SALMON CREEK,Wine,Johnson_Brothers_Service_Distributing
13182273,SALVATORE PRINCIPE,Wine,Johnson_Brothers_Service_Distributing
13182273,SAMUEL LINDSAY WINES,Wine,Johnson_Brothers_Service_Distributing
13182273,SANCTUARY ESTATES,Wine,Johnson_Brothers_Service_Distributing
13182273,SANDBAR,Wine,Johnson_Brothers_Service_Distributing
13182273,SANTA CRISTINA,Wine,Johnson_Brothers_Service_Distributing
13182273,SANTA ROSA,Wine,Johnson_Brothers_Service_Distributing
13182273,SANTILARIO,Wine,Johnson_Brothers_Service_Distributing
13182273,SARACCO,Wine,Johnson_Brothers_Service_Distributing
13182273,SAVORY & JAMES,Wine,Johnson_Brothers_Service_Distributing
13182273,SCARLET PATH,Wine,Johnson_Brothers_Service_Distributing
13182273,SEA CAVE,Wine,Johnson_Brothers_Service_Distributing
13182273,SEA SALT,Wine,Johnson_Brothers_Service_Distributing
13182273,SEASIDE CELLARS,Wine,Johnson_Brothers_Service_Distributing
13182273,SEE SAW,Wine,Johnson_Brothers_Service_Distributing
13182273,SELK,Wine,Johnson_Brothers_Service_Distributing
13182273,SHE'S ALWAYS ROSE,Wine,Johnson_Brothers_Service_Distributing
13182273,SHEFFIELD CELLARS,Wine,Johnson_Brothers_Service_Distributing
13182273,SHINGLEBACK,Wine,Johnson_Brothers_Service_Distributing
13182273,SHOFER AM,Wine,Johnson_Brothers_Service_Distributing
13182273,SIGLO,Wine,Johnson_Brothers_Service_Distributing
13182273,SIGN OF THE TIMES,Wine,Johnson_Brothers_Service_Distributing
13182273,SILENI ESTATES,Wine,Johnson_Brothers_Service_Distributing
13182273,SIMON FRERES,Wine,Johnson_Brothers_Service_Distributing
13182273,SIMPLE TRUTH ORGANIC,Wine,Johnson_Brothers_Service_Distributing
13182273,SIP SIP HOORAY,Wine,Johnson_Brothers_Service_Distributing
13182273,SLANDER,Wine,Johnson_Brothers_Service_Distributing
13182273,SMITH & ELLIOTT,Wine,Johnson_Brothers_Service_Distributing
13182273,SNAP DRAGON,Wine,Johnson_Brothers_Service_Distributing
13182273,SOL LATINO,Wine,Johnson_Brothers_Service_Distributing
13182273,SOLINDA,Wine,Johnson_Brothers_Service_Distributing
13182273,SONGBIRD,Wine,Johnson_Brothers_Service_Distributing
13182273,SONOMA VINEYARDS,Wine,Johnson_Brothers_Service_Distributing
13182273,SPHERE,Wine,Johnson_Brothers_Service_Distributing
13182273,SPRING CREEK,Wine,Johnson_Brothers_Service_Distributing
13182273,SPRING MOUNTAIN VINEYARD,Wine,Johnson_Brothers_Service_Distributing
13182273,SPRITZ SOCIETY,Wine,Johnson_Brothers_Service_Distributing
13182273,ST HUGO,Wine,Johnson_Brothers_Service_Distributing
13182273,ST LUKES ESTATES,Wine,Johnson_Brothers_Service_Distributing
13182273,STARBOROUGH,Wine,Johnson_Brothers_Service_Distributing
13182273,STARLING CASTLE,Wine,Johnson_Brothers_Service_Distributing
13182273,STATE & RUSH,Wine,Johnson_Brothers_Service_Distributing
13182273,STE CHAPELLE,Wine,Johnson_Brothers_Service_Distributing
13182273,STEILLAGE,Wine,Johnson_Brothers_Service_Distributing
13182273,STEL+MAR,Wine,Johnson_Brothers_Service_Distributing
13182273,STELLINA DI NOTTE,Wine,Johnson_Brothers_Service_Distributing
13182273,STERLING VINEYARDS,Wine,Johnson_Brothers_Service_Distributing
13182273,STERLING VINTNER'S COLLECTION,Wine,Johnson_Brothers_Service_Distributing
13182273,STONEGATE,Wine,Johnson_Brothers_Service_Distributing
13182273,STORMCHASER,Wine,Johnson_Brothers_Service_Distributing
13182273,STORYPOINT,Wine,Johnson_Brothers_Service_Distributing
13182273,STORYTELLER,Wine,Johnson_Brothers_Service_Distributing
13182273,STRACCALI,Wine,Johnson_Brothers_Service_Distributing
13182273,SUMMIT,Wine,Johnson_Brothers_Service_Distributing
13182273,SUNNYD,Low Alcohol Beverage,Johnson_Brothers_Service_Distributing
13182273,SUNRISE,Wine,Johnson_Brothers_Service_Distributing
13182273,SUNSEEKER,Wine,Johnson_Brothers_Service_Distributing
13182273,SUNSHINE BAY,Wine,Johnson_Brothers_Service_Distributing
13182273,T N T,Wine,Johnson_Brothers_Service_Distributing
13182273,TAILSLIDE,Wine,Johnson_Brothers_Service_Distributing
13182273,TAPI,Wine,Johnson_Brothers_Service_Distributing
13182273,TARALYN,Wine,Johnson_Brothers_Service_Distributing
13182273,TAUREAU,Wine,Johnson_Brothers_Service_Distributing
13182273,TAYLOR,Wine,Johnson_Brothers_Service_Distributing
13182273,TENUTA CA'BOLANI,Wine,Johnson_Brothers_Service_Distributing
13182273,TENUTA POLVARO,Wine,Johnson_Brothers_Service_Distributing
13182273,TERRA ANDINA,Wine,Johnson_Brothers_Service_Distributing
13182273,TERRAZZE DELLA LUNA,Wine,Johnson_Brothers_Service_Distributing
13182273,THE CHOCOLATE CELLAR,Wine,Johnson_Brothers_Service_Distributing
13182273,THE CONQUEROR,Wine,Johnson_Brothers_Service_Distributing
13182273,THE EXQUISITE COLLECTION,Wine,Johnson_Brothers_Service_Distributing
13182273,THE GLOBAL RANGE,Wine,Johnson_Brothers_Service_Distributing
13182273,THE GOOD LOT,Wine,Johnson_Brothers_Service_Distributing
13182273,THE GREAT AMERICAN WINE COMPANY,Wine,Johnson_Brothers_Service_Distributing
13182273,THE GUIDE,Wine,Johnson_Brothers_Service_Distributing
13182273,THE HEADLINER,Wine,Johnson_Brothers_Service_Distributing
13182273,THE HIDDEN SEA,Wine,Johnson_Brothers_Service_Distributing
13182273,THE LANGUAGE OF YES,Wine,Johnson_Brothers_Service_Distributing
13182273,THE NAKED GRAPE,Wine,Johnson_Brothers_Service_Distributing
13182273,THE PALM BY WHISPERING ANGEL,Wine,Johnson_Brothers_Service_Distributing
13182273,THE PLEDGE,Wine,Johnson_Brothers_Service_Distributing
13182273,THE SCOUNDREL,Wine,Johnson_Brothers_Service_Distributing
13182273,TIENEN DUENDE,Wine,Johnson_Brothers_Service_Distributing
13182273,TISDALE,Wine,Johnson_Brothers_Service_Distributing
13182273,TOMASELLO WINERY,Wine,Johnson_Brothers_Service_Distributing
13182273,TONEL,Wine,Johnson_Brothers_Service_Distributing
13182273,TOOTERS,Wine,Johnson_Brothers_Service_Distributing
13182273,TOPSAIL,Wine,Johnson_Brothers_Service_Distributing
13182273,TORNATORE,Wine,Johnson_Brothers_Service_Distributing
13182273,TORO LOCO,Wine,Johnson_Brothers_Service_Distributing
13182273,TORRAE DEL SALE,Wine,Johnson_Brothers_Service_Distributing
13182273,TOTT'S,Wine,Johnson_Brothers_Service_Distributing
13182273,TRAILING VINES FARM,Wine,Johnson_Brothers_Service_Distributing
13182273,TRES CORONAS,Wine,Johnson_Brothers_Service_Distributing
13182273,TRIBUNO,Wine,Johnson_Brothers_Service_Distributing
13182273,TROJAN HORSE,Wine,Johnson_Brothers_Service_Distributing
13182273,TROUBLE SHOOTER,Wine,Johnson_Brothers_Service_Distributing
13182273,TRUE OAK ESTATE,Wine,Johnson_Brothers_Service_Distributing
13182273,TURNING LEAF,Wine,Johnson_Brothers_Service_Distributing
13182273,TUSSOCK JUMPER,Wine,Johnson_Brothers_Service_Distributing
13182273,TUTELA,Wine,Johnson_Brothers_Service_Distributing
13182273,TWO CHICKS,Low Alcohol Beverage,Johnson_Brothers_Service_Distributing
13182273,TWO OCEANS,Wine,Johnson_Brothers_Service_Distributing
13182273,TY KU,Wine,Johnson_Brothers_Service_Distributing
13182273,UPPERCUT,Wine,Johnson_Brothers_Service_Distributing
13182273,UPTOWN COCKTAILS,Wine,Johnson_Brothers_Service_Distributing
13182273,VAL DELLE ROSE,Wine,Johnson_Brothers_Service_Distributing
13182273,VALLATE,Wine,Johnson_Brothers_Service_Distributing
13182273,VARVAGLIONE,Wine,Johnson_Brothers_Service_Distributing
13182273,VERSASI,Wine,Johnson_Brothers_Service_Distributing
13182273,VERSE & VINE,Wine,Johnson_Brothers_Service_Distributing
13182273,VEUVE MONSIGNY,Wine,Johnson_Brothers_Service_Distributing
13182273,VICARIOUS,Wine,Johnson_Brothers_Service_Distributing
13182273,VIGNETI ROMIO,Wine,Johnson_Brothers_Service_Distributing
13182273,VILLA ANTINORI,Wine,Johnson_Brothers_Service_Distributing
13182273,VILLA CERNA,Wine,Johnson_Brothers_Service_Distributing
13182273,VILLA PUCCINI,Wine,Johnson_Brothers_Service_Distributing
13182273,VILLA ROSA IT,Wine,Johnson_Brothers_Service_Distributing
13182273,VILLADORIA,Wine,Johnson_Brothers_Service_Distributing
13182273,VIN VAULT,Wine,Johnson_Brothers_Service_Distributing
13182273,VINA MAIPO,Wine,Johnson_Brothers_Service_Distributing
13182273,VINA PALACIEGA,Wine,Johnson_Brothers_Service_Distributing
13182273,VINE TO TABLE,Wine,Johnson_Brothers_Service_Distributing
13182273,VINHA DA COUTADA VELHA,Wine,Johnson_Brothers_Service_Distributing
13182273,VINOS DE BENJAMIN ROMEO,Wine,Johnson_Brothers_Service_Distributing
13182273,VINT,Wine,Johnson_Brothers_Service_Distributing
13182273,VIVARO,Wine,Johnson_Brothers_Service_Distributing
13182273,VOGA,Wine,Johnson_Brothers_Service_Distributing
13182273,Villanella,Wine,Johnson_Brothers_Service_Distributing
13182273,WAKEFIELD,Wine,Johnson_Brothers_Service_Distributing
13182273,WARP + WEFT,Wine,Johnson_Brothers_Service_Distributing
13182273,WASHINGTON HILLS WINERY,Wine,Johnson_Brothers_Service_Distributing
13182273,WATERBROOK,Wine,Johnson_Brothers_Service_Distributing
13182273,WENTE VINEYARDS,Wine,Johnson_Brothers_Service_Distributing
13182273,WHISPERING ANGEL,Wine,Johnson_Brothers_Service_Distributing
13182273,WHITEHAVEN,Wine,Johnson_Brothers_Service_Distributing
13182273,WILD VINES,Wine,Johnson_Brothers_Service_Distributing
13182273,WILLIAM HILL,Wine,Johnson_Brothers_Service_Distributing
13182273,WILLIAM HILL ESTATE,Wine,Johnson_Brothers_Service_Distributing
13182273,WILLIAM WRIGHT,Wine,Johnson_Brothers_Service_Distributing
13182273,WINE WATER,Wine,Johnson_Brothers_Service_Distributing
13182273,WINEPRESS VINTNERS,Wine,Johnson_Brothers_Service_Distributing
13182273,WINES 'TIL FRIDAY,Wine,Johnson_Brothers_Service_Distributing
13182273,WINKING OWL,Wine,Johnson_Brothers_Service_Distributing
13182273,WINTERSAISON,Wine,Johnson_Brothers_Service_Distributing
13182273,WISH BIG,Wine,Johnson_Brothers_Service_Distributing
13182273,WOHLER BRIDGE,Wine,Johnson_Brothers_Service_Distributing
13182273,WOLFGANG PUCK,Wine,Johnson_Brothers_Service_Distributing
13182273,WOODBRIDGE,Wine,Johnson_Brothers_Service_Distributing
13182273,WOODBRIDGE BY ROBERT MONDAVI,Wine,Johnson_Brothers_Service_Distributing
13182273,WOODLEAF RANCH,Wine,Johnson_Brothers_Service_Distributing
13182273,WOODWORK,Wine,Johnson_Brothers_Service_Distributing
13182273,WYCLIFF,Wine,Johnson_Brothers_Service_Distributing
13182273,WYNDHAM ESTATE,Wine,Johnson_Brothers_Service_Distributing
13182273,YAGO,Wine,Johnson_Brothers_Service_Distributing
13182273,YANGARRA ESTATE VINEYARD,Wine,Johnson_Brothers_Service_Distributing
13182273,YANGARRA PARK,Wine,Johnson_Brothers_Service_Distributing
13182273,YES WAY ROSE,Wine,Johnson_Brothers_Service_Distributing
13182273,ZAMARRO,Wine,Johnson_Brothers_Service_Distributing
13258386,RYE RIVER,Malt Beverage,Johnson_Brothers_Service_Distributing
