License ID,Trade Name,Address,City,State,Zip Code,Report Type
X14533,1026 beverage co,839 S Beacon St,San Pedro,CA,90731,Unlicensed Supplier
X11997,117 LLC,1352 Main Street Suite 1,Rutherford,CA,94573,Unlicensed Supplier
X15111,1413 VALA  AVENUE,,Napa,CA,94559,Unlicensed Supplier
X14269,2 X 4 BREWING & IMPORTS,1635 S 7th Steet,San Jose,CA,95112,Unlicensed Supplier
B00494,2 X 4 Brewing & Imports,1635 S 7th St,San Jose,CA,95112,Unlicensed Supplier
X14447,3 Badge Enology,32 Pattern St,Sonoma,CA,95476,Unlicensed Supplier
X14301,30211 Avenida de las Banderas,,Rancho Santa Margarita,CA,92688,Unlicensed Supplier
X11186,585 Wine Partners,585 First Street West,Sonoma,CA,95476,Unlicensed Supplier
X16349,689 Cellars,135 Third Street Suite 100,San Rafael,CA,94901,Unlicensed Supplier
X14780,8 VINI INC,1250 BUSINESS CENTER DRIVE,SAN LEANDRO,CA,94577,Unlicensed Supplier
X13827,8th Street East Sonoma Holdings Winery LLC,21684 E 8th St Ste 440 & 450,Sonoma,CA,95476,Unlicensed Supplier
X11692,A & B Estate Wines,6482 Mirabel Rd Unit 11,Forestville,CA,95436,Unlicensed Supplier
X11462,A Donkey and Goat Winery,2323 B Fourth Street,Berkeley,CA,94710,Unlicensed Supplier
X11775,A P Vin,622 Treat Avenue,San Francisco,CA,94110,Unlicensed Supplier
X14554,A Tribute to Grace Wine Co,216 Price Ranch Rd,Los Alamos,CA,93440,Unlicensed Supplier
X12146,A W Direct LLC,980 Airway Court,Santa Rosa,CA,95403,Unlicensed Supplier
X12191,ADS Wiines,712 Bancroft Rd #463,Walnut Creek,CA,94598,Unlicensed Supplier
X17289,ADVERSITY CELLARS,1390 SILVERADO TRAIL,SAINT HELENA,CA,94574,Unlicensed Supplier
X11987,AH Wines,2715 W Kettleman LN Ste 203 325,Lodi,CA,95242,Unlicensed Supplier
B00533,ALESMITH BREWING COMPANY,9990 ALESMITH CT,SAN DIEGO,CA,92126,Unlicensed Supplier
X15529,ALEXANDRIE CELLARS,499 MOORE LN,HEALDSBURG,CA,95448,Unlicensed Supplier
X15983,AMERICAN VINTNERS LLC,1010 INDUSTRIAL WAY,KING CITY,CA,93930,Unlicensed Supplier
X15817,ANTHONY BOZZANO LLC,672 HOWARD ST,SAN LUIS OBISPO,CA,93401,Unlicensed Supplier
X11489,ANZ Wines Connection Inc,5845 Avenita Encinas S 136,Carisbad,CA,92008,Unlicensed Supplier
X14729,APPELLATION TRADING COMPANY LLC,"55 Enterprise Court, Suite 5",Napa,CA,94558,Unlicensed Supplier
X16923,ARIL WINES,7830 ST HELENA WAY,OAKVILLE,CA,94562,Unlicensed Supplier
X14482,ARTESANA,2630 PORTALO DRIVE #13,SANTA CRUZ,CA,95062,Unlicensed Supplier
X03037,ASV Wines Inc,1998 Road 152,Delano,CA,93215,Unlicensed Supplier
X16325,AUSA PACIFIC LLC,1471 1st Street,Calistoga,CA,94515-1410,Unlicensed Supplier
X14904,AVID WINERY,2064 GRAVENSTEIN HY,SEBASTOPOL,CA,95475,Unlicensed Supplier
X11044,Abigail Adams Wine Company,P O Box 2200,Yountville,CA,94599,Unlicensed Supplier
X03441,Abiouness Wines,2041 Olive Avenue,Saint Helena,CA,94574,Unlicensed Supplier
X02424,Abreu Vineyards,156 Main Street,St Helena,CA,94574,Unlicensed Supplier
X02654,Abundance Vineyards,21482 North Ray Road,Lodi,CA,95242,Unlicensed Supplier
X03439,Access Beverage LLC,2600 Michelson Drive Suite 970,Irvine,CA,92612,Unlicensed Supplier
X13188,Accolade Wines of North America Inc,349 Healdsburg Avenue,Healdsburg,CA,95448,Unlicensed Supplier
X10889,Acme Wine Marketing,4983 Sonoma Hwy Ste J,Santa Rosa,CA,95409,Unlicensed Supplier
X15528,Acre Wines,229 Lucas Valley Roads,Rafael,CA,94903,Unlicensed Supplier
X14619,Acumen Wine,3265 Soda Canyon Road,Napa,CA,94558,Unlicensed Supplier
X13545,Adamvs,501 White Cottage Road N,Angwin,CA,94508,Unlicensed Supplier
X02425,Adastra Wines,2545 Las Amigas Road,Napa,CA,94559,Unlicensed Supplier
X15377,Addax Wines,1339 Pearl St,Napa,CA,94559,Unlicensed Supplier
X10551,Adelaida Cellars,5805 Adelaida Road,Paso Robles,CA,93446,Unlicensed Supplier
X00857,Adler Fels Winery,5325 Corrick Lane,Santa Rosa,CA,95409,Unlicensed Supplier
X12392,Adobe Creek Wine,1250 N McDowell Blvd,Petaluna,CA,94954,Unlicensed Supplier
X13971,Adobe Road Winery,1995 S McDowell Blvd,Petaluma,CA,94954,Unlicensed Supplier
X03164,Adrian Fog,P O Box 1706,Healdsburg,CA,95448,Unlicensed Supplier
X02250,Adventures In Wine,440 Talbert Street,Daly City,CA,94014,Unlicensed Supplier
X12622,Aerovin LLC,1550 Airport Blvd Suite 120,Santa Rosa,CA,95403,Unlicensed Supplier
X01625,Aficionado Cellars,P O Box 9430,Santa Rosa,CA,95405,Unlicensed Supplier
X11896,Agua Dulce Vineyards,9640 Sierra Highway,Agua Dulce,CA,91390,Unlicensed Supplier
X10995,Ahnfeldt Wines,PO Box 6078,Napa,CA,94581,Unlicensed Supplier
X12614,Alambic Inc,P O Box 1059,Ukiah,CA,95482,Unlicensed Supplier
X03544,Alban Vineyards Inc,87575 Orcutt Road,Arroyo Grande,CA,93420,Unlicensed Supplier
X13137,Alcohol by Volume,2600 Garden Road Suite 410,Monterey,CA,93940,Unlicensed Supplier
X00844,Alderbrook Winery,2306 Magnolia Drive,Healdsburg,CA,95448,Unlicensed Supplier
X11346,Alex Sotelo Cellars,770 Skyway Ct,Napa,CA,94558,Unlicensed Supplier
X13790,Alexana Winery,2930 St Helena Hwy North,St Helena,CA,94574,Unlicensed Supplier
X13900,Alexander Jules,2118 Wilshire Blvd #903,Santa Monica,CA,90403,Unlicensed Supplier
X15884,Alexander Valley Cellars,1010 Shiloh Rd,Windsor,CA,95492,Unlicensed Supplier
X01110,Alexander Valley Vineyard,8644 Highway 128,Healdsburg,CA,95448,Unlicensed Supplier
X16816,Alexis George Wines,27 E Vine Street,Lodi,CA,95240,Unlicensed Supplier
X13913,Alfaro Family Vineyards,420 Hames Rd,Watsonville,CA,95076,Unlicensed Supplier
X16697,Allegetto Wines,3502 Dry Creek Road,Paso Robles,CA,93446,Unlicensed Supplier
B00755,Almanac Beer Co,651 B W Tower Ave,Alameda,CA,94501,Unlicensed Supplier
X13632,Aloft Winery,2800 Main Street,St Helena,CA,94574,Unlicensed Supplier
X01776,Alois Lageder Winery,1616 Buhman Avenue,Napa,CA,94558,Unlicensed Supplier
X11086,Alpha & Omega Winery LLC,P O Box 822,Rutherford,CA,94573,Unlicensed Supplier
X11110,Alphawolf Ranch,6595 Gordon Valley Road,Napa,CA,94558,Unlicensed Supplier
X15274,Alquimista Cellar,2238 Schaeffler Rd,Sebastopol,CA,95472,Unlicensed Supplier
X11237,Alta Marketing,PO Box 6025,El Monte,CA,91734,Unlicensed Supplier
B00661,Alvarado Street Brewery,426 Alvarado St.,Monterey,CA,93940,Unlicensed Supplier
X12159,Alysian Wines,P O Box 1189,Forestville,CA,95436,Unlicensed Supplier
X14670,AmByth Estate,510 Sequoia Ln,Templeton,CA,93465,Unlicensed Supplier
X01334,Amador Foothill Winery,12500 Steiner Road,Plymouth,CA,95669,Unlicensed Supplier
X11004,America Uncorked,2363 Larkin Street #44,San Francisco,CA,94109,Unlicensed Supplier
B00044,Americal Beverage Group Inc,647 Vista Valinda,San Clemente,CA,92672,Unlicensed Supplier
X02099,Americal Beverage Group Inc,647 Vista Valinda,San Clemente,CA,92672,Unlicensed Supplier
X01795,American Beverage Group Inc,613 2ND Street,Petaluma,CA,94952,Unlicensed Supplier
X03135,American Pacific Rim Inc,446 E Second St Suite 446,Los Angeles,CA,90040,Unlicensed Supplier
X13910,American Pioneer Wine Growers,22281 Chianti Rd,Geyserville,CA,95441,Unlicensed Supplier
X15517,American Spirits Exchange,PO Box 50022,Studio City,CA,91614,Unlicensed Supplier
B00135,American United Brewing Company,3 Harbor Drive Suite 115,Sausalito,CA,94965,Unlicensed Supplier
X14512,American Vines,11 Wildflower Place,Ladera Ranch,CA,92694,Unlicensed Supplier
B00415,American Wine Distributors,Pier 23 The Embarcadero Suite 201,San Francisco,CA,94111,Unlicensed Supplier
X02974,Amethyst Winery,1339 Pearl Street Suite 101,Napa,CA,94559,Unlicensed Supplier
X16493,Amici Cellars,3130 Old Lawley Toll Road,Calistoga,CA,33322,Unlicensed Supplier
X03611,Amicus and X Winery,3320 Anita Ct,Napa,CA,94558,Unlicensed Supplier
X12827,Ampelos Cellars,1633 West Central Avenue,Lompoc,CA,93436,Unlicensed Supplier
X14671,Amplify Wines,895 Peregrine Ln,Nipomo,CA,93444,Unlicensed Supplier
X01824,Ancien Wines,P O Box 10667,Napa,CA,94581,Unlicensed Supplier
X13073,Ancient Oak Cellars,2064 Gravenstein Hwy N Suite 120 Bldg 1,Sebastopol,CA,95472,Unlicensed Supplier
X17180,Ancient Peaks Inc.,679 Calif Canyon Highway,Creston,CA,93432,Unlicensed Supplier
X10914,Andelssa Estate Winery,2992 Canedale Road,Glen Ellen,CA,95442,Unlicensed Supplier
X12110,Anders Lane Artisan Wines LLP,1005 Jefferson Street Suite 2,Napa,CA,94559-2418,Unlicensed Supplier
X01607,Anderson Conn Valley Vineyards,680 Rossi Road,St Helena,CA,94574,Unlicensed Supplier
X00907,Anderson S Vineyards,1465 Yountville Cross Rd,Yountville,CA,94599,Unlicensed Supplier
B00102,Anderson Valley Brewery,P O Box 505,Boonville,CA,95415,Unlicensed Supplier
X15306,Andis Wines,11000 Shenandoah Rd,Plymouth,CA,95669,Unlicensed Supplier
X11355,Andrea L Anderson,1471 First Street,Calistoga,CA,94515,Unlicensed Supplier
X00201,Andretti Winery,4162 Big Ranch Road,Napa,CA,94558,Unlicensed Supplier
X03476,Andrew Geoffrey Vineyards,836 Chiles Avenue,St Helena,CA,94574,Unlicensed Supplier
X12353,Andrew Murray Vineyards,5095 Zaca Station Road,Los Olivos,CA,93441,Unlicensed Supplier
X11058,Angeles Wine Inc,7052 Sophia Avenue,Van Nuys,CA,91406,Unlicensed Supplier
X16846,Ant Moore c/o Matson Global,9401 San Leandro Street,Oakland,CA,94603,Unlicensed Supplier
X10966,Antalva Wine Imports,6505 Shenandoah Avenue,Los Angeles,CA,90056,Unlicensed Supplier
X11818,Antares Wine Company,P O Box 51512,Los Angeles,CA,90051,Unlicensed Supplier
X13105,Anthill Farms Winery,4791 Dry Creek Road,Healdsburg,CA,95448,Unlicensed Supplier
X03483,Anzeus Inc,182 Brookside Drive,Portola Valley,CA,94028,Unlicensed Supplier
X14487,Appellation Trading Co,201 Devlin Road,Napa,CA,94558,Unlicensed Supplier
X15951,Appellation Ventures LLC,125 Mezzett Court,American Canyon,CA,94503,Unlicensed Supplier
X13409,Apple Sauced Cider,655 Gold Ridge Road,Sebastopol,CA,95472,Unlicensed Supplier
X12344,Aqua Pumpkin,281 Broad Street,San Luis Obispo,CA,93454,Unlicensed Supplier
X12498,Aratas Wine,1221 Duhig Road,Napa,CA,94559,Unlicensed Supplier
X01580,Araujo Estate Wines,2155 Pickett Road,Calistoga,CA,94515,Unlicensed Supplier
X01200,Arbios Cellars,561 Mission Boulevard,Santa Rosa,CA,95409,Unlicensed Supplier
X02390,Arcadian Winery,P O Box 1395,Santa Ynez,CA,93460,Unlicensed Supplier
X03208,Arcana LLC,P O Box 10787,Napa,CA,94581,Unlicensed Supplier
X00781,Arciero Winery,5625 E Highway 46,Paso Robles,CA,93447,Unlicensed Supplier
X03246,Ardente Espressione inc,2929 Atlas Peak Road,Napa,CA,94558,Unlicensed Supplier
X14083,Arete Wines,1712 Industrial Way,Lompoc,CA,93436,Unlicensed Supplier
X03637,Argentium Inc,P O Box 290,Los Gatos,CA,95031,Unlicensed Supplier
X12036,Arger Martucci Vineyards,1455 Inglewood Avenue,St Helena,CA,94574,Unlicensed Supplier
X13970,Argot Wines,4325 Santa Rosa Ave,Santa Rosa,CA,95407,Unlicensed Supplier
X11205,Arietta Inc,3468 Silverado Trail,St Helena,CA,94574,Unlicensed Supplier
X13497,Arkenstone Vineyards,335 West Lane,Angwin,CA,94508,Unlicensed Supplier
X16069,ArmAs Golden Grapes,14545 Friar Street,Van Nuys,CA,91411,Unlicensed Supplier
X03663,Armida Winery,2201 Westside Road,Healdsburg,CA,95448,Unlicensed Supplier
X12321,Arnot Roberts Wines,6450 1st Street Units D K & L,Forestville,CA,95436,Unlicensed Supplier
X10650,Arns Winery,P O Box 652,St Helena,CA,94574,Unlicensed Supplier
X15017,Art + Farm Wine,1370 Trancas St Ste 749,Napa,CA,94558,Unlicensed Supplier
X10597,Artisan Brands,8741 Brook Road South,Windsor,CA,95492,Unlicensed Supplier
X12301,Ascentia Wine Estates,349 Healdburg Avenue,Healdsburg,CA,95448,Unlicensed Supplier
X16350,Ashes & Diamonds Winery,4130 HOWARD LN,Napa,CA,94558,Unlicensed Supplier
X12003,Aspect Wines LLC,2573 3rd Street,San Francisco,CA,94107,Unlicensed Supplier
X00501,Associated Wine Distributors,P O Box 452,St Helena,CA,94574,Unlicensed Supplier
X02535,Astrale E Terrn,1290 Loma Vista,Napa,CA,94558,Unlicensed Supplier
X10819,Atherton Wine Imports,P O Box 2305,Menio Park,CA,94026,Unlicensed Supplier
X14117,Atlas Wine Company LLC,5 Financial Plaza Ste 116,Napa,CA,94558,Unlicensed Supplier
X00833,Au Bon Climat,P O Box 113,Los Olivos,CA,93441,Unlicensed Supplier
X12812,Au Sommet,1040 Main Street Suite 100,St Helena,CA,94559,Unlicensed Supplier
X11050,Audelssa Estate Winery,2992 Canedale Road,Glen Ellen,CA,95442,Unlicensed Supplier
X02825,August Briggs,3358 Coffey Lane #D,Santa Rosa,CA,95403,Unlicensed Supplier
X11168,Aussie Wine Direct,1366 Cambridge Street,Novato,CA,94947,Unlicensed Supplier
X12037,Australian Premium W Collection,2658 Bridgeway Suite 206,Sausalito,CA,94965,Unlicensed Supplier
X02314,Ausvin USA Inc,2440 Grand Ave #E,Vista,CA,92083,Unlicensed Supplier
X13691,Auteur Wines,PO Box 1554,Sonoma,CA,95476,Unlicensed Supplier
X13783,Authentic Wine Selections,1832 Second St Suite N,Berkeley,CA,94710,Unlicensed Supplier
X11392,Avanti Scott Street,260 Lafayette Circle,Lafayette,CA,94549,Unlicensed Supplier
X03488,Avatar Vintners,PO Box 2679,Yountville,CA,94599,Unlicensed Supplier
X10815,Axiom Wine Company,PO Box 7838,Santa Rosa,CA,95407,Unlicensed Supplier
X11966,B Cellars,5225 Solano Avenue,Napa,CA,94558,Unlicensed Supplier
X01357,B R Cohn Winery,15140 Sonoma Hwy,Glen Ellen,CA,95442,Unlicensed Supplier
X02293,B S R M Inc,2350 Mcnab Ranch Road,Ukiah,CA,95482,Unlicensed Supplier
X11109,B2 Wholesale LLC,3536 Concours #320,Ontario,CA,91764,Unlicensed Supplier
X15023,BAND OF VINTNERS,5 STAGS VIEW LANE,Yountville,CA,94599,Unlicensed Supplier
B00777,BEACHWOOD BLENDERY LLC,7671 WOODWIND DRIVE,HUNTINGTON BEACH,CA,92647,Unlicensed Supplier
X16854,BOARS' VIEW LLC,1251 TUBBS LN,CALISTOGA,CA,94515,Unlicensed Supplier
X15495,BOTTLE DIPLOMACY,810 AZALEA WAY,VACAVILLE,CA,95688,Unlicensed Supplier
X16874,BOUGETZ CELLARS,1021 ATLAS PEAK ROAD,NAPA,CA,94558,Unlicensed Supplier
X16091,BRAVANTE VINEYARDS,2216 w hyde ave,visalia,CA,93291,Unlicensed Supplier
X17211,BRIAN DAVID WINES,1640 SAN VICENTE AVE,NAPA,CA,94558-1934,Unlicensed Supplier
X15491,BROWNE FAMILY WINES,4525 slusser rd,windsor,CA,95492,Unlicensed Supplier
X14991,BRULIAM WINES,P O BOX 92,HEALDSBURG,CA,95448,Unlicensed Supplier
X01036,Babcock Vineyards,801A Central Avenue,Seal Beach,CA,90740,Unlicensed Supplier
X16981,Bacas Family Wines,134 Church Street,Sonoma,CA,95476,Unlicensed Supplier
X13482,Bacchus La,11980 Santa Monica Blvd,Los Angeles,CA,90025,Unlicensed Supplier
X02592,Bacio Divino,P O Box 131,Rutherford,CA,94573,Unlicensed Supplier
X03653,Backsberg Estate Cellars,2363 Larkin St Suite 44,San Francisco,CA,94109,Unlicensed Supplier
X10657,Baileyana Winery,4915 Orcutt Road,San Luis Obispo,CA,93401,Unlicensed Supplier
X15222,Baker Family Wines,820 Fremont Way,Sacramento,CA,95818,Unlicensed Supplier
X11204,Balfour Imports Inc,P O Box 2037,Windsor,CA,95492,Unlicensed Supplier
X14092,Balius Cellars,Valley Wine Warehouse,American Canyon,CA,94503,Unlicensed Supplier
B00344,Ballast Point Brewing Co,10051 Old Grove Road Suite B,San Diego,CA,92313,Unlicensed Supplier
B00398,Ballast Point Brewing Company,10051 Old Grove Road Suite B,San Diego,CA,92131,Unlicensed Supplier
X02509,Ballentine Vineyards,2820 St Helena Highway North,St Helena,CA,94574,Unlicensed Supplier
X11367,Balletto Vineyards,5700 Occidental Road,Santa Rosa,CA,95401,Unlicensed Supplier
X03081,Bandiera Winery,155 Cherry Creek Road,Cloverdale,CA,95425,Unlicensed Supplier
X14289,Banknote Wine Company,P O Box 2535,Napa,CA,94558,Unlicensed Supplier
X01276,Bannister Wines,1139 Sunnyside Drive,Healdsburg,CA,95448,Unlicensed Supplier
X12846,Banshee Wines,113 West North Street,Healdsburg,CA,95448,Unlicensed Supplier
X03649,Banzai Beverage Corporation,23900 Hawthorne Boulevard #120,Torrance,CA,90505,Unlicensed Supplier
X12105,Barbour Vineyards,104 Camino Doraldo,Napa,CA,94558,Unlicensed Supplier
X00159,Bargetto Winery,3535 Main Street,Soquel,CA,95073,Unlicensed Supplier
X01159,Barnett Vineyards,4070 Spring Mountain Road,St Helena,CA,94574,Unlicensed Supplier
X02320,Barnwood/Laetitie Vineyards,4520 Highway 33,Ventucopa,CA,93252,Unlicensed Supplier
X03436,Barra of Mendocino,P O Box 196,Redwood Valley,CA,95470,Unlicensed Supplier
X10915,Barrel 27 Wine Company,PO Box 80131,Randes Santa Margarita,CA,92688,Unlicensed Supplier
X11405,Bassetti Vineyards,1191 N Green Valley Road,Cambria,CA,93428,Unlicensed Supplier
X11501,Baton Winery,P O Box 5257,Santa Rosa,CA,95405,Unlicensed Supplier
X14852,Baywood Cellars,414 Chinn St,Santa Rosa,CA,95404,Unlicensed Supplier
X10579,Beam Wine Estates Inc,375 Healdsburg Avenue,Healdsburg,CA,95448,Unlicensed Supplier
X16308,Bear Creek Winery,6111 Armstrong Road,Lodi,CA,95240,Unlicensed Supplier
B00103,Bear Republic Brewery,345 Healdsburg Avenue,Healdsburg,CA,95448,Unlicensed Supplier
X14165,Beau Monde Wine & Spirits,740 E 111 Place,Los Angeles,CA,90059,Unlicensed Supplier
X10994,Beau Vigne,P O Box 6412,Napa,CA,94581,Unlicensed Supplier
X12790,Beaucanon Estate,1006 Monticello Road,Napa,CA,94558,Unlicensed Supplier
X16586,Beaune Imports,1490 66th St,Emeryville,CA,94608,Unlicensed Supplier
X10561,Beckmen Vineyards,P O Box 542,Los Olivos,CA,93441,Unlicensed Supplier
X03073,Bedford Thompson Winery,9303 Alisos Canyon Road,Los Alamos,CA,93440-0507,Unlicensed Supplier
X14870,Bedrock Wine Co,P O Box 1826,Sonoma,CA,95476,Unlicensed Supplier
X14636,Bedrock Wine Co,21481 8th St E,Sonoma,CA,95476,Unlicensed Supplier
X12651,Behrens & Hitchcock,4078 Spring Mtn Road,St Helena,CA,94574,Unlicensed Supplier
X16313,Belden Barns - Sonoma,5561 Sonoma Mountain Rd,Santa Rosa,CA,95404,Unlicensed Supplier
X10806,Bell Wine Cellars,6200 Washington Street,Youtville,CA,94599,Unlicensed Supplier
X14932,Bella Luna Winery,1850 Templeton Rd,Templeton,CA,93465,Unlicensed Supplier
X13451,Bello Family Vineyards,929 Main Street,St. Helena,CA,94574,Unlicensed Supplier
X15241,Belmont Wine Exchange LLC,25811 Clawiter Road,Hayward,CA,94545,Unlicensed Supplier
X00268,Belvedere Wine Company,4035 Westside Road,Healdsburg,CA,95448,Unlicensed Supplier
X11579,Benaia,3339 Harman Road,Santa Rosa,CA,95401,Unlicensed Supplier
X10956,Benchmark Wine Group,474 Technology Way,Napa,CA,94558,Unlicensed Supplier
X02754,Benessere Vineyards,1010 Big Tree Road,St Helena,CA,94574,Unlicensed Supplier
X10477,Bennett Lane,3340 Highway 128,Calistoga,CA,94515,Unlicensed Supplier
X14622,Bennett Valley Cellars,Bennett Valley Rd,Santa Rosa,CA,95404,Unlicensed Supplier
X11370,Benovia Winery,3339 Hartman Road,Santa Rosa,CA,95401,Unlicensed Supplier
X03039,Benson Ferry,7581 W Kile Road,Lodi,CA,20164,Unlicensed Supplier
X01973,Benton Lane Winery,6126 Silverado Trail,Napa,CA,94558,Unlicensed Supplier
B00163,Beringer Estates,P O Box 4500,Napa,CA,94558,Unlicensed Supplier
X10439,Bermuda Triangle Ventures Inc,1733 Monrovia Ave Bldg W,Costa Mesa,CA,92627,Unlicensed Supplier
X02048,Bernardus,5 West Carmel Valley Road,Carmel Valley,CA,93924,Unlicensed Supplier
X13547,Berridge Wine Company,1030 Main Street Suite 203,St Helena,CA,94574,Unlicensed Supplier
X02228,Better Brands International,8440 St Helena Hwy Suite B,Rutherford,CA,94573,Unlicensed Supplier
X11648,Better Brands dba Michael Pozzan,P O Box 2121,Orinda,CA,94563,Unlicensed Supplier
X02049,Bettinelli Vineyards,1241 Adams Street #1029,St Helena,CA,94574,Unlicensed Supplier
X10734,Biagi Bros Warehouse,770 Skyway Ct,Napa,CA,94558,Unlicensed Supplier
X01126,Bianchi Vineyards,3380 Branch Rd,Paso Robles,CA,93446,Unlicensed Supplier
X11133,Big Basin Vineyards,830 Memory Lane,Boulder Creek,CA,95006,Unlicensed Supplier
X00937,Big Horn Cellars,P O Box 3989,Napa,CA,94558,Unlicensed Supplier
X14414,Big Village Wine Co,21692 8th St East Ste 340,Sonoma,CA,95476,Unlicensed Supplier
X02175,Billington Transfers,3215 Coffey La,Santa Rosa,CA,95487,Unlicensed Supplier
X13425,Birichino,11425 Commercial Parkway,Castroville,CA,95012,Unlicensed Supplier
B00244,Bison Brewing Company LLC,P O Box 4821,Berkeley,CA,94704,Unlicensed Supplier
X12797,Bjornstad Cellars,P O Box 519,Sebastopol,CA,95473,Unlicensed Supplier
X11597,Blackbird Vineyards,5033 Big Ranch Road,Napa,CA,94558,Unlicensed Supplier
X03189,Blackpoint Marketing,P O Box 685,Novato,CA,94945,Unlicensed Supplier
X02618,Blackstone Wine Company,P O Box 43,Graton,CA,95444,Unlicensed Supplier
X12520,Blair Fox Cellars,PO Box 358,Los Olivos,CA,93441,Unlicensed Supplier
X14327,Blair Vineyards,32 East Alisal Street Suite 203,Salinas,CA,93901,Unlicensed Supplier
X14340,Blanchard Family Wines,109 W North St,Healdsburg,CA,95448,Unlicensed Supplier
X12768,Blankiet Estate,P O Box 2100,Yountsville,CA,94599,Unlicensed Supplier
X16482,Blason Louis USA,2220 Eastman Ave Ste 105,Ventura,CA,93003,Unlicensed Supplier
X13433,Blends Inc,12225 Steiner Road,Plymouth,CA,95669,Unlicensed Supplier
X11665,Blue Danube Company,PO Box 1011,Los Altos,CA,94023,Unlicensed Supplier
X10544,Blue Moon Marketing,1175 Commerce Blvd Suite A,American Canyon,CA,94503,Unlicensed Supplier
X11067,Blue Rock,75 Spring Lane,Tiburon,CA,94920,Unlicensed Supplier
X11078,Blue Rock Vineyard,498 C Moor Lane,Healdsburg,CA,95446,Unlicensed Supplier
X13215,Bluenose Wines,Hudson Street Wineries,Healdsburg,CA,95448,Unlicensed Supplier
X11596,Bob Bath Imports,P O Box 860,St Helena,CA,-,Unlicensed Supplier
X14980,Bobag Inc,P O BOX 3699,Santa Rosa,CA,95402,Unlicensed Supplier
X02912,Bock Vines And Wines Inc,300 Potrero Street #11,Santa Cruz,CA,95060,Unlicensed Supplier
X13352,Bodega de Edgar,2323 Tuley Ct Suite 110E,Paso Robles,CA,93446,Unlicensed Supplier
X01064,Boeger,1709 Carson Road,Placerville,CA,95667,Unlicensed Supplier
X01116,Bogle Vineyard Inc,49762 hamilton rd,Clarksburg,CA,95612,Unlicensed Supplier
X15696,Bogle Winery,3530 Carlin Drive,West Sacramento,CA,95691,Unlicensed Supplier
X15625,Boheme Wines,3625 Main St - PO Box 569,Occidental,CA,95465,Unlicensed Supplier
X15500,Boich Family Cellar,651 Wall Road,Napa Valley,CA,94558,Unlicensed Supplier
X14751,Boisset America,849 Zinfandel Lane,St Helena,CA,94574,Unlicensed Supplier
X13347,Boisset Family Estates,849 Zinfandel Lane,St Helena,CA,94574,Unlicensed Supplier
X12136,Bokisch Vineyards,P O Box 335,Victor,CA,95253,Unlicensed Supplier
X00541,Bonaccorsi Wine Company,2717 Avaition Way #E13,Santa Monica,CA,90409-5248,Unlicensed Supplier
X11845,Bond,P O Box 426,Oakville,CA,94562,Unlicensed Supplier
X13020,Bonneau Wines,75 Bonneau Road,Sonoma,CA,95476,Unlicensed Supplier
X00409,Bonny Doon Vineyard,P O Box 8376,Santa Cruz,CA,95061-8376,Unlicensed Supplier
X12710,Booker Vineyard,2640 Anderson Road,Paso Robles,CA,93446,Unlicensed Supplier
X11117,Borra Winery,1301 E Armstrong Road,Lodi,CA,95242,Unlicensed Supplier
X15154,Both Barrels Wine Co,3238 Old Heather Lane,San Diego,CA,98121,Unlicensed Supplier
B00662,Bottle Logic Brewing,1072 N Armando St.,Anaheim,CA,92806,Unlicensed Supplier
X01122,Bouchaine,1075 Buchli Station Road,Napa,CA,94558,Unlicensed Supplier
X03491,Bourassa Vineyards,4105 Chiles Pope Valley Road,St Helena,CA,94574,Unlicensed Supplier
X14302,Bozzano and Company,1331 Carmel Street,San Luis Obispo,CA,93401,Unlicensed Supplier
X14785,Brand Napa Valley,99 Long Ranch Road,Saint Helena,CA,94574,Unlicensed Supplier
X01179,Brand Partners LLC,9194 Lockwood Drive,Widsor,CA,95492,Unlicensed Supplier
X01768,Brander Vineyard,2401 Refugio Road,Los Olivos,CA,93441,Unlicensed Supplier
X01581,Braren Pauli Winery,1613 Spring Hill Road,Petaluma,CA,94952,Unlicensed Supplier
X11646,Brassfield Estate Winery,10915 High Valley Road,Clearlake Oaks,CA,95423,Unlicensed Supplier
X13071,Breakaway Wine Co,PO Box 5246,Napa,CA,94581,Unlicensed Supplier
X13689,Breathless Wines,14100 Mountain House Road,Hopland,CA,95449,Unlicensed Supplier
X12834,Breggo Cellars,1473 Yountville Cross Road,Yountville,CA,94599,Unlicensed Supplier
X11698,Brewer Clifton,329 North F Street,Lampoc,CA,93436,Unlicensed Supplier
X03566,Briarcliff Wine Group,2100 Jackson Street,San Francisco,CA,94115,Unlicensed Supplier
X16795,Brick and Mortar,P O Box 1508,Healdsburg,CA,95448,Unlicensed Supplier
X12654,Bridesmaid Wines,700 Dowdell Lane,St Helena,CA,94573,Unlicensed Supplier
X12660,Bridesmaid Wines,P O Box 987,St Helena,CA,94574,Unlicensed Supplier
X03310,Bridgeway Cellars,3030 Bridgeway Suite 219,Sausalito,CA,94965,Unlicensed Supplier
X10938,Briggs & Sons Winemaking Co,333 Silverado Trail,Calistoga,CA,94515,Unlicensed Supplier
X01085,Broadbent Selections,2088 UNION STREET #2,San Francisco,CA,94123,Unlicensed Supplier
X12118,Broadside Wines,3855 High Grove Road,Templeton,CA,93465,Unlicensed Supplier
X12116,Broc Cellars,805 Camelia Street,Berkley,CA,84710,Unlicensed Supplier
X12158,Broc Cellars,845 Sutter St Apt 209,San Francisco,CA,94109,Unlicensed Supplier
X00141,Brochelle Vineyards,P O Box 3014,Paso Robles,CA,93447-3014,Unlicensed Supplier
X13004,Broken Earth Winery,6305 Buena Vista Dr,Paso Robles,CA,93446,Unlicensed Supplier
X03664,Broman Cellars,945 Deer Park Road,St Helena,CA,94574,Unlicensed Supplier
X02315,Brophy Cleak Cellars,P O Box 955,Nipomo,CA,93444,Unlicensed Supplier
X02712,Brown Estate Vineyards,3233 Sage Canyon Road,St Helena,CA,94574,Unlicensed Supplier
X02428,Brutocao Cellars,1400 Highway 175,Hopland,CA,95449,Unlicensed Supplier
X02427,Bryan Wine Imports,P O Box 1088,Geyersvile,CA,95441,Unlicensed Supplier
X11980,Buccella,P O Box 3838,Yountville,CA,94599,Unlicensed Supplier
X10538,Bucklin,8 Old Hill Ranch Road,Glen Ellen,CA,95442,Unlicensed Supplier
X11509,Budge Brown Family Winery,4900 Bartlett Springs Road,Nice,CA,94515,Unlicensed Supplier
B00294,Buffalo Bill's Brewery,1082 B Street,Hayward,CA,94541,Unlicensed Supplier
X12799,Bugay Wines,1160 B Hopper Avenue,Santa Rosa,CA,95403,Unlicensed Supplier
X02229,Bulgarian Master Vintners,1262 Broadway,Sonoma,CA,95476,Unlicensed Supplier
X10675,Buoncristiani,P O Box 6946,Napa,CA,94581,Unlicensed Supplier
X00011,Burgess Cellars Inc,1108 Delr Park Road,St Helena,CA,94574,Unlicensed Supplier
X10663,Burrell School Vineyards & Winery,24060 Summit Road,Los Gatos,CA,95033,Unlicensed Supplier
X02769,Burrton Wine Company,P O Box 969,St Helena,CA,94574,Unlicensed Supplier
B00119,Butte Creek Brewing Company,945 W 2nd Street,Chico,CA,95928,Unlicensed Supplier
X00256,Buttonwood Farm,1500 Alamo Pintado Road,Solvang,CA,93463,Unlicensed Supplier
X15310,Bydand Wines LLC,1516 Harley St / PO Box 55,Calistoga,CA,94515,Unlicensed Supplier
X01427,Byington Winery/Vineyard,21850 Bear Creek Road,Los Gatos,CA,95030,Unlicensed Supplier
X12212,C Donatiello Winery,4035 Westside Road,Healdsburg,CA,95448,Unlicensed Supplier
X17063,C MONDAVI AND FAMILY,2800 MAIN ST,ST HELENA,CA,94574,Unlicensed Supplier
X00567,C Mondavi & Sons,P O Box 191,St Helena,CA,94574,Unlicensed Supplier
X13135,C S Cellars,DDC Shipping,Napa,CA,94558,Unlicensed Supplier
X02714,C/O Grosskopf Warehouse,20580 8th Street E,Sonoma,CA,95476,Unlicensed Supplier
X15604,C2 Cellars,9050 San Antonio Rd,Orcutt,CA,93455,Unlicensed Supplier
B00359,C2 Imports LLC,1663 Aldercreek,Westlake Village,CA,91362,Unlicensed Supplier
X16832,CADRE WINES,2195 CORBETT CANYON ROAD,ARROYO GRANDE,CA,93420,Unlicensed Supplier
X17128,COBB WINES,18100 Fitzpatrick LN,Occidental,CA,95465,Unlicensed Supplier
X14753,COMPLIANCE CONNECTION INC,PO BOX 3699,SANTA ROSA,CA,95402,Unlicensed Supplier
X15024,CORRELATION WINE CO,4028 SPRING MOUNTAIN RD,ST HELENA,CA,94574,Unlicensed Supplier
X14826,CULTIVATE WINE,5 FINANCIAL PLAZA SUITE 224,NAPA,CA,94558,Unlicensed Supplier
X10805,CWT,930 McLaughin Avenue,San Jose,CA,95122,Unlicensed Supplier
X13506,Ca'Momi,2515 Napa Valley Corporate Drive,Napa,CA,94558,Unlicensed Supplier
X12588,Ca'Momi Wines,2515 Napa Valley Corporate Drive,Napa,CA,94558,Unlicensed Supplier
X17249,Cabana Winery,710 S Beckham Rd,Lodi,CA,95240,Unlicensed Supplier
X02354,Cabernet Corporation,285 K Bell Marin Keys Blvd,Novato,CA,94949,Unlicensed Supplier
X10535,Cable Winery,270 Aviador,Camarillo,CA,93010,Unlicensed Supplier
X01240,Cache Cellars,Rt 2 Box 2780,Davis,CA,95616,Unlicensed Supplier
X01382,Cafaro Cellars,1550 Allyn Avenue,St Helena,CA,94574,Unlicensed Supplier
X14111,Cain Cellars,3800 Langtry Rd,St Helena,CA,94574,Unlicensed Supplier
X15407,Cain Vineyard & Winery,3800 Langtry Road,Saint Helena,CA,94574,Unlicensed Supplier
X14184,Cairdean Vineyards,3125 Saint Helena Hwy N,Saint Helena,CA,94574,Unlicensed Supplier
X10543,Calamity Wine Works,PO Box 1028,St Helena,CA,94574,Unlicensed Supplier
X11551,Calcareous Vineyards,3430 Peachy Canyon Road,Paso Robles,CA,93446,Unlicensed Supplier
X02875,Caldwell,169 Kreuzer Lane,Napa,CA,94558,Unlicensed Supplier
X02260,Cale Family Wines,5230 Miller Bayou Dr,Sonoma,CA,34668,Unlicensed Supplier
X00012,Calera Wine Company,113000 Cienega Road,Hollister,CA,95023,Unlicensed Supplier
X11793,California Cellars,12885 Alcosta Blvd Suite A,San Ramon,CA,94583,Unlicensed Supplier
X00825,California Cider Co Inc,3100 Gravenstein Hwy N,Sebastopol,CA,95472,Unlicensed Supplier
X02355,California Int'l Marketing,401 7th Street,Petaluma,CA,94952,Unlicensed Supplier
X13538,California Natural Products,1250 E Lathrop Road,Lathrop,CA,95330,Unlicensed Supplier
X02552,California Wine Company,1700 Soscol Avenue #25,Napa,CA,94559,Unlicensed Supplier
X11467,California Wine Creations,PO Box 2337,Windsor,CA,95492,Unlicensed Supplier
X03431,California Wine Transport,660 Airpark Road,Napa,CA,94558,Unlicensed Supplier
X02771,Calita Corporation,55 Ridgeway Avenue Suite D,Santa Rosa,CA,95401,Unlicensed Supplier
X15667,Calla Lily Vineyards & Winery,6307 Pope Valley Rd,Pope Valley,CA,94567,Unlicensed Supplier
X15231,Calluna Vineyards,11450 Brooks Road,Windsor,CA,95492,Unlicensed Supplier
X14145,Calstar Cellars,2420 West Ave,Santa Rosa,CA,95407,Unlicensed Supplier
X12674,Cameron Hughes,444 De Haro St Ste 101,San Francisco,CA,94107,Unlicensed Supplier
X12402,Campion Wines,979 Osos Street #C 1,San Luis Obispo,CA,93401,Unlicensed Supplier
X13411,Canard Vineyard,1016 Dunaweal Lane,Calistoga,CA,94515,Unlicensed Supplier
X00260,Canard Winery,806 Augusta Drive,Moraga,CA,94556,Unlicensed Supplier
X01804,Canepa Cellars,511 Lovell Avenue,Mill Valley,CA,94941,Unlicensed Supplier
X14640,Canepa Koch Wine Cellars,4205 Quail Hollow Place,Castro Valley,CA,94546,Unlicensed Supplier
X11055,Cannonball Wine Comapny,1520 Withers Avenue,Monterey,CA,93940,Unlicensed Supplier
X03308,Caparone Winery,2280 San Marcos Road,Paso Robles,CA,93446,Unlicensed Supplier
X02601,Capello Winery Corporate,9701 Sedan Avenue,Manteca,CA,95337,Unlicensed Supplier
X03537,Capiaux Cellars,P O Box 963,Angwin,CA,94508,Unlicensed Supplier
X12182,Capture Wines,PO Box 1820,Healdsburg,CA,95448,Unlicensed Supplier
X13045,Caraccioli Cellars,P O Drawer J,Gonzales,CA,93926,Unlicensed Supplier
X12153,Carica Kick Ranch Vineyards,4903 Harville Road,Santa Rosa,CA,95494,Unlicensed Supplier
X10916,Carina Cellars,PO Box 644,Los Olives,CA,93441,Unlicensed Supplier
X14465,Carini Wines,342 Peanut Mill Camp,Hayfork,CA,96041,Unlicensed Supplier
X12605,Carlisle Winery & Vineyards,P O Box 556,Santa Rosa,CA,95402,Unlicensed Supplier
X02105,Carlton Distributing Co Inc,P O Box 67451,Los Angeles,CA,90067,Unlicensed Supplier
X11584,Carlton Stonehedge,1004 Clinton Street,Napa,CA,94559,Unlicensed Supplier
X03179,Carmody McKnight Estate Wines,11240 Chimney Rock Road,Paso Robles,CA,93446,Unlicensed Supplier
X00160,Carneros Creek Winery,1285 Dealy Lane,Napa,CA,94559,Unlicensed Supplier
X11499,Carneros Della Notte,1003 Dealy Lane,Napa,CA,94559,Unlicensed Supplier
X12713,Carneros Wine Company,1075 Buchli Station Road,Napa,CA,94559,Unlicensed Supplier
X03276,Carol Shelton Wines,P O Box 755,Windsor,CA,95492,Unlicensed Supplier
X02452,Cartlidge & Browne,P O Box 452,St Helena,CA,94574,Unlicensed Supplier
B00649,Casa Agria Specialty,701 Del Norte Blvd Unit 310,Oxnard,CA,93030,Unlicensed Supplier
X15265,Casa Dumetz,388 Bell Street,Los Alamos,CA,93440,Unlicensed Supplier
X16898,Casa Piena,PO Box 870,St Helena,CA,94574,Unlicensed Supplier
X11668,Casa Torelli Imports Inc,2932 Wilshire Blvd Ste 202,Santa Monica,CA,90403,Unlicensed Supplier
X13067,Casey Flat Estates LLC,P O Box 1274,Tiburon,CA,94920,Unlicensed Supplier
X10862,Cass Winery,7350 Linne RD,Paso Robles,CA,93446,Unlicensed Supplier
X02537,Castle Rock Winery,2717 Aviation Way,Santa Maria,CA,93455,Unlicensed Supplier
X02230,Castle Vineyards,1105 Castle Road,Sonoma,CA,95476,Unlicensed Supplier
X01738,Castoro Celllars,6465 Von Dollen Road,San Miguel,CA,93451,Unlicensed Supplier
X15966,Caterwaul Wines,PO Box 50,Rutherford,CA,94573,Unlicensed Supplier
X14469,Cattleya Wines,3354 Coffey Ln Ste A,Santa Rosa,CA,95403,Unlicensed Supplier
X00552,Caymus Vineyards,P O Box 268,Rutherford,CA,94573,Unlicensed Supplier
X12699,Ceaqo Winery,5115 E Hwy 20,Nice,CA,95464,Unlicensed Supplier
X12147,Cecchetti Racke Wine Cooperative,591 Broadway,Sonoma,CA,95476,Unlicensed Supplier
X00758,Cecchetti Sebastiani Cellar,P O Box 1607,Sonoma,CA,95476,Unlicensed Supplier
X10945,Cecchetti Wine Company,474 Pear Tree Court,Sonoma,CA,95476,Unlicensed Supplier
X12468,Cedar Knoll Vineyards Inc,4029 Hagen Road,Napa,CA,94558,Unlicensed Supplier
X02987,Cedarville Vineyards,P O Box 419,Fairplay,CA,95684,Unlicensed Supplier
X03119,Ceja Vineyards,P O Box 5957,Napa,CA,94581,Unlicensed Supplier
X01923,Celebrity Cellars,12001 South Highway 99,Manteca,CA,95336,Unlicensed Supplier
B00648,Cellador Ales LLC,16745 Schoenborn Street Unit B,North Hills,CA,91343,Unlicensed Supplier
X11577,Cellar Door Importing & Distributing,20580 Eighth St East,Sonoma,CA,95476,Unlicensed Supplier
X12694,Cellar Thief,770 Skyway Ct,Napa,CA,24558,Unlicensed Supplier
B00600,Cellermaker Brewing Co,1150 Howard St,San Francisco,CA,94103,Unlicensed Supplier
X14177,Center of Effort Wines,2199 Corbett Canyon Rd,Arroyo Grande,CA,23220,Unlicensed Supplier
B00525,Center of Effort Wines,2199 Corbett Canyon Road,Arroyo Grande,CA,93420,Unlicensed Supplier
X14669,Central Coast Group Project,65 Los Padres Way Unit 2,Buellton,CA,93427,Unlicensed Supplier
X03191,Central Coast Wine,Henry Wine Group,Benicia,CA,94510,Unlicensed Supplier
X14836,Central Coast Wine Services,2717 Aviation Way,Santa Maria,CA,93455,Unlicensed Supplier
X11627,Central Coast Wine Warehouse,PO Box 339,Los Olivos,CA,93441,Unlicensed Supplier
X14536,Ceritas Wines,1160 Hopper Ave,Santa Rosa,CA,95403,Unlicensed Supplier
X11703,Cerruiti Cellars Inc,130 Webster St Suite 205,Oakland,CA,94603,Unlicensed Supplier
X13234,Chacewater Inc,5625 Gaddy Lane,Kelseyville,CA,95451,Unlicensed Supplier
X13481,Chacewater Winery,Billet Transport 55 Mezzetta Ct,American Canyon,CA,94503,Unlicensed Supplier
X00729,Chalk Hill Estate Winery,10300 Chalk Hill Road,Healdsburg,CA,95448,Unlicensed Supplier
X00414,Chalone Vineyards,P O Box 855,Soledad,CA,93960,Unlicensed Supplier
X01963,Chameleon Cellars,1330 silvaner Avenue,St Helena,CA,94574,Unlicensed Supplier
X12001,Chamisal Vineyards,P O Box 2508,Yountville,CA,94599,Unlicensed Supplier
X01551,Champagne Deutz,453 Deutz Drive,Arroyo Grande,CA,93420,Unlicensed Supplier
X01896,Champarhone Inc,453 Deutz Drive,Arroyo Royal Grande,CA,93420,Unlicensed Supplier
X15164,Chandon,1 California Drive,Yountville,CA,94599,Unlicensed Supplier
X14647,Chanin Wine Company,300 N 12th St. Ste 1C,Lompoc,CA,93436,Unlicensed Supplier
X01884,Chaparral LLC,P O Box 969,St Helena,CA,94574,Unlicensed Supplier
X11039,Chapin Transfers,3215 Coffey Lane,Santa Rosa,CA,95403,Unlicensed Supplier
X00021,Chappellet Vineyards,Pritchard Hill,St Helena,CA,94574,Unlicensed Supplier
X10487,Charles Creek Cellars,19229 Sonoma Highway #266,Sonoma,CA,95476,Unlicensed Supplier
X00815,Charles Krug Winery,Hwy 29 PO Box 191,St Helena,CA,94574,Unlicensed Supplier
X15605,Charlie & Echo,8680 Miralani Drive # 113,San Diego,CA,92126,Unlicensed Supplier
X13787,Chase Cellars,2252 Sulphur Spring Ave,St Helena,CA,94574,Unlicensed Supplier
X00864,Chateau Julien,P O  Box 221775,Carmel,CA,93922,Unlicensed Supplier
X11480,Chateau Margene,4385 La Panza Road,Creston,CA,93432,Unlicensed Supplier
X00118,Chateau Montelena,1429 Tubbs Lane,Calistoga,CA,94515,Unlicensed Supplier
X01162,Chateau Potelle,3875 Mt Veeder Road,Napa,CA,94558,Unlicensed Supplier
X00206,Chateau St Jean,855 Sonoma Highway,Kenwood,CA,95452,Unlicensed Supplier
X15887,Chateau Tanunda Vintage Point,564 Gary Daly,Sonoma,CA,95476,Unlicensed Supplier
X15828,Checkerboard Vineyards,4331 Azalea Springs Way,Calistoga,CA,94515,Unlicensed Supplier
X10842,Chiarello Family Vineyards,574 Gateway Drive,Napa,CA,94558,Unlicensed Supplier
X03404,Chiles Winery & Vineyards,1048 Oakmont Ct,Napa,CA,94559,Unlicensed Supplier
X02188,Chimere Winery,217 N Russel,Santa Maria,CA,93456,Unlicensed Supplier
X00306,Chimney Rock,5350 Silverado Trail,Napa,CA,94558,Unlicensed Supplier
X16675,Choya Umeshu USA,533 Airport Blvd,Burlingame,CA,94010,Unlicensed Supplier
B00405,Chrissa Imports,280 Harbor Way,South San Francisco,CA,94083,Unlicensed Supplier
X01616,Christopher Creek Winery,641 Limerick Lane,Healdsburg,CA,95448,Unlicensed Supplier
X13419,Chronic Cellars,2020 Nacimiento Lake Drive,Paso Robles,CA,93446,Unlicensed Supplier
X13762,Ciatti,1101 5th Ave #170,San Rafael,CA,94901,Unlicensed Supplier
X13006,Cimarone Wine,1777 Fletcher Way,Santa Ynez,CA,93460,Unlicensed Supplier
X01429,Cinnabar Vineyards,P O Box 245,Saratoga,CA,95071,Unlicensed Supplier
X14169,Cirq Estate,6780 Depot St Suite 200,Sebastopol,CA,95472,Unlicensed Supplier
X01335,Civ USA,10419 Old Placerville Road #252,Sacramento,CA,95827,Unlicensed Supplier
X13266,Clara Street Company,PO Box 777,Pinole,CA,94564,Unlicensed Supplier
X10957,Clarets LLC,115 A West Micheltorena,Santa Barbara,CA,93101,Unlicensed Supplier
X02368,Clark Claudon Vineyards,P O Box 15,St Helena,CA,94575,Unlicensed Supplier
X13021,Clarksburg Wine Company,P O Box 123,Clarksburg,CA,95612,Unlicensed Supplier
X01419,Classic Wine Of CA,P O Box 429,Ceres,CA,95307,Unlicensed Supplier
X01701,Claudia Springs,P O Box 348,Philo,CA,95125,Unlicensed Supplier
X11428,Clawson Creek LLC,1113A York St,San Francisco,CA,94110,Unlicensed Supplier
X02356,Clayton Winery,17347 East Gawne Road,Collegeville,CA,95215,Unlicensed Supplier
X12027,Clendenen Lindquist Vintners,4665 Santa Maria Mesa Road,Santa Maria,CA,93454,Unlicensed Supplier
X11376,Clif Bar Family Winery & Farm LLC,1312 Vidovich Avenue,Saint Helena,CA,94574-2029,Unlicensed Supplier
X12435,Cliff Lede Vineyards,1473 Yountville Cross Road,Yountville,CA,94599,Unlicensed Supplier
X01037,Cline Cellars,24737 Arnold Street,Sonoma,CA,95476,Unlicensed Supplier
X14020,Cline Sisters Imports LLC,24737 Arnold Drive Suite 5,Sonoma,CA,95476,Unlicensed Supplier
X02689,Cloninger Cellars,1645 River Road,Salinas,CA,93908,Unlicensed Supplier
X00650,Clos Du Val Vineyards,5330 Silverado Trail,Napa,CA,94558,Unlicensed Supplier
X00222,Clos La Chance Wines Inc,1 Hummingbird Lane,San Martin,CA,95046,Unlicensed Supplier
X02673,Clos Mimi,773 Mutsuhito Avenue,San Luis Obispo,CA,93401,Unlicensed Supplier
X13536,Clos Pepe Vineyards,4777 E Hwy 246,Lompoc,CA,93436,Unlicensed Supplier
X13673,Clos Saron,9269 Collin House Drive,Organ House,CA,95962-1004,Unlicensed Supplier
X15981,Clos Solene Winery,2010 Niderer Road,Paso Robles,CA,93446,Unlicensed Supplier
X12108,Cloudbreak Amer Wine Dist,11818 Clark Street,Arcadia,CA,91006,Unlicensed Supplier
X03307,Coastal Brands,3000 Bowen Avenue,Graton,CA,95444,Unlicensed Supplier
X15523,Coastal Products,21481 8th Street E #20,Sonoma,CA,95476,Unlicensed Supplier
X10781,Coastal Wine Services,340 El Camino Real South Ste K,Salinas,CA,93901,Unlicensed Supplier
X01449,Codera Wine Group,9060 Graton Rd,Graton,CA,95444,Unlicensed Supplier
X01622,Codorniu Napa,1345 Henry Road,Napa,CA,94559-9703,Unlicensed Supplier
X12696,Coho,PO Box 5716,Napa,CA,94181,Unlicensed Supplier
X13500,Colgin Cellars,P O Box 254,Saint Helena,CA,94574,Unlicensed Supplier
X13489,Colgin Partners,PO Box 1842,Windsor,CA,95492,Unlicensed Supplier
X16462,Collegeville Vinters,17347 Gawne Rd,Stockton,CA,95215,Unlicensed Supplier
X14742,Compli Compliance,Spottswood Winery,Paso Robles,CA,93447,Unlicensed Supplier
X10473,Confluence Wine Importers LLC,P O Box 15307,Newport Beach,CA,92659,Unlicensed Supplier
X15264,Conquerel Family Wines,PO Box 493,Calistoga,CA,94515,Unlicensed Supplier
X01076,Consilience Wines,P O Box 529,Los Olivos,CA,93441,Unlicensed Supplier
X15260,Continental Vineyards,5625 Highway 46 E,Paso Robles,CA,93446,Unlicensed Supplier
X01745,Continuum,P O Box 112,Oakville,CA,94562,Unlicensed Supplier
X13679,Conway Family Wines,2705 & 2717 Aviation Way,Santa Maria,CA,93455,Unlicensed Supplier
X12286,Conway Vineyards,591 Hi Mountain Road,Arroyo Grande,CA,93420,Unlicensed Supplier
B00279,Coogee Imports,24 Topsail Street Suite 200,Marina Del Rey,CA,90292,Unlicensed Supplier
X15444,Cook's Flat Associates,PO Box 451,St Helen,CA,94574,Unlicensed Supplier
X11496,Cool Hand Vineyards,P O Box 339,Los Olivos,CA,93441,Unlicensed Supplier
X13792,Copa Fina Wine Imp,7700 Edgewater Dr,Oakland,CA,94621,Unlicensed Supplier
X12009,Copain Wines,7800 Eastside Road,Healdsburg,CA,95448,Unlicensed Supplier
X13884,Copper Cane LLC,1275 Ingleside Ave,St Helena,CA,94574,Unlicensed Supplier
X14185,Cordelina Wine Company,2330 Gold Meadow Way Suite C,Gold River,CA,95670,Unlicensed Supplier
X10917,Core Wine Company,PO Box 5997,Santa Maria,CA,93456,Unlicensed Supplier
X01371,Corison Winery Inc,P O Box 427,St Helena,CA,94574,Unlicensed Supplier
X13694,Cornerstone,6505 Washington Street,Yountville,CA,94599,Unlicensed Supplier
X15379,Cornerstone Cellars,5055 Solano Avenue,Napa,CA,94558,Unlicensed Supplier
X03416,Cornerstone Cellars,P O Box 10767,Nape,CA,94559,Unlicensed Supplier
B00350,Coronado Brewing Company,170 Orange Avenue,San Diego,CA,92118,Unlicensed Supplier
X10843,Corte Riva Vineyards,3065 Mule Deer Lane,Santa Rosa,CA,95407,Unlicensed Supplier
X01626,Cosentino Winery,7415 St Helena Highway,Yountville,CA,94599,Unlicensed Supplier
X10501,Costa De Oro,P O Box 1023,Santa Maria,CA,93456,Unlicensed Supplier
X02030,Coturri Winery,P O Box 396,Glen Ellen,CA,95442,Unlicensed Supplier
X12810,Coup De Foudre,1040 Main Street Suite 100,St Helena,CA,94559,Unlicensed Supplier
X14859,Courtier Wines,4414 Piedmon Ave,Oakland,CA,-,Unlicensed Supplier
X17049,Covert Estate,15 Chateau Lane,Napa,CA,94558,Unlicensed Supplier
X15232,Cowan Cellars,4325 Santa Rosa Avenue,Santa Rosa,CA,95407,Unlicensed Supplier
X01120,Crane Canyon Cellars,33 Healdsburg,Healdsburg,CA,95448,Unlicensed Supplier
X03121,Crane Family,P O Box 2067,Napa,CA,94558,Unlicensed Supplier
X11010,Creative Wine Concepts,830 Fulton Lane,St Helena,CA,94574,Unlicensed Supplier
X01290,Creston Vineyards,9538 Los Palos Rd,Creston,CA,93422,Unlicensed Supplier
X10817,Crew Wine Company,3632 East Lincoln Avenue,Sacramento,CA,95818,Unlicensed Supplier
X00223,Crichton Hall,P O Box 187,Rutherford,CA,94573,Unlicensed Supplier
X13739,Crimson Wine Group,5901 Silverado Trail,Napa,CA,94558,Unlicensed Supplier
X12582,Crocker & Starr,700 Dowdell Lane,St Helena,CA,94574,Unlicensed Supplier
X15305,Croix Estate,1406 Wood Road,Fulton,CA,95439,Unlicensed Supplier
X17263,Crosby Roamann,45 Enterprise Court #6,Napa,CA,94558,Unlicensed Supplier
X13523,Croze Winery,PO Box 2679,Yountville,CA,94599,Unlicensed Supplier
X17395,Cru Winery,20146 Road 21,Madera,CA,93637,Unlicensed Supplier
X14627,Cruse Wine Company,1240 Holm Road,Petaluma,CA,94954,Unlicensed Supplier
X02481,Crush Wine Marketing Tria Wines,1275 Fourth Street,Santa Rosa,CA,95404,Unlicensed Supplier
B00047,Cuidao USA Import Co Inc,2951 Simms Street,Hollywood,CA,33020-1510,Unlicensed Supplier
X13717,Cult of 8,"475 Washington St., Ste #A",Monterey,CA,93940-5324,Unlicensed Supplier
X13025,Cultivar Wine LLC,PO Box 627,Rutherford,CA,94573,Unlicensed Supplier
X17061,Culture Wine Co,1694 Page St.,San Francisco,CA,94117,Unlicensed Supplier
X13501,Curvature Wines LLC,1250 Church Street Suite R2,Saint Helena,CA,94574,Unlicensed Supplier
X00163,Cuvaision Inc,4550 Silversdo Trail,Calistoga,CA,94515,Unlicensed Supplier
X16126,Cuvaison Winery,1221 Duhig Road,Napa,CA,94559,Unlicensed Supplier
X12655,Cypher Winery,PO Box 120,Paso Robles,CA,93447,Unlicensed Supplier
X10988,D Cubed Cellars Inc,P O Box 694,St Helena,CA,94574,Unlicensed Supplier
X10967,D R Stephens Estate,1860 Howell Mt Road,St Helena,CA,94574,Unlicensed Supplier
X01291,D'Aquino Italian Imp Co Inc,1850 Business Center Drive,Durate,CA,91010,Unlicensed Supplier
X13379,DDC Shipping,759 Technology Way,Napa,CA,94558,Unlicensed Supplier
X14175,"DELEGAT USA, INC",555 MISSION STREET #2625,SAN FRANCISCO,CA,94105,Unlicensed Supplier
X17129,DK WINE GROUP,3358 COFFEY LN STE D,SANTA ROSA,CA,95403,Unlicensed Supplier
X11270,DNA Vineyards,530 10th Street,Paso Robles,CA,93446,Unlicensed Supplier
X15538,DNS Wines,2261 Market Street #326,San Francisco,CA,94114,Unlicensed Supplier
X17031,DOGFARM LLC,620 TRANCAS ST,NAPA,CA,94558,Unlicensed Supplier
X15871,DOMAINE CO,113 West North St,Healdsburg,CA,95448,Unlicensed Supplier
X16211,DOMAINE DELLA DALE LLC,3358 COFFEY LN,SANTA ROSA,CA,95401,Unlicensed Supplier
X14936,DUMOL WINE COMPANY,576 Gateway Drive,Napa,CA,94558,Unlicensed Supplier
X12266,Da Ve Winery Inc,P O Box 6829,Napa,CA,94581,Unlicensed Supplier
X02500,Dalla Terra,P O Box 6536,Napa,CA,94581-1536,Unlicensed Supplier
X02112,Dalla Valle Vineyards,P O Box 329,Oakville,CA,94562,Unlicensed Supplier
X15775,Damrs Lane P/U @ Tower Road Winery Co,1150 Darms Lane,Napa,CA,94558,Unlicensed Supplier
X12590,Dana Estates,1895 Cabernet Lane,Saint Helena,CA,94574,Unlicensed Supplier
X15094,Dancing Coyote,3125 E Orange St,Acampo,CA,95220,Unlicensed Supplier
X15490,Dancing Crow Vineyards,2790 Spring Street,St. Helena,CA,94574,Unlicensed Supplier
X14272,Dancing Hares Vineyard,PO Box 853,Saint Helena,CA,94574,Unlicensed Supplier
X02329,Daniel Gehrs Winery,77 Ironwood Way,Solvang,CA,93463-2947,Unlicensed Supplier
X02692,Daniel Lawrence Wine Cellars,3000 Bowen Avenue,Graton,CA,95444,Unlicensed Supplier
X11908,Daou Vineyards,6305 Buena Vista Drive,Paso Robles,CA,93446,Unlicensed Supplier
X13766,Darcie Kent Vineyards,P O Box 3617,Paso Robles,CA,93447,Unlicensed Supplier
X15805,Darms Lane,1150 Darms Lane,Napa,CA,94558,Unlicensed Supplier
X02284,Dashe Cellars,1080 Dolores Street,San Francisco,CA,94110,Unlicensed Supplier
X16625,Dave Phinney LLC,2121 Alisos Rd,Santa Ynez,CA,93460,Unlicensed Supplier
X00871,David Arthur Vineyards,210 Long Ranch Road,St Helena,CA,94574,Unlicensed Supplier
X00154,David Bruce Winery,21439 Bear Creek Road,Los Gatos,CA,95030,Unlicensed Supplier
X00156,David Bynum Winery,8075 Westside Road,Healdsburg,CA,95448,Unlicensed Supplier
X11400,David Noyes Wines,P O Box 1117,Boyes Hot Springs,CA,95416,Unlicensed Supplier
X03234,Davies and Gamble,P O Box 670,St Helena,CA,94574,Unlicensed Supplier
X14319,Davis Estates,15572 Computer Lane,Huntington Beach,CA,92649,Unlicensed Supplier
X11945,Davis Wine Company,502 Mace Blvd Suite 5,Davis,CA,95618,Unlicensed Supplier
X00333,De Loach Vineyards,1791 Oliver Road,Santa Rosa,CA,95401,Unlicensed Supplier
X13421,Decade 5 LLC,2370 Market Street #127,San Francisco,CA,94114,Unlicensed Supplier
X14399,Decibel,1855 Gateway Blvd #250,Concord,CA,94520,Unlicensed Supplier
X00479,Deer Park Winery,1000 Deer Park Road,Deer Park,CA,94576,Unlicensed Supplier
X03008,Deerfield Ranch Winery,1310 Warm Springs Road,Glen Ellen,CA,95442,Unlicensed Supplier
X13979,Define,2405 Larkin St.,San Francisco,CA,94109,Unlicensed Supplier
X11113,Definitive Wines,P O Box 10667,Napa,CA,94581,Unlicensed Supplier
X14345,Dehlinger Winery,4101 Vine Hill Rd,Sebastopol,CA,95472,Unlicensed Supplier
X03613,Del Bondio Wine Co,1333 Bella Oaks Lane,Napa,CA,94558,Unlicensed Supplier
X02430,Del Dotto Vineyards,1291 West Zinfandel Lane,St Helena,CA,94574,Unlicensed Supplier
X15234,Del Rio Vineyards,175 Tower Road,Napa,CA,94558,Unlicensed Supplier
X11378,Delectus Winery,908 Enterprise Way Suite C,Napa,CA,94558,Unlicensed Supplier
X11664,Demetria,2027 Village Lane Suite 203,Solvang,CA,93463,Unlicensed Supplier
X15764,Dems Lane Vineyards,1150 Darms Lane,Napa,CA,94558,Unlicensed Supplier
X15497,Denner Vineyards,5414 Vineyard Dr - PO Box 1088,Paso Robles,CA,93446,Unlicensed Supplier
X15233,Department 66,420 Lafata Street,St. Helena,CA,94574,Unlicensed Supplier
X11717,Desante Wines LLC,PO BOx 1027,St Helena,CA,94574,Unlicensed Supplier
X14374,Desparada Wines,1227 Paso Robles S,Paso Robles,CA,93446,Unlicensed Supplier
X13700,Destination Wine Company,2115 S Blosser Road Suite 113,Santa Maria,CA,93458,Unlicensed Supplier
X03181,Destino Winery,28 Partridge Drive,Novato,CA,94945,Unlicensed Supplier
X10690,Detert Family Vineyards LLC,1746 Vineyard Avenue,St Helena,CA,94574,Unlicensed Supplier
X02431,Devlin Sparkling Vineyards,930 McGlaughlin,San Jose,CA,95122,Unlicensed Supplier
X13401,Devoto Wade LLC,655 Gold Ridge Road,Sebastopol,CA,95472,Unlicensed Supplier
X02661,Di Loreto Cellars,1112 Rahara Drive,Lafayette,CA,94549,Unlicensed Supplier
X16890,Di Stasio Vineyards and Wines,10788 Shenandoah Road,Plymouth,CA,95669,Unlicensed Supplier
X10811,Diageo Chateau,21468 8th Street East,Sonoma,CA,95420,Unlicensed Supplier
X00378,Diamond Creek,1500 Mountain Road,Calistoga,CA,94515,Unlicensed Supplier
X03531,Diamond Mountain Vineyard,2121 Diamond Mountain Road,Calistoga,CA,94515,Unlicensed Supplier
X03194,Diamond Oaks,400 Oyster Point Blvd Suite 415,San Francisco,CA,94503,Unlicensed Supplier
X11699,Diatom,329 North F Street,Lompoc,CA,93436,Unlicensed Supplier
X10864,Dierberg Vineyard,2121 Alisos Avenue,Santa Ynez,CA,93460,Unlicensed Supplier
X01903,Diloreto Cellars Ltd,4242 Big Rance Road,Napa,CA,94558,Unlicensed Supplier
X11374,Diogenes Wine Company,P O Box 6348,Napa,CA,94559,Unlicensed Supplier
X14673,Dirty & Rowdy,PO Box 69,Napa,CA,94559,Unlicensed Supplier
X14499,Distant Cellars Winery,21390 Ostrom Rd.,Diddletown,CA,95629,Unlicensed Supplier
X16051,Divot Enterprises,105 McCormick Court,Napa,CA,94558,Unlicensed Supplier
X16232,Dogwood & Thistle,PO Box 2487,Napa,CA,94558,Unlicensed Supplier
X01966,Dolce,P O Box 327,Oakville,CA,94562,Unlicensed Supplier
X11224,Domaine Alfred,7525 Orcutt Road,San Luis Obispo,CA,93401,Unlicensed Supplier
X01627,Domaine De La Terre Rouge,P O Box 41,Fiddletown,CA,95629,Unlicensed Supplier
X01311,Domaine Madeleine,554 Michael Drive,Sonoma,CA,95476,Unlicensed Supplier
X00762,Domaine Michel,4155 Wine Creek Road,Healdsburg,CA,95448,Unlicensed Supplier
X11727,Domaine Napa Wine Co,P O Box 429,Ceres,CA,95307,Unlicensed Supplier
X01593,Domaine Saint Gregory,1170 Bel Arbres Road,Redwood Valley,CA,95470,Unlicensed Supplier
X02922,Domaine Sebastiani & Sons,P O Box 1607,Sonoma,CA,95476,Unlicensed Supplier
X01669,Domaine St George,1141 Grant Avenue,Healsburg,CA,94558,Unlicensed Supplier
X14241,Domaine de la Cote,1 Montgomery St  Suite 3220,San Francisco,CA,94104,Unlicensed Supplier
X10688,Dominari Cellars,210 Camino Oruga,Napa,CA,94559,Unlicensed Supplier
X01739,Dominion Wine Group Ltd The,100 Tamal Plaza Suite 104,Corte Mandera,CA,94925,Unlicensed Supplier
X03137,Don Sebastiani & Sons,P O Box 1887,Sonoma,CA,95476,Unlicensed Supplier
X12083,Donati Family Vineyards,2720 Oak View Road,Templeton,CA,93465,Unlicensed Supplier
X12501,Donelan Family Wine Cellars,3352 D Coffey Lane,Santa Rosa,CA,95403,Unlicensed Supplier
X02923,Donum Estate,24520 Ramal Road,Sonoma,CA,95476,Unlicensed Supplier
X11344,Doo San,3600 Wilshire Blvd Suite 836,Los Angeles,CA,90010,Unlicensed Supplier
X03212,Dover Canyon Winery,4520 Vineyard Drive,Paso Robles,CA,93446,Unlicensed Supplier
X14508,Down By Law,576 Gateway Dr.,Napa,CA,94558,Unlicensed Supplier
X10519,Downing Family Vineyards,3212 Jefferson St PMB 189,Napa,CA,94558,Unlicensed Supplier
X13350,Dragonette Cellars,55 Los Padres Way #1,Buelton,CA,93427,Unlicensed Supplier
X14103,Draxton Wines,8423 Trione Circle,Windsor,CA,95492,Unlicensed Supplier
X13759,Drew Family Cellars,7686 Bell Road,Windsor,CA,95492,Unlicensed Supplier
X02013,Dreyer Wine Group,161 Fox Hollow Rd,Woodside,CA,94062,Unlicensed Supplier
X13157,Driven Cellars,12595 Steiner Road,Plymouth,CA,95669,Unlicensed Supplier
X00031,Dry Creek Vineyard Inc,3700 Lambert Bridge Road,Healdsburg,CA,95448,Unlicensed Supplier
X03587,Du Mol Winery,11 El Sereno,Orinda,CA,94563,Unlicensed Supplier
X00590,Duckhorn Vineyards,3027 Silverado Trail,St Helena,CA,94574,Unlicensed Supplier
X11728,Duckhorn Wine Company,7257 Silverado Trail,Napa,CA,94558,Unlicensed Supplier
X00410,Dunn Vineyards,P O Box 886,Angwin,CA,94508,Unlicensed Supplier
X02195,Durney Vineyards,P O Box 999,Carmel Valley,CA,93924,Unlicensed Supplier
X11239,Dutch Henry Winery,4310 Silverado Trail,Calistoga,CA,94515,Unlicensed Supplier
X03085,Dutton Goldfield,10750 Graton Road,Sebastopol,CA,95472,Unlicensed Supplier
X03492,Dutton Goldfield Winery,2191 Laguna Road,Santa Rosa,CA,95401,Unlicensed Supplier
X01465,Duxoup Wineworks,9611 West Dry Creek Road,Healdsburg,CA,95448,Unlicensed Supplier
X11632,EMH Vineyards,25 Rosedale Road,Calistoga,CA,94515,Unlicensed Supplier
X02694,EOS Estate Winery,5625 Hwy 46 East,Paso Robles,CA,93447-1179,Unlicensed Supplier
X15543,ESSENTIALLY GEARED WINE CO,217 S MONTGOMERY ST,NAPA,CA,94559,Unlicensed Supplier
B00545,EVANS BREWING COMPANY,3815 S MAIN STREET,SANTA ANA,CA,92707,Unlicensed Supplier
X11421,Eagle's Trace,680 Rossi Road,St Helena,CA,94574,Unlicensed Supplier
X02624,Easton Winery,P O Box 41,Fiddletown,CA,95629,Unlicensed Supplier
X01267,Eberle Winery,P O Box 2459,Paso Robles,CA,93447,Unlicensed Supplier
X02828,Eberlina Inc,33 Healdsburg Avenue,Healdsburg,CA,95448,Unlicensed Supplier
X15990,Eclipse Assets LLC,2383 Mora Avenue,Calistoga,CA,94515,Unlicensed Supplier
X00847,Ecluse Wines,1520 Kiler Canyon Road,Paso Robles,CA,93446,Unlicensed Supplier
X16902,Eddy Balbuena - Wine Specialty Svc LLC,201 Delvin Road,Napa,CA,94558,Unlicensed Supplier
X14945,Eden Canyon Inc,PO Box 8704,Emeryville,CA,94662-0704,Unlicensed Supplier
X13055,Edge Wines,4500 Silverado Trail,Napa,CA,94558,Unlicensed Supplier
X00898,Edmunds St John's,600 Addison Street,Berkeley,CA,94710-1920,Unlicensed Supplier
X11189,Edward Sellers Vineyards & Wines,P O Box 5141,Paso Roble,CA,93447,Unlicensed Supplier
B00225,Eel River Brewing Company,1777 Almar Way,Fortuna,CA,95540,Unlicensed Supplier
X11137,Egelhoff Wines,Box 525,St Helena,CA,94574,Unlicensed Supplier
X15145,Ehren Jordan Wine Cellars,801 N Scott Street,Carlton,CA,97111,Unlicensed Supplier
X11590,Ehrhardt Estates Winery,12300 Herzog Road,Courtland,CA,95615,Unlicensed Supplier
X14908,Eisele Vineyards,2155 Pickett Rd,Calistoga,CA,94515,Unlicensed Supplier
X02595,El Molino Winery,P O Box 306,St Helena,CA,94574,Unlicensed Supplier
X02829,Elke Vineyards,2222 Third Avenue,Napa,CA,94558,Unlicensed Supplier
X01355,Elkhorn Peak,200 Polson Road,Napa,CA,94559,Unlicensed Supplier
X01577,Elyse,2100 Hoffman Lane,Napa,CA,94558,Unlicensed Supplier
X03627,Emerald Glen,3333 West Coast Hwy,Newport Beach,CA,92663,Unlicensed Supplier
X11759,Emeritus Vineyards,2500 Gravenstein Hwy North,Sebastopol,CA,95472,Unlicensed Supplier
X00865,Emilio Gulielmo Winery Inc,1480 East Main Avenue,Morgan Hill,CA,95037,Unlicensed Supplier
X02902,Emmolo Wine Company,1260 Spring Brook Ct St,Rutherford,CA,94573,Unlicensed Supplier
X11305,Empyrean Wine Group,411 West Rose Street,Stockton,CA,95203,Unlicensed Supplier
X14672,Enfield Wine Co,2959 St Helena Hwy North,St Helena,CA,94574,Unlicensed Supplier
X13648,Enos Vineyards,221 Main St #178,Los Altos,CA,94023,Unlicensed Supplier
X02016,Epic Wines,P O Box 39,Santa Cruz,CA,95063,Unlicensed Supplier
X11085,Erba Mountainside Vineyards,1034 Loma Vista Drive,Napa,CA,94558,Unlicensed Supplier
X16830,Erggelet Brothers,2017 Walnut Blvd,Brentwood,CA,94513,Unlicensed Supplier
X13651,Eric Kent Wines,1014 Hopper Avenue #614,Santa Rosa,CA,95403-1613,Unlicensed Supplier
X02580,Eric Luse,205 Stuyvesant Drive,San Anselmo,CA,94960,Unlicensed Supplier
X02218,Eric Ross Winery,13404 Dupont Road,Sebostopol,CA,95472,Unlicensed Supplier
X12656,Erna Schein Handcrafted Wines,4078 Spring Mountain Road,St Helena,CA,94574,Unlicensed Supplier
X14624,"Ernest Vineyards, LLC",4334 25th Street,San Francisco,CA,94114,Unlicensed Supplier
X13280,Es Ex Corporation,439 Littlefield Avenue,South San Francisco,CA,94080,Unlicensed Supplier
X02409,Esquin Imports Inc,P O Box 2340,San Anselmo,CA,94979-2340,Unlicensed Supplier
X12825,Esser Vineyards,5570 Skylane Blvd Suite C,Santa Rosa,CA,95403-1030,Unlicensed Supplier
X00623,Estate of William Baccala,79725 Mandarina,La Quinta,CA,92253-6501,Unlicensed Supplier
X14198,Ethica Wines,3238 Old Heather Rd,San Diego,CA,92111,Unlicensed Supplier
X12255,Etre Wines,1073 Lark Avenue,Sonoma,CA,95476,Unlicensed Supplier
X02816,Etude Wines,P O Box 3382,Napa,CA,94558,Unlicensed Supplier
B00204,Evaki Inc,1147 Wisteria Lane,San Luis Obispo,CA,93401,Unlicensed Supplier
X03655,Evaki Inc,1147 Wisteria Lane,San Luis Obispo,CA,93401,Unlicensed Supplier
X12631,Evening Land Vineyards,1712 C Industrial Way,Lompoc,CA,93436,Unlicensed Supplier
X02177,Ex Cellars Wine Agencies,P O Box 1099,Solvang,CA,93464,Unlicensed Supplier
X11356,Excluse Wines,1520 Kiler Canyon Road,Paso Robles,CA,93446,Unlicensed Supplier
X15077,Experience Wines,PO Box 747,Napa,CA,94559,Unlicensed Supplier
X16656,Express Wine Delivery,7970 Cameron Dr,Windsor,CA,95492,Unlicensed Supplier
X15905,Express Wine Delivery,7970 Cameron Dr,Windsor,CA,95492,Unlicensed Supplier
X00750,F Korbel & Bros Inc,13250 River Road,Guerneville,CA,95446-9538,Unlicensed Supplier
X14901,FORETELL WINES,PO BOX 247,ST. HELENA,CA,94574,Unlicensed Supplier
X14486,FRICK WINERY,23072 Walling Road,Geyserville,CA,95441,Unlicensed Supplier
X12608,Failla Wines,3530 Silverado Trail,St Helena,CA,94574,Unlicensed Supplier
X02207,Fairest Cape Beverage Co Inc,1806 E Carnegie Avenue,Santa Ana,CA,92704,Unlicensed Supplier
X10524,Falcone Family Vineyards,1825 Ballard Canyon Road,Solvang,CA,93463,Unlicensed Supplier
X01090,Falconer Wines,4242 Big Ranch Road,Napa,CA,94558,Unlicensed Supplier
X02198,Falcor Wine Cellars LLC,2511 Napa Corporate Drive,Napa,CA,94558,Unlicensed Supplier
X01781,Fallenleaf Vineyard,P O Box 366,Burlingame,CA,94010,Unlicensed Supplier
X15002,Family & Farmers LLC,605 Trancas St Suite B,Napa,CA,94558,Unlicensed Supplier
X12368,Fantesca Estate Winery,2920 Spring Mountain Road,St Helena,CA,94574,Unlicensed Supplier
X00471,Far Niente,P O Box 327,Oakville,CA,94562,Unlicensed Supplier
X14464,Farm Winery,10920 Chimney Rock Rd,Paso Robles,CA,93446,Unlicensed Supplier
X15551,Fasel Shenstone,8680 Miralani Dr Ste 119,San Diego,CA,92126,Unlicensed Supplier
X12397,Fast Break,6800 Goodyear Road,Benicia,CA,94510,Unlicensed Supplier
X14091,Fel Wines,1473 Yountville Cross Rd,Yountville,CA,94599,Unlicensed Supplier
X14134,Fenestra Winery,P O BOX 582,SUNOL,CA,94586,Unlicensed Supplier
X03311,Ferngrove Vineyards Estate,Pier 23 The Embarcade,San Francisco,CA,94111,Unlicensed Supplier
X00596,Ferrari Carano,8761 Dry Creek Road,Healdsburg,CA,95448,Unlicensed Supplier
X14634,Ferren Wines,1010 Shiloh Rd,Windsor,CA,95492,Unlicensed Supplier
X02758,Ficklin Vineyards,30246 Avenue 7 1/2,Madera,CA,93637,Unlicensed Supplier
X01683,Fiddle Head Cellars,606 Pena Drive #500,Davis,CA,95616-7722,Unlicensed Supplier
X12272,Fiddletown Cellars,22715 Upton Road,Plymouth,CA,95669,Unlicensed Supplier
X12904,Field Recordings,770 Skyway Court,Napa,CA,94558,Unlicensed Supplier
X14115,Field Stone Winery & Vineyard,10075 Highway 128,Healdsburg,CA,95448,Unlicensed Supplier
X01633,Fieldstone Winery & Vineyard,10075 Highway 128,Healdsburg,CA,95448,Unlicensed Supplier
X16763,Fieri Enterprises LLC,52 Front Street,Healdsburg,CA,95448,Unlicensed Supplier
X01565,Fife Vineyards,3621 Ricetti Lane,Redwood Valley,CA,95470,Unlicensed Supplier
X13771,Fiftyrow,280 South Beverly Dr,Bererly Hills,CA,90212-3908,Unlicensed Supplier
X13139,Figgie Cellars,3348 Paul David Dr Suite 101,Marina,CA,93922,Unlicensed Supplier
X03264,Fine Wines International,4242 Big Ranch Road,Napa,CA,94558,Unlicensed Supplier
X01907,Finkelstein Vineyards,P O Box 415,St Helena,CA,94574,Unlicensed Supplier
X14861,Fior Di Sole,2515 Napa Valley Corporate Dr,Napa,CA,94558,Unlicensed Supplier
X03260,Firebirds,1458 Industrial Avenue,Sebastopol,CA,95401,Unlicensed Supplier
B00479,Fireman's Brew Inc,20954 Osborne Street,Canoga Park,CA,91304,Unlicensed Supplier
X11824,Firestone Walker,10144 Commercial Avenue,Penn Valley,CA,95946,Unlicensed Supplier
X11002,Fisher Vineyards,6200 St Helena Road,Santa Rosa,CA,95404,Unlicensed Supplier
X01365,Fitzpatrick Winery,7740 Fairplay Road,Somerset,CA,95684,Unlicensed Supplier
X11796,Five Grapes LLC,19692 8th Street East,Sonoma,CA,95476,Unlicensed Supplier
X14383,Flanagan Vineyards,7970 Cameron Drive,Windsor,CA,95492,Unlicensed Supplier
X16632,Flaunt Wine Company,1058 Elsbree Lane,Windsor,CA,95492,Unlicensed Supplier
X14523,Flavor Seekers,125 Mezzetta Ct,American Canyon,CA,94503,Unlicensed Supplier
X10492,Fleming Jenkins LLC,300 A College Avenue,Los Gatos,CA,95030,Unlicensed Supplier
X00452,Flora Springs Wine Co,1978 W Zinfandel Lane,St Helena,CA,94574,Unlicensed Supplier
X12057,Flowers Vineyard & Winery,28500 Seaview Road,Cazadero,CA,95421,Unlicensed Supplier
X11057,Flying Goat Cellars Inc,PO Box 1604,Santa Ynez,CA,93460,Unlicensed Supplier
X13407,Fog Crest Vineyard,7602 Occidental Road,Sebastopol,CA,95472,Unlicensed Supplier
X00984,Folie A Deux Winery,3070 St Helena Highway,St Helena,CA,94574,Unlicensed Supplier
X03610,Folio Wine Company LLC,550 GATEWAY DRIVE,NAPA,CA,94558,Unlicensed Supplier
X12345,Folk Machine,10295 Westside Road,Healdsburg,CA,95448,Unlicensed Supplier
X15777,Folktale Wine Group,8940 Carmel Valley Road,Carmel,CA,93923,Unlicensed Supplier
X13404,Folkway Wine Co,PO Box 689,Arroyo Grande,CA,93421,Unlicensed Supplier
X11863,Fontanella Wines,1717 Patrick Road,Napa,CA,94558,Unlicensed Supplier
X12908,Foppiano Vineyards,12707 Old Redwood Hwy,Healdsburg,CA,95448,Unlicensed Supplier
X03375,Forchini Vineyards & Winery,5143 Dry Creek Road,Healdsburg,CA,95448,Unlicensed Supplier
X13046,Forlorn Hope,2787 Indiana Street,Napa,CA,94558,Unlicensed Supplier
X01070,Forman Winery,P O Box 343,St Helena,CA,94574,Unlicensed Supplier
X11860,Fort Ross Vineyard & Winery,550 Indiana Street,San Francisco,CA,94107,Unlicensed Supplier
X01566,Fotis and Sons Imports Inc,15451 Electronic Ln,Huntington Beach,CA,92649-1333,Unlicensed Supplier
X11512,Fountainhead Wines,205 South Jefferson,Napa,CA,94559,Unlicensed Supplier
X11549,Four Bears Winery,2277 Fair Oaks Blvd Ste 395,Sacramento,CA,95825,Unlicensed Supplier
X02114,Four Vines Winery,P O Box 120,Paso Robles,CA,93447,Unlicensed Supplier
X10537,Fourwater Green LLC,1103 Ehlers Lane,St Helena,CA,94574,Unlicensed Supplier
X01466,Foxen Winery,7200 Foxen Canyon Road,Santa Maria,CA,93454,Unlicensed Supplier
X10829,Francis Coppola Winery LLC,300 Via Archimides,Geyserville,CA,95441,Unlicensed Supplier
X03545,Franciscan Estates,P O Box 100872,Pasadena,CA,91189-0872,Unlicensed Supplier
X10816,Franciscan Vineyards Inc,PO Box 407,Rutherford,CA,94573,Unlicensed Supplier
X11359,Franco Wine Imports,2177 N Batavia #B,Orange,CA,92865,Unlicensed Supplier
X11920,Frank Family Vineyards,1091 Larkmead Lane,Calistoga,CA,94515,Unlicensed Supplier
X00388,Franus Wine Company,P O Box 10575,Napa,CA,94581,Unlicensed Supplier
X03182,Frazier Winery,40 Lupine Hill Road,Napa,CA,94558,Unlicensed Supplier
X14133,Free Flow Wines,2557 Napa Valley Corporate Dr,Napa,CA,94558,Unlicensed Supplier
X13763,Freelance Wines LLC,160 Wilkiup Drive Suite 206,Santa Rosa,CA,95403,Unlicensed Supplier
X10814,Freeman Vineyard & Winery,PO Box 2250,Sebastopol,CA,94572,Unlicensed Supplier
X00384,Freixenet USA Inc,P O Box 1949,Sonoma,CA,95476,Unlicensed Supplier
X01113,Frey Vineyards,14000 Tomki Road,Redwood Valley,CA,95470,Unlicensed Supplier
X03485,Frias Family Vineyards,275 Magellan Avenue,San Francisco,CA,94116,Unlicensed Supplier
X17335,Frisinger Family,2275 Dry Creek Road,Napa,CA,94558,Unlicensed Supplier
X03605,Fritz Winery,2777 Yulupa Avenue PM167,Santa Rosa,CA,95405,Unlicensed Supplier
X00720,Frogs Leap Winery,P O Box 189,Rutherford,CA,94573-0189,Unlicensed Supplier
X12637,Fuse Wines LP,4500 Silverado Trail,Napa,CA,94558,Unlicensed Supplier
X13114,Futo Wines,PO Box 410,Oakville,CA,94562,Unlicensed Supplier
X12382,G & G Trading Company,2175 Goodyear Avenue Suite 106,Ventura,CA,93003,Unlicensed Supplier
X15665,G Montot Wines,15751 Tapia Street,Irwindale,CA,91706,Unlicensed Supplier
X17361,GIVE BACK WINE GROUP LLC,20 MILL ST,HEALDSBURG,CA,95448,Unlicensed Supplier
X14277,GLORIA FERRER VINEYARDS,23555 ARNOLD DR,SONOMA,CA,95476,Unlicensed Supplier
X16863,GRACE UNDER PRESSURE,112 E 1ST STREET,NAPA,CA,94559,Unlicensed Supplier
X16219,GROUNDED WINE PROJECT LLC,605 Trancas St,NAPA,CA,94558,Unlicensed Supplier
X15250,GT's Living Foods,4646 Hampton Street,Vernon,CA,90058,Unlicensed Supplier
X14170,GUARACHI WINE PARTNERS,22837 Ventura Blvd,WOODLANDS HILLS,CA,91364,Unlicensed Supplier
X01436,Gabrielli Winery,10950 West Road,Redwood Valley,CA,95470,Unlicensed Supplier
X10854,Galante Family Winery,18181 Cachagua Road,Carmel Valley,CA,93924,Unlicensed Supplier
X03198,Galante Vineyards,18181 Cachagua Road,Carmel Valley,CA,93924-9313,Unlicensed Supplier
X02450,Galleron Signature Wines,P O Box 2,Rutherford,CA,94573,Unlicensed Supplier
X14915,Gallica Wines,PO Box 808,Saint Helena,CA,94574,Unlicensed Supplier
X03647,Gamba Vineyard & Winery,2912 Woolsey Road,Windsor,CA,95492,Unlicensed Supplier
X16557,Gamble Family Vineyards,7554 Saint Helena Hwy,Oakville,CA,94562,Unlicensed Supplier
X16360,Gandona,1533 Sage Canyon Road,St Helena,CA,94574,Unlicensed Supplier
X03457,Gargiulo Vineyards,575 Oakville Cross Road,Napa,CA,94558,Unlicensed Supplier
X02649,Garretson Wine Company,1509 Las Brisas Drive,Paso Robles,CA,93446,Unlicensed Supplier
X01105,Gary Farrell Winery,10701 Westside Road,Healdsburg,CA,95448,Unlicensed Supplier
X11190,Gemini Spirts & Wine Co,6125 King Road Suite 202,Loomis,CA,95650,Unlicensed Supplier
X12171,Gemstone Vineyard,2075 Summit Lake Dr,Angwin,CA,94508,Unlicensed Supplier
X12982,Gemstone Vineyard,2929 Saint Helena Hwy N,Saint Helena,CA,94574,Unlicensed Supplier
X15187,Generations of Sonoma Winery,21481 8th street east,sonoma,CA,95476,Unlicensed Supplier
X13760,Georg Rafael Vineyards,221 Devlin Road,Napa,CA,94558,Unlicensed Supplier
X11371,George Wine,P O Box 339,Healdsburg,CA,95448,Unlicensed Supplier
X01799,Georis Winery,P O Box 702,Carmel,CA,93921,Unlicensed Supplier
X00955,Geyser Peak Winery,P O Box 25,Geyserville,CA,95441,Unlicensed Supplier
X15347,"Giannini, LLC",62 Hahnemann Lane,Napa,CA,94558,Unlicensed Supplier
X16813,Gibson Wine Co,1720 Academy Ave,Sanger,CA,93657,Unlicensed Supplier
X12117,Giornata,3855 High Grove Road,Templeton,CA,93465,Unlicensed Supplier
X00480,Girard Winery,P O Box 372,Oakville,CA,94562,Unlicensed Supplier
X03528,Girasole Vineyards,10801 East Road,Redwood Valley,CA,95470,Unlicensed Supplier
X02571,Glacier Bay Beverages,P O Box 789,Ceres,CA,95307,Unlicensed Supplier
X00496,Glen Ellen Winery,1883 London Ranch Road,Glen Ellen,CA,95442,Unlicensed Supplier
B00326,Global Beer Network,P O Box 2069,Santa Barbara,CA,93120,Unlicensed Supplier
X10776,Global Vineyard Importers,801 Camelia Street Suite A,Berkley,CA,94710,Unlicensed Supplier
X12556,Global Wine Concepts,1113 Hunt Avenue,Saint Helena,CA,94574,Unlicensed Supplier
X02848,Global Wine Group Inc,P O Box 889,Woodbridge,CA,95258,Unlicensed Supplier
X15776,Glunz Family Winery & Cellars,8331 Highway 46 East,Paso Robles,CA,93446,Unlicensed Supplier
X02663,Gnekow Family Winery,17347 E Gawne Road,Collegeville,CA,95215-9646,Unlicensed Supplier
X14148,Godspeed Vineyards,3655 Mt Veeder Road,Napa Valley,CA,94558,Unlicensed Supplier
X17023,Golden Gate Wine,53 Granda,Irvine,CA,92602,Unlicensed Supplier
X03654,Golden Kaan,24520 Ramal Road,Sonoma,CA,95476,Unlicensed Supplier
X02917,Golden State Cutler Winery,401 St Helena Hwy South,St Helena,CA,84574,Unlicensed Supplier
X01061,Golden State Vintners,38558 Hwy 128,Cutler,CA,93615,Unlicensed Supplier
X12476,Golden State Wines,16311 Stagg Street,Van Nuys,CA,91406,Unlicensed Supplier
X10970,Goldridgepinot,PO Box 749,Sebastopol,CA,95473,Unlicensed Supplier
X03256,Goldschmidt Vineyards LLC,152 Piper Street,Healdsburg,CA,95448,Unlicensed Supplier
X13909,Goodland Wines LLC,63 Thomas Rd,Buellton,CA,93427,Unlicensed Supplier
X13704,Gothic Wine LLC,1 Montgomery St. Suite 3220,San Francisco,CA,94115,Unlicensed Supplier
X12795,Govino,31930 Highway 79,Warner Springs,CA,92086-9625,Unlicensed Supplier
X03657,Grace Family Vineyards,1210 Rockland Road,St Helena,CA,94515,Unlicensed Supplier
X13119,Grant Family Wines LLC,444 Elmshaven Road,St Helena,CA,94574,Unlicensed Supplier
X15459,Grape Expectations Inc,1091 Essex Avenue,Ricmond,CA,94801,Unlicensed Supplier
X15970,Grape Juice Group Imports,5341 Industrial Way,Benicia,CA,94510,Unlicensed Supplier
X01062,Grape Links Inc,420 Aviation Boulevard Suite 106,Santa Rosa,CA,95403,Unlicensed Supplier
X15647,GrapeSeed Wines,222 Healdsburg Ave,Healdsburg,CA,95448,Unlicensed Supplier
X11919,Grapecraft Wine Marketing,1458 Industrial Avenue,Sebastopol,CA,95472,Unlicensed Supplier
X10773,Grapes International LLC,1471 First Street,Calistoga,CA,94515,Unlicensed Supplier
X13494,Grassini Family Vineyards,20750 Ventura Blvd,Woodland Hills,CA,91364,Unlicensed Supplier
X16461,Grateful Palate,638 Lindero Canyon,Oak Park,CA,91377,Unlicensed Supplier
X10627,Gravity Hills,P O Box 3175,Yountville,CA,94599,Unlicensed Supplier
X16176,Gray Randolph Wine,45 Enterprise Ct,Napa,CA,94558,Unlicensed Supplier
X10792,Graziano Family of Wines,1170 Bel Arbres Road,Redwood Valley,CA,95470,Unlicensed Supplier
X14012,Great American Wineries,2511 Garden Road,Monterey,CA,93940,Unlicensed Supplier
B00485,Great Domains & Estates,8733 Lakewood Drive Suite B,Windsor,CA,95492,Unlicensed Supplier
X13685,Great Domains & Estates,8733 Lakewood Drive Ste B,Windsor,CA,95492,Unlicensed Supplier
X02625,Great Estates Exclusive,5225 Soland Avenue,Napa,CA,94558,Unlicensed Supplier
X00707,Grebennikoff Vineyards,18470 Carriger Road,Sonoma,CA,95476,Unlicensed Supplier
X00908,Green & Red Vineyards,3208 Childs Valley Road,St Helena,CA,94574,Unlicensed Supplier
X12766,Green Barn Vineyards,501 Parducci Road,Ukiah,CA,95482,Unlicensed Supplier
X12843,Green Barn Vineyards,501 Parducci Road,Ukiah,CA,95482,Unlicensed Supplier
B00234,Green Flash Brewing Company,6550 Mira Mesa Blvd,San Diego,CA,92121,Unlicensed Supplier
X02849,Greenfield Wine Company,P O Box 452,St Helena,CA,94574,Unlicensed Supplier
X01270,Greenwood Ridge Vineyards,24555 Greenwood Road,Philo,CA,95466,Unlicensed Supplier
X14642,Grey Stack Cellars,4465 Brookshire Cir,Santa Rosa,CA,95405,Unlicensed Supplier
X00408,Grgich Hills Estate,P O Box 450,Rutherford,CA,94573,Unlicensed Supplier
X15899,Grieve Family Winery,465 First Street West,Sonoma,CA,95476,Unlicensed Supplier
X14609,Groom Wines,P O Box 811,Healdsburg,CA,95448,Unlicensed Supplier
X15657,Groskopf Warehouse & Logistics Sonoma,20580 8th St E,Sonoma,CA,95476,Unlicensed Supplier
X00884,Groth Vineyards,P O Box 412,Oakville,CA,94562,Unlicensed Supplier
X12004,Group Martin LLC,125 Mezzetta Ct,American Canyon,CA,94503,Unlicensed Supplier
X02357,Grove Street Winery,1440 Grove Street,Healdsburg,CA,95448,Unlicensed Supplier
X13515,Guardian Winery,963 Redwood Drive,Danville,CA,94506,Unlicensed Supplier
X11882,Guglielmo Vineyards,1480 East Main Avenue,Morgan Hill,CA,95037,Unlicensed Supplier
X00353,Guilliams Vineyards,Spring Mountain Road,St Helena,CA,94574,Unlicensed Supplier
X03579,Guy Buffet Cellars,P O Box 5387,Napa,CA,94581,Unlicensed Supplier
X01805,H Coturri & Sons Ltd,P O Box 396,Glen Ellen,CA,95442,Unlicensed Supplier
X16741,HAMILTON WINE COLLECTIVE LLC,7830-40 ST HELENA HWY,OAKVILLE,CA,94562,Unlicensed Supplier
B00880,HAPPY DAD LLC,4162 Farmdale Ave,Los Angeles,CA,91604,Unlicensed Supplier
X12222,HDD LLC,5610 Dry Creek Road,Healdsburg,CA,95448,Unlicensed Supplier
X16913,HERITAGE AUCTIONS FINE & RARE WINE,13152 RAYMER ST SUITE E,NORTH HOLLYWOOD,CA,91605,Unlicensed Supplier
X15950,HQ Winery,2100 Hoffman Lane,Napa,CA,94558,Unlicensed Supplier
X17388,HUNEEUS WINES LLC,1040 MAIN ST,NAPA,CA,94559,Unlicensed Supplier
X02024,Hacienda Winery,P O Box 416,Sonoma,CA,95476,Unlicensed Supplier
B00033,Hacker Pschorr USA,8100 S Akron Street Suite 313,Englewood,CA,80112,Unlicensed Supplier
X01271,Hahn Estate,1500 3rd ST,Napa,CA,94559,Unlicensed Supplier
X11647,Hahn Family Wines,700 California Blvd,Napa,CA,94559-2225,Unlicensed Supplier
X16971,Halcon Estate,113 W. North Street,Healdsburg,CA,95448,Unlicensed Supplier
X13319,Halcon Vineyards,1059 Madison Street,Santa Clara,CA,95050,Unlicensed Supplier
X16065,Halcon Vineyards,1167D La Rochelle Terrace,Sunnyvale,CA,94089,Unlicensed Supplier
X14312,Hale Mary,7686 Bell Road,Windsor,CA,95492,Unlicensed Supplier
X12757,Hall Wines LLC,PO Box 777,Pinole,CA,94564,Unlicensed Supplier
X11587,Halleck Vineyard,8088 Washington Avenue,Sebastopol,CA,95472-3112,Unlicensed Supplier
X00507,Hambrecht Wine Group,4035 West Side Road,Healdsburg,CA,95448,Unlicensed Supplier
X13224,Hamel Family Wines,1501 Sonoma Highway,Sonoma,CA,95476,Unlicensed Supplier
X01387,Handley Cellars,P O Box 66,Philo,CA,95466,Unlicensed Supplier
X01736,Hanna Winery,414 Chinn Street,Santa Rosa,CA,95404,Unlicensed Supplier
X12446,Hannah Nicole Vineyards,6700 Balfour Road,Brentwood,CA,94513,Unlicensed Supplier
X11095,Hans Fahden Vineyards,4855 Petrifield Road,Calistoga,CA,94515,Unlicensed Supplier
X00187,Hanzell Vineyards,18596 Lomita Avenue,Sonoma,CA,95476,Unlicensed Supplier
X14731,Happy Hour,P O Box 4061,Palos Verdes Pennsula,CA,90274,Unlicensed Supplier
X01777,Harbor Winery,610 Harbor Boulevard,West Sacremento,CA,95691,Unlicensed Supplier
X01811,Harlan Estate,900 Meadow Lane,St Helena,CA,95574,Unlicensed Supplier
X16053,Harney Lane Winery,9010 E Harney Lane,Lodi,CA,95240,Unlicensed Supplier
X14493,Harrington Wines,1559 Custer Ave,San Francisco,CA,94124,Unlicensed Supplier
X14764,Harris Estate Vineyards,175 Tower Rd,American Canyon,CA,94503,Unlicensed Supplier
X16221,Harrow Cellars,150 Wagner Road,Sonoma,CA,95476,Unlicensed Supplier
X02138,Hartford Associates,P O Box 97,San Geronimo,CA,94963,Unlicensed Supplier
X03679,Harts Desire Wines,2062 Pinercrest Drive,Santa Rosa,CA,95403,Unlicensed Supplier
X02435,Hartwell Vineyards,5795 Silverado Trail,Napa,CA,94558,Unlicensed Supplier
X11236,Hathaway Trading Company,P O Box 721,Whittier,CA,90608,Unlicensed Supplier
X16134,Hatton Daniels,30C Mill Street,Healdsburg,CA,95448,Unlicensed Supplier
X00939,Havens Wine Cellars,1441 Calistoga Avenue,Napa,CA,94559,Unlicensed Supplier
X14359,Hawkes LLC,14255 Chalk Hill Road,Healdsburg,CA,95448,Unlicensed Supplier
X11253,Hawley Winery,6387 West Dry Creek Road,Healdsburg,CA,95448,Unlicensed Supplier
X02379,Headlands Estates,1100 Larkspur Land Circle,Larkspur,CA,94939,Unlicensed Supplier
X16157,Hearst Ranch Winery,7310 North River Road,Paso Robles,CA,93446,Unlicensed Supplier
X03599,Heathcote Cellars,336 Broadway Suite 14,Chico,CA,95926,Unlicensed Supplier
X11969,Heck Estates,P O Box 39000 Dept #05971,San Francisco,CA,94139,Unlicensed Supplier
X02851,Heck Estates Valley Of Moon,Kenwood Lake Sonoma,Kenwood,CA,95452,Unlicensed Supplier
X13076,Heintz Vineyards,P O Box B238,Occidental,CA,95465,Unlicensed Supplier
X00041,Heitz Wine Cellars,500 Taplin Road,St Helena,CA,94574,Unlicensed Supplier
X03258,Heller Estate Inc,69 West Carmel Valley Road,Carmel Valley,CA,93924,Unlicensed Supplier
X13834,Helwig Winery,11555 Shenandoah Rd`,Plymouth,CA,95669,Unlicensed Supplier
X03471,Hemingway & Hale,P O Box 15058,Irvine,CA,92623,Unlicensed Supplier
X11615,Hemisphere Wine Company,501 Parducci Road,Ukiah,CA,95482,Unlicensed Supplier
X16141,Hendry Ranch Wines,3104 Redwood Rd,Napa,CA,94558,Unlicensed Supplier
X00912,Hendry Winery,3104 Redwood Road,Napa,CA,94558,Unlicensed Supplier
X02411,Henry Hill & Company,P O Box 3989,Napa,CA,94558,Unlicensed Supplier
X12549,Henry Wine Group Of CA,4301 Industrial Way,Benicia,CA,94510,Unlicensed Supplier
X12134,Herman Story Wines,P O Box 15928,San Luis Obispo,CA,93406,Unlicensed Supplier
X00390,Heron Wines,2269 Chestnut St #861,San Francisco,CA,94123,Unlicensed Supplier
X15804,Hertelendy Vineyards,110 Camino Oruga,Napa,CA,94558,Unlicensed Supplier
X01106,Hess Collection,4411 Redwood road,Napa,CA,94558,Unlicensed Supplier
X16524,Hess Persson Estates,4411 Redwood Rd,Napa,CA,94558,Unlicensed Supplier
X11084,Hidden Ridge Vineyard,110 Camino Oruga,Napa,CA,94558,Unlicensed Supplier
X16947,High Camp Wines,3439 Ranchita Canyon Rd,San Miguel,CA,93451,Unlicensed Supplier
X11101,Highlands Winery,P O Box 3659,Napa,CA,94558,Unlicensed Supplier
X03463,Highrocks Winery,1809 Foothill Bl,Calistoga,CA,94515,Unlicensed Supplier
X12564,Highway 12 Winery,21481 8th St East Suite 3,Sonoma,CA,95476,Unlicensed Supplier
B00019,Hill & Thomas Wines,501 Parducci Road,Ukiah,CA,95482-3015,Unlicensed Supplier
X13770,Hill Family Estate,P O Box 3900,Yountville,CA,94599,Unlicensed Supplier
X16680,Hindsight Vineyards,2383 Mora ave,Calistoga,CA,94515,Unlicensed Supplier
X12609,Hirsch Winery & Vineyards,45075 Bohan Dillon Road,Cazadero,CA,95421,Unlicensed Supplier
X13719,Hitching Post,P O Box 365,Buellton,CA,93427,Unlicensed Supplier
X13775,Hobo Wine Company,2129 Grahn Dr,Santa Rosa,CA,95404,Unlicensed Supplier
X03280,Hollywood & Vine Cellars,P O Box 63,Rutherford,CA,94573,Unlicensed Supplier
X01478,Honey Run Winery,2309 Park Avenue,Chico,CA,95928,Unlicensed Supplier
X01415,Honig Cellars,2110 Scott Street,San Francisco,CA,94115,Unlicensed Supplier
X02774,Honig Vineyard & Winery,P O Box 406,Rutherford,CA,94573,Unlicensed Supplier
X14258,Hook & Ladder Winery,2134 Olivet Road,Santa Rosa,CA,95401,Unlicensed Supplier
X14944,Hook or Crook Cellars,5573 W Woodbridge Road,Lodi,CA,95242,Unlicensed Supplier
X10680,Hoopes Winery & Vineyard,P O Box 3180,Yountville,CA,94599,Unlicensed Supplier
X00314,Hop Kiln Winery,6050 Westide Road,Healdsburg,CA,95448,Unlicensed Supplier
X10831,Hope & Grace Wines,5584 Silverado Trail,Napa,CA,94558,Unlicensed Supplier
X12359,Hope Wine,17945 Sky Park Circle Ste E,Irvine,CA,92629,Unlicensed Supplier
X14188,Horse & Plow,1160 Hopper Ave,Santa Rosa,CA,95403,Unlicensed Supplier
B00672,Horus Aged Ales,4040 Calle Plantino Suite 120,Oceanside,CA,92056,Unlicensed Supplier
X10725,Hourglass Wine Co Inc,1104 Adams Street Suite 103,St Helena,CA,94574,Unlicensed Supplier
X13019,House Band Wines LLC,PO Box 2808,Santa Rosa,CA,95405,Unlicensed Supplier
X16059,Hudson Ranch,5396 Carneros Hwy,Napa,CA,94559,Unlicensed Supplier
X14515,Hudson Wine Brokers,20580 Eighth St. East,Sonoma,CA,95476,Unlicensed Supplier
X16102,Hudson Wines,5398 Carneros Hwy,Napa,CA,94559,Unlicensed Supplier
X10919,Hug Cellars,2323 Tinley Court Suite 120 D,Paso Robles,CA,93446,Unlicensed Supplier
B00785,Humble Sea Brewing Company,820 Swift St.,Santa Cruz,CA,95060,Unlicensed Supplier
B00161,Humboldt Brewing Company,P O Box 43,Arcata,CA,95518,Unlicensed Supplier
X10828,Hundred Acre Wine Distribution LLC,P O Box 1842,Windsor,CA,95492,Unlicensed Supplier
X10476,Huneeus Vintners LLC,P O Box 505,Rutherford,CA,94573,Unlicensed Supplier
X12702,Hunnicutt Vineyard,1860 Howell Mt Road,St Helena,CA,94574,Unlicensed Supplier
X11351,Hunter III Wines,P O Box 203,Saint Helena,CA,94574,Unlicensed Supplier
X02436,Hunter Wines Cellars,24401 Chianti Road,Geyersville,CA,95441,Unlicensed Supplier
X01567,Huntington Cellars,2630 Wimbledon Street,Napa,CA,94558,Unlicensed Supplier
X00989,Husch Vineyards,P O Box 189,Talmage,CA,95481,Unlicensed Supplier
X03563,Husic Vineyards LLC,414 Chinn Street,Santa Rosa,CA,95404,Unlicensed Supplier
X12961,Huwler Vineyards,447 Aviation Blvd,Santa Rosa,CA,95403,Unlicensed Supplier
X03088,IC La Bas,P O Box 113,Los Olivos,CA,93441,Unlicensed Supplier
X16342,INTERVINE INC,851 NAPA VALLEY CORPORATE WAY,NAPA,CA,94558,Unlicensed Supplier
X13725,Ian Brand Wines,P O Box 22178,Carmel,CA,93922,Unlicensed Supplier
X13003,Icaria Creek Winery,27750 Asti Road,Cloverdale,CA,95425,Unlicensed Supplier
X10496,Icon Estates,P O Box 407,Rutherford,CA,94573,Unlicensed Supplier
X01243,Ideal North America Inc,2227 Poplar Street,Oakland,CA,94607,Unlicensed Supplier
X14494,Idlewild Wines Inc,P O Box 431,Healdsburg,CA,95448,Unlicensed Supplier
X00119,Ilsley Vineyards,P O Box 3704,Yountville,CA,94599,Unlicensed Supplier
X03437,Impact Distribution,2800 Leavenworth Street #70,San Francisco,CA,94133,Unlicensed Supplier
X14164,Importers Direct Wholesale,1944 Gardona Ave,Glendale,CA,91204,Unlicensed Supplier
X16336,Inception Wines LLC,PO Box 11346,Carson,CA,90749,Unlicensed Supplier
X17022,Inconnu Wine,2511 Napa Valley Corp Dr. Ste 115,Napa,CA,94558,Unlicensed Supplier
X13279,Infinium Spirits,15 Enterprise,Aliso Viejo,CA,92656,Unlicensed Supplier
X16235,International Cellars,918 Enterprise Way Unit G,Napa,CA,94558,Unlicensed Supplier
X12141,International Vines,3326 Ridge Road #G,Lafayette,CA,94549,Unlicensed Supplier
X13891,Interrobang Wine Merchants,19150 Sonoma Hwy,Sonoma,CA,95476,Unlicensed Supplier
B00499,Iron Fist Brewing Co,1305 Hot Springs Way #101,Vista,CA,92081,Unlicensed Supplier
X01641,Ironstone Vineyards,5490 Bear Creek Road,Lodi,CA,95240,Unlicensed Supplier
X16391,J Brix,298 Enterprise St,Escondido,CA,92029,Unlicensed Supplier
X15620,J Dusi Inc,PO Box 115,Templeton,CA,93465,Unlicensed Supplier
X02249,J Lohr Winery,1000 Lenzen Avenue,San Jose,CA,95126,Unlicensed Supplier
X03570,J R Wagner Family Vineyards,6236 Silverado Trail,Napa,CA,94558,Unlicensed Supplier
X15089,J Reiss Wines,410-B JOHNSON ST,Sausalito,CA,94965,Unlicensed Supplier
X02299,J Vineyards and Winery,11447 Old Redwood Hwy,Healdsburg,CA,95448,Unlicensed Supplier
X13551,J Willett Companies,P O Box 30873,Santa Barbara,CA,93130,Unlicensed Supplier
X17048,J.G. JELKS WINES LLC,930 MCLAUGHLIN AVE,SAN JOSE,CA,95122,Unlicensed Supplier
X12302,J3 Wine Partners,5584 Silverado Trail,Napa,CA,94558,Unlicensed Supplier
X03676,JB Cellars,233 Lincoln Street,Healdsburg,CA,95448,Unlicensed Supplier
X11479,JC Cellars,1250 N McDowell Blvd,Petaluma,CA,94954,Unlicensed Supplier
X14443,JCK Wine Company,576 Gateway Dr,Napa,CA,94558,Unlicensed Supplier
X15994,JFC International Inc,7101 East Slauson Avenue,Los Angeles,CA,90087,Unlicensed Supplier
B00833,JIANT,"722 Pier Ave., Unit 4",Santa Monica,CA,90405,Unlicensed Supplier
X12391,JK Cellars,214 Grant Avenue Suite 325,San Francisco,CA,94108,Unlicensed Supplier
X11737,JK Estates Winery,8221 Stoney Creek Road,Fairplay,CA,95684,Unlicensed Supplier
X16887,JOLIE LAIDE WINES,21684 EIGHTH STREET EAST,SONOMA,CA,95476,Unlicensed Supplier
X10704,JRE Wines,530 N Regatta Drive,Vallejo,CA,94591,Unlicensed Supplier
X14618,JRV LLC,1 Kirkland Ranch Road,American Canyon,CA,94503,Unlicensed Supplier
X17033,JUNESHINE INC,10051 OLD GROVE RD,SAN DIEGO,CA,92131,Unlicensed Supplier
X11420,Jacaman Estate Wines,9701 Wilshire Blvd Tenth Floor,Beverly Hills,CA,90212,Unlicensed Supplier
X11033,Jack Creek Cellars,5265 Jack Creek Road,Templeton,CA,93465,Unlicensed Supplier
X13349,Jackhammer Wine Co,Po Box 1438,Topanga,CA,90290,Unlicensed Supplier
X00209,Jackson Family Farms,8741 Brooks Road South,Windsor,CA,95492,Unlicensed Supplier
X16903,Jackson Street Wine Warehouse,849 Jackson St. #3,Napa,CA,94559,Unlicensed Supplier
X11176,Jacuzzi Family Vineyards,P O Box 49235,San Jose,CA,95161-9235,Unlicensed Supplier
X13443,Jada Vineyard & Winery,5620 Vineyard Drive,Paso Robles,CA,93446,Unlicensed Supplier
X13795,Jaffe Estate,401 St Helena Hwy South,St Helena,CA,94574,Unlicensed Supplier
X02627,Jaffurs Wine Cellars,2319 Foothill Lane,Santa Barbara,CA,93105,Unlicensed Supplier
X14504,Jam Cellars,4202 Stage Gulch Road,Sonoma,CA,94564,Unlicensed Supplier
X10602,James Judd & Son Vineyards,4774 Mill road,Paso Robles,CA,93446,Unlicensed Supplier
X11461,Jamey Whetstone Wine Cellars,9380 Sonoma Hwy,Kenwood,CA,95452,Unlicensed Supplier
X14629,Jamieson Ranch Vineyards,1 Kirkland Ranch Rd  Ste 800,American Canyon,CA,94503,Unlicensed Supplier
X11114,Jana Winery,830 Fulton Lane,St Helena,CA,94574,Unlicensed Supplier
X16362,Janima Wines,1480 E Main Ave,Morgan Hill,CA,95037,Unlicensed Supplier
X03678,Jankris Winery,1266 N Bethel Road,Templeton,CA,93465,Unlicensed Supplier
X02465,Japan Prestige Sake International Inc,446 E 2nd Street,Los Angeles,CA,90012,Unlicensed Supplier
X11628,Jaqk Cellars,105 Zinfandel Lane,Saint Helena,CA,94574,Unlicensed Supplier
X02057,Jarvis,2970 Monticello Road,Napa,CA,94558,Unlicensed Supplier
X15129,Jason Stephens Winery,6500 Brem Lane,Gilroy,CA,95020,Unlicensed Supplier
X11185,Jax Vineyards,334 Brannan Street,San Francisco,CA,94107,Unlicensed Supplier
X01202,Jean Claude Boisset Wines USA,650 5th Street  Suite 402,San Francisco,CA,94107,Unlicensed Supplier
X16452,Jeff Cohn Cellars,1200 American Way,Windsor,CA,95492,Unlicensed Supplier
X12703,Jeff Gordon Cellars,10130 Commerical Avenue,Penn Valley,CA,95946,Unlicensed Supplier
X03089,Jeff Runquist Wines,587 Helen Drive,Ripon,CA,95366,Unlicensed Supplier
X12975,Jeff Wellburn Selections,7052 Sophia Avenue,Van Nuys,CA,91406,Unlicensed Supplier
X12119,Jemrose Vineyards,6628 Bennett Valley Road,Santa Rosa,CA,95404,Unlicensed Supplier
X11206,Jepson Vineyards,10400 South Highway 101,Ukiah,CA,95482-9613,Unlicensed Supplier
X10875,Jeriko Vineyards,12141 Hewlitt & Sturtevant Rd,Hopland,CA,95449,Unlicensed Supplier
X11415,Jessie's Grove Winery,1973 W Turner Road,Lodi,CA,95242,Unlicensed Supplier
X13002,Jettlynn Winery,355 N Lantana St #582,Camarillo,CA,93010,Unlicensed Supplier
X03199,Jewel Winery,P O Box 889,Woodbridge,CA,95258,Unlicensed Supplier
X11691,Jim Neal Wines,7830 7840 St Helena Highway,Oakville,CA,94562,Unlicensed Supplier
X03393,Joel Gott Wines,P O Box 539,St Helena,CA,94574,Unlicensed Supplier
X12586,John Anthony Vineyards,Zephyr Express,Napa,CA,94559,Unlicensed Supplier
X15854,John Curtis and Sons,837 Fifth Street #2,Santa Rosa,CA,95404,Unlicensed Supplier
X11926,John Eppler Wines,530 North Regatta Drive,Vallejo,CA,94591,Unlicensed Supplier
X11173,John Hawley Wines,6387 West Dry Creek Road,Healdsburg,CA,95448,Unlicensed Supplier
X03619,John Robert Eppler Wines,530 N Regatta Drive,Vallejo,CA,94591,Unlicensed Supplier
X12509,John and Michelle Cellars,1166 Commerce Blvd Suite D,American Canyon,CA,94503,Unlicensed Supplier
X00715,Johnson Turnbull,8210 St Helena Highway,Oakville,CA,94562,Unlicensed Supplier
X15021,Jon E Vino,1620 S Whitehall Ln,Saint Helena,CA,94574,Unlicensed Supplier
X02300,Jordan Vineyard & Winery,1474 Alexander Valley Rd,Healdsburg,CA,95448,Unlicensed Supplier
X11227,Joseph Family Vineyards,0300 Highway 128,Healdsburg,CA,95448,Unlicensed Supplier
X14297,Joseph Jewell Wines,P O Box 526,Forestville,CA,95436,Unlicensed Supplier
X00730,Joseph Swan Vineyards,1417 Laguana Road,Santa Rosa,CA,95404,Unlicensed Supplier
X01217,Joullian Vineyards Ltd,20300 Cachagua Road,Carmel Valley,CA,93924,Unlicensed Supplier
X12439,Julian Hard Cider,4468 Hwy 78,Julian,CA,92036,Unlicensed Supplier
X16690,Jumbo Time Wines,"21660 8th Street E, Bldg A",Sonoma,CA,95476,Unlicensed Supplier
X11298,Jus Soli Winery,292 Maple Avenue,Kenwood,CA,95452,Unlicensed Supplier
X10687,Juslyn Vineyards,257 Walnut Street Suite A,Napa,CA,94559,Unlicensed Supplier
X12731,KC Jones Wine Co,P O Box 1656,Santa Rosa,CA,95402,Unlicensed Supplier
X16788,KELSEY PHELPS WINES LLC,499 MOORE LN,HEALDSBURG,CA,95448,Unlicensed Supplier
X14203,KENDALL JACKSON WINE ESTATES,1150 KITTYHAWK BLVD,SANTA ROSA,CA,94503,Unlicensed Supplier
X14045,KENNETH SCOTT LIKITPRAKONG,2129 GRAHN DRIVE,SANTA ROSA,CA,95404,Unlicensed Supplier
X14271,KLJ CELLARS,1015 MURRAY DR,SANTA MARIA,CA,93454,Unlicensed Supplier
X14255,KLJ Cellars,1015 Murray Dr,Santa Maria,CA,93454,Unlicensed Supplier
X14479,Kadiem Cellars,120 Shadewell Drive,Danville,CA,94506,Unlicensed Supplier
X00253,Kalin Cellars,61 Galli Drive,Novato,CA,94947,Unlicensed Supplier
X03163,Kalyra Winery,343 N Refugio Road,Santa Ynez,CA,93460,Unlicensed Supplier
X02951,Kamen Estate Wines,P O Box 1404,Sonoma,CA,95476,Unlicensed Supplier
X12511,Kapcsandy Family Winery,P O Box 3717,Yountville,CA,94599,Unlicensed Supplier
X02759,Karl Lawrence Cellars,8338 St Helena Highway,Rutherford,CA,94573,Unlicensed Supplier
X00588,Karley Wines,P O Box 729,Plymouth,CA,95689,Unlicensed Supplier
X16768,Karolus Wine Imports,PO Box 12,oakville,CA,94562,Unlicensed Supplier
X03617,Kathryn Hall Vineyards,401 St Helena Hwy South,St Helena,CA,94574,Unlicensed Supplier
X02381,Kathryn Kennedy Winery,13180 Pierce Road,Saratoga,CA,95070,Unlicensed Supplier
X13223,Keefer Ranch Wines,7686 Bell Road,Windsor,CA,95492,Unlicensed Supplier
X02532,Kelham & MacLean Winery,360 Zinfandel Lane,St Helena,CA,94578,Unlicensed Supplier
X03515,Keller Estate,5875 Lakeville Highway,Petaluma,CA,94954,Unlicensed Supplier
X03502,Keller Estate,5875 Lakeville Highway,Petaluma,CA,94954,Unlicensed Supplier
X02802,Kent Rasmussen Winery,1001 Silverado Trail,St Helena,CA,94574,Unlicensed Supplier
X10837,Kenward Family Wines,1241 Adams Street #1045,Saint Helena,CA,94574,Unlicensed Supplier
X00421,Kenwood Vineyards,9592 Sonoma Highway,Kenwood,CA,95452,Unlicensed Supplier
X13065,Kenzo Estate Inc,3200 Monticello Road,Napa,CA,94558,Unlicensed Supplier
X12201,Keplinger Wines,P O Box 10993,Napa,CA,94581,Unlicensed Supplier
X00455,Kermit Lynch Wine Merchant,1605 San Pablo Avenue,Berkeley,CA,94702,Unlicensed Supplier
X14653,Kesner Wines,P O Box 87,Healdsburg,CA,95448,Unlicensed Supplier
X12412,Ketcham Estate LLC,448 Ignacio Blvd Suite 177,Novato,CA,94947,Unlicensed Supplier
X11978,Kimberton Wines,860 Kaiser Road Suite 1,Napa,CA,94558,Unlicensed Supplier
X02796,Kingston Family Vineyards,520 La Mesa Drive,Portola Valley,CA,94028,Unlicensed Supplier
X14196,Kinsella Estates,7686 Bell Rd,Windsor,CA,95492,Unlicensed Supplier
X03486,Kirkland Knightsbridge LLC,P O Box 6769,Napa,CA,94581,Unlicensed Supplier
X02557,Kirkland Ranch Winery,1 Kirkland Ranch Road,Napa,CA,94558,Unlicensed Supplier
X02760,Kismet Wine Inc,554 Michael Drive,Sonoma,CA,95476,Unlicensed Supplier
X00456,Kistler Vineyards,4707 Vine Hill Road,Sebastopol,CA,95472-2236,Unlicensed Supplier
X03480,Kitfox Vineyards,12470 Locke Road Bldg 100,Lockeford,CA,95237,Unlicensed Supplier
X11547,Kiwi Distributing Inc,8457 A South Eastern Avenue,Bell Gardens,CA,90201,Unlicensed Supplier
X03555,Klassen Wines,66 Scott Street Suite B,Murphys,CA,95247,Unlicensed Supplier
B00560,Knee Deep Brewing,13395 New Airport Road,Auburn,CA,95602,Unlicensed Supplier
X14034,Knez Winery,7686 Bell Rd,Windsor,CA,95492,Unlicensed Supplier
X12199,Knights Bridge Winery,1373 Lincoln Ave,Calistoga,CA,94515,Unlicensed Supplier
X15066,Knuttel Family Wines,20580 Eighth St East,Sonoma,CA,95476,Unlicensed Supplier
X12154,Kobalt Wines,PO Box 4346,Napa,CA,94558,Unlicensed Supplier
X01108,Kohnan Inc,One Executive Way,Napa,CA,94558,Unlicensed Supplier
X12909,Kongsgaard Vineyard,4375 Atlas Peak Raod,Napa,CA,94558,Unlicensed Supplier
X01250,Konrad Estate,3620 Road B,Redwood Valley,CA,95470,Unlicensed Supplier
X11068,Kosta Browne,6905 Southpoint Avenue,Sebastopol,CA,95472,Unlicensed Supplier
X13057,Kristine Ashe Vineyards,1222 Money Way,St Helena,CA,94574,Unlicensed Supplier
X15116,Krupp Brothers,1094 HARDMAN AVE,Napa,CA,94558,Unlicensed Supplier
X10824,Krupp Winery,5055 Solano Avenue Suite N,Napa,CA,94558,Unlicensed Supplier
X12610,Krutz Family Cellars,1301 Cleveland Avenue,Santa Rosa,CA,95401,Unlicensed Supplier
X10654,Kuleto Villa LLC,2460 Sage Canyon Road,Saint Helena,CA,94574,Unlicensed Supplier
X01229,Kunde Enterprises,P O Box 639,Kenwood,CA,95452,Unlicensed Supplier
X03540,Kunin Wines,1390 Redsail circle,Westlake Village,CA,91361,Unlicensed Supplier
X14520,Kynsi Winery,2212 Corbett Canyon Rd,Arroyo Grande,CA,93420,Unlicensed Supplier
X02853,Kysela Imports Inc,701 Del Norte Blvd #155,Thousand Oaks,CA,93030,Unlicensed Supplier
X15850,L & F Brands,262 La Rambla,San Clemente,CA,92673,Unlicensed Supplier
X02504,L Uvaggio Di Giacomo,2820 St Helena Highway N,St Helena,CA,94574,Unlicensed Supplier
X11437,L Watson Inc,16393 Wimbledon Lane,Huntington Beach,CA,92649,Unlicensed Supplier
X10822,L'Angevin Wines,PO Box 2368,Yountville,CA,94599,Unlicensed Supplier
X10423,LAC Products,724 Thompson Avenue,Glendale,CA,91201,Unlicensed Supplier
B00892,LAC Products,724 Thompson Ave,Glendale,CA,91201,Unlicensed Supplier
X17216,LANGTRY FARMS LLC,21000 BUTTS CANYON RD,MIDDLETOWN,CA,95461,Unlicensed Supplier
X12805,LLV Wines LLC,1855 Spring Mountain Road,Saint Helena,CA,94574,Unlicensed Supplier
X17362,LULI WINES,3354 COFFEY LANE,SANTA ROSA,CA,95403,Unlicensed Supplier
X14391,La Clarine Farm,P O Box 245,Somerset,CA,95684,Unlicensed Supplier
X17380,La Competencia Imports,,Napa,CA,-,Unlicensed Supplier
X10396,La Famiglia,2201 Westside Road,Healdsburg,CA,95448,Unlicensed Supplier
X02926,La Famiglia Bologna Inc,505 29th Avenue,San Francisco,CA,94121,Unlicensed Supplier
X00827,La Jota Vineyard Co,P O Box 636,St Helena,CA,94574,Unlicensed Supplier
X15644,La Mision Associates,9475 Nicola Tesla Ct Ste C,San Diego,CA,92154,Unlicensed Supplier
X16831,La Onda,1219 Kains Ave,Berkeley,CA,94706,Unlicensed Supplier
X01259,La Playa Vineyards,P O Box 918,Tiburon,CA,94920,Unlicensed Supplier
X00196,La Rocca Vineyards,P O Box 541,Forest Ranch,CA,95942,Unlicensed Supplier
X02439,La Sirena,P O Box 441,Calistoga,CA,94515,Unlicensed Supplier
X11510,La Tour Vineyards,5 Montague Place,San Francisco,CA,94133,Unlicensed Supplier
X03248,Ladera Winery,4326 Big Ranch Road,Napa,CA,94558,Unlicensed Supplier
X02413,Laetitia Vineyards & Winery LLC,453 Laetitia Vineyard Drive,Arroyo Grande,CA,93420,Unlicensed Supplier
X10432,Lagier Meredith Vineyard,4242 Big Ranch Road,Napa,CA,94558,Unlicensed Supplier
B00061,Lagunitas Brewing Company,1280 North McDowell,Petaluma,CA,94954,Unlicensed Supplier
X15399,Lail Vineyards,PO Box 777,Pinole,CA,94564,Unlicensed Supplier
X12785,Laird Family Estate,5055 Solana Avenue,Napa,CA,94558,Unlicensed Supplier
X01763,Lake Sonoma,P O Box 447,Kenwood,CA,95452,Unlicensed Supplier
X00240,Lakespring Winery,2055 Hoffman Lane,Napa,CA,94558,Unlicensed Supplier
X00802,Lambert Bridge Winery,4085 Lambert Bridge Winery,Healdsburg,CA,95448,Unlicensed Supplier
X01569,Lamborn Family,P O Box 864,Angwin,CA,94508,Unlicensed Supplier
X02664,Lancaster Winery,15001 Chalk Hill Road,Healdsburg,CA,95448,Unlicensed Supplier
X14854,Land of Promise,825 Denbeste Court,Windsor,CA,95492,Unlicensed Supplier
X15544,Land of Saints Wine Company LLC,P O Box 822,Los Alamos,CA,93440,Unlicensed Supplier
X16491,Lando Wines,1200 AMERICAN WAY,Windsor,CA,95492,Unlicensed Supplier
X01995,Lane Tanner,P O Box 286,Santa Maria,CA,93456,Unlicensed Supplier
X01326,Lang,783 Broadway,Sonoma,CA,95476,Unlicensed Supplier
X10604,Lang & Reed Wine Company,P O Box 662,St Helena,CA,94574,Unlicensed Supplier
X11850,Lang Wines,46 Thunderbird Drive,Novato,CA,94949,Unlicensed Supplier
X13613,Lange Twins Wine Company,1525 E Jahant Road,Acampo,CA,95220,Unlicensed Supplier
X11907,Langtry Estate and Vineyard,21000 Butts Canyon Road,Middletown,CA,95461-9606,Unlicensed Supplier
X03622,Lapis Luna,1612 Jefferson St Suite 3,Templeton,CA,93465,Unlicensed Supplier
X11069,Larkin,P O Box 3178,Yountville,CA,94599,Unlicensed Supplier
X02953,Larkmead Vineyards,38 Alcatraz Avenue,Belvedere,CA,94920,Unlicensed Supplier
X11394,Larocca Vineyards,P O Box 541,Forest Ranch,CA,95942,Unlicensed Supplier
X12575,Larson Family Winery,23355 Millerick Road,Sonoma,CA,95476,Unlicensed Supplier
X12657,Larue Wines LLC,21692 8th St East Suite 300,Sonoma,CA,95476,Unlicensed Supplier
X13369,Lasseter Family Winery,1 Vintage Lane,Glen Ellen,CA,95442,Unlicensed Supplier
X01595,Latcham Vineyards,P O Box 80,Aukum,CA,95656,Unlicensed Supplier
X11083,Latitude Wines,190 Hartz Ave Suite 200,Danville,CA,94526,Unlicensed Supplier
X11014,Lattanzio Wines,P O Box 14273,Santa Rosa,CA,95402,Unlicensed Supplier
X00993,Laurel Glen Vineyard,P O Box 728,Santa Rosa,CA,95402,Unlicensed Supplier
X01532,Lava Cap Winery,2221 Fruitridge Road,Placerville,CA,95667,Unlicensed Supplier
X01177,Lazy Creek Vineyard,4610 Highway 128,Philo,CA,95466,Unlicensed Supplier
X03506,Le Snoot Winery,13692 Solitaire Way,Irvine,CA,92620,Unlicensed Supplier
X11183,LeRoy Inc,1201 Andersen Dr,San Rafael,CA,94901,Unlicensed Supplier
X10553,Leal Vineyards,300 Maranatha Drive,Hollister,CA,95023,Unlicensed Supplier
X16474,Lebanese Arak Corp,724 Thompson ave,gledale,CA,91201,Unlicensed Supplier
B00258,Lebanese Arak Corporation,710 Ruberta Avenue,Glendale,CA,91201,Unlicensed Supplier
X14774,Lebanese Arak Corporation,724 Thompson Ave,Glendale,CA,91201,Unlicensed Supplier
X13991,Ledge Vineyards,3230 Riverside Ave,Paso Robles,CA,93446,Unlicensed Supplier
X00622,Leducq Vineyards,3222 Ehler's Lane,St Helena,CA,94574,Unlicensed Supplier
X01388,Leeward Winery,2784 Johnson Drive,Ventura,CA,93003,Unlicensed Supplier
X14652,Leo Steen Wines,P O Box 1444,Healdsburg,CA,95448,Unlicensed Supplier
X15655,Les Lunes Wine,13 Cascade Lane,Orinda,CA,94563,Unlicensed Supplier
X14313,Leto Cellars,P O Box 66,Rutherford,CA,94573,Unlicensed Supplier
X14435,Levendi Winery,175 Tower Road,American Canyon,CA,94503,Unlicensed Supplier
X13589,Leviathan Wine Company LLC,1461 Railroad Avenue,St Helena,CA,94574-1125,Unlicensed Supplier
X01755,Lewis Cellars,524 El Cerrito Ave,Hillsborough,CA,94558,Unlicensed Supplier
X01439,Liberty School,4280 Secondwind Way,Paso Robles,CA,93447,Unlicensed Supplier
X13242,Lieu Dit Winery,PO Box 30873,Santa Barbara,CA,93130,Unlicensed Supplier
X00263,Limerick Lane Cellars,1023 Limerick Lane,Healdsburg,CA,95440,Unlicensed Supplier
X15299,Limerick Lane Cellars,1023 Limerick Ln,Healdsburg,CA,95448,Unlicensed Supplier
X15345,Lincoln Square Wine Co,3070 Limestone Way,Paso Robles,CA,93446,Unlicensed Supplier
X10652,Linne Calodo,3845 Oakdale Road,Paso Robles,CA,93446,Unlicensed Supplier
X11352,Lioco Wine Company,11151 Missouri Avenue,Los Angeles,CA,90025,Unlicensed Supplier
X11554,Lion Nathan USA Inc,6 Brittany Lane,Chico,CA,95926,Unlicensed Supplier
X00121,Lion's Peak,1402 Spring Street,Paso Rables,CA,93446,Unlicensed Supplier
X02885,Liparita Cellars,410 La Fata Street #200,St Helena,CA,94574,Unlicensed Supplier
X14324,Liquid Farm/Water & Wood LLC,2006 N Refugio Rd,Santa Ynez,CA,93460,Unlicensed Supplier
X13602,Lisa Lisa Incorporated,2111 Mill Creek Road,Healdsburg,CA,95448,Unlicensed Supplier
X01690,Litorrai,1985 Vineyard Ave,St Helena,CA,94574,Unlicensed Supplier
X13035,Little Lion Wine Company,1377 Main Street Suite 2,St Helena,CA,94574,Unlicensed Supplier
X11851,Littorai Wines,788 Gold Ridgr Road,Sebastopol,CA,95472,Unlicensed Supplier
X02017,Livermore Valley Wine Group,5565 Tesla Road,Livermore,CA,94550,Unlicensed Supplier
X11145,Livingston Moffett Wines,3775 Brickway Blvd Suite 120,Santa Rosa,CA,95403,Unlicensed Supplier
X00803,Livingston Vineyards,1895 Cabernet Lane,St Helena,CA,94574,Unlicensed Supplier
X14481,Llaurador Wines LLC,85 Bolinas Road Suite 14,Fairfax,CA,94930,Unlicensed Supplier
X14141,Lo Fi Wines,65 Los Padres Way,Buellton,CA,93427,Unlicensed Supplier
X16578,Lo Fi Wines,PO Box 574,Los Alamos,CA,93440,Unlicensed Supplier
X00543,Lockwood Vineyards,9777 Blue Larkspur LN Ste 102,Monterey,CA,03040,Unlicensed Supplier
X02918,Lodi Wine Group,Lodi Distribution Center,Lodi,CA,94240,Unlicensed Supplier
X14353,Lola Wines,916 Foothill Blvd,Calistoga,CA,94573,Unlicensed Supplier
X01392,Lolonis Winery,1930 Tice Valley Blvd,Walnut Creek,CA,94595,Unlicensed Supplier
X11541,Londer Vineyards,4830 Monte Bloyd Road,Philo,CA,95466,Unlicensed Supplier
X03420,Long Meadow Ranch Winery,1775 Whitehall Lane,St Helena,CA,94574,Unlicensed Supplier
X01308,Long Vineyards,P o Box 50,St Helena,CA,94574,Unlicensed Supplier
X10936,Longboard Vineyards,414 Chinn Street,Santa Rosa,CA,95404,Unlicensed Supplier
X11192,Longoria Wines,2935 Grand Avenue,Los Olivos,CA,93441,Unlicensed Supplier
X02342,Lorenza Lake Winery,1764 Scott Street,St Helena,CA,94574,Unlicensed Supplier
X02517,Lorenzi & Shipman,P O Box 7074,Corte Madera,CA,94976,Unlicensed Supplier
X10920,Loring Wine Company,1601 W Central Unit F,Lompoc,CA,93436,Unlicensed Supplier
X15453,Lost & Found Wines,,Petaluma,CA,23703,Unlicensed Supplier
X10437,Lost Canyon Winery,1017 22nd Avenue Suite 300,Oakland,CA,94606,Unlicensed Supplier
B00264,Lost Coast Brewery & Cafe,617 Fourth Street,Eureka,CA,95501-1013,Unlicensed Supplier
X16833,Lotte Beverage America Corp,3600 Wilshire Blvd,Los Angeles,CA,90010,Unlicensed Supplier
B00366,Lotte Corp,3600 Wilshire Blvd 836,Los Angeles,CA,90010,Unlicensed Supplier
X11574,Loxton Cellars,P O Box 79,Glen Ellen,CA,95442,Unlicensed Supplier
X11965,Lucas & Lewellen Vineyards,1645 Copenhagen Drive,Solvang,CA,93463,Unlicensed Supplier
X17196,Lucidity Wine Merchants,Giuseppe LoCascio,Sacramento,CA,95831,Unlicensed Supplier
X16266,Lumen,2310 Westgate Rd #7 & 8,Santa Maria,CA,93455,Unlicensed Supplier
X02904,Luna Vineyards,2921 Silverado Trail,Napa,CA,94558,Unlicensed Supplier
X10892,Lutea Wine Cellars,446 Orchard Street,Santa Rosa,CA,95404,Unlicensed Supplier
X10416,Lynmar Vineyards,3909 Frei Road,Sebastapol,CA,95472,Unlicensed Supplier
X00360,M G Vallejo,1883 London Ranch Road,Glen Ellen,CA,95442,Unlicensed Supplier
X15179,MALDONADO,644 B Hanna Drive,American Canyon,CA,94503,Unlicensed Supplier
X16040,MATTHEW WALLACE WINES,2371 POPE CANYON ROAD,ST HELENA,CA,94574,Unlicensed Supplier
X17161,MBB WINES LLC,6705 CRISTO LN,SANTA ROSA,CA,95409,Unlicensed Supplier
X15725,MCBRIDE SISTERS COLLECTIONS INC,6114 LASALLE AVENUE SUITE 280,OAKLAND,CA,94611,Unlicensed Supplier
X15891,MCV Wines,"3773 Ruth Way, Suite A",Paso Robles,CA,93446,Unlicensed Supplier
X03636,MDM Distribution,1972 Scott Street,San Francisco,CA,94155,Unlicensed Supplier
X15909,MEDLOCK AMES VINTNERS LLC,13414 CHALK HILL RD,HEALDSBURGG,CA,95448,Unlicensed Supplier
B00689,MODERN TIMES BEER,3725 GREENWOOD ST,SAN DIEGO,CA,92110,Unlicensed Supplier
X16916,MOLLYDOOKER WINES,1471 FIRST STREET,CALISTOGA,CA,94515,Unlicensed Supplier
X14693,MOONE TSAI VINEYARDS,270 Kreuzer Lane,Napa,CA,94559,Unlicensed Supplier
X15998,MORLEY WINERY LLC,435 W DRY CREEK RD,HEALDSBURG,CA,95448,Unlicensed Supplier
X17378,MOUNT VEEDER SPRINGS LLC,3730 SILVERADO TRAIL,ST HELENA,CA,94574,Unlicensed Supplier
X17392,MPL BRANDS PATCO BRND KIRKLND,PO BOX 379,CORTE MADERA,CA,94976,Unlicensed Supplier
X16886,MS WINES LLC,21481 8TH ST EAST STE 25 &30,SONOMA,CA,95476,Unlicensed Supplier
X14293,MTGA Wines,958 McCorkle Ave,Saint Helena,CA,94574,Unlicensed Supplier
X10836,MX wines,1348 B Lincoln Avenue,Calistoga,CA,94515,Unlicensed Supplier
B00556,MYANMAR BEER,11070 HIRSCHFELD WAY,RANCHO CORDOVA,CA,95670,Unlicensed Supplier
X01186,Mac Rostie Winery,17246 Woodland Avenue,Sonoma,CA,95476,Unlicensed Supplier
X13418,Mac Wines,35265 Willow Avenue,Clarksburg,CA,95612,Unlicensed Supplier
X11187,MacLean Wines,1075 Buchli Station Road,Napa,CA,94558,Unlicensed Supplier
X11693,MacPhail Family Wines,851 Magnolia Drive,Healdsburg,CA,95448,Unlicensed Supplier
B00104,Mad River Brewing Co Inc,P O Box 767,Blue Lake,CA,95525,Unlicensed Supplier
X02581,Maddalena Vineyard,737 Lamar Street,Los Angeles,CA,90031,Unlicensed Supplier
X16086,Madgridal Family Vineyard,3718  St Helena Hwy,Calistoga,CA,94515,Unlicensed Supplier
X13192,Madonna Estate,5400 Old Sonoma Road,Napa,CA,94559,Unlicensed Supplier
X02675,Madrigal  Vineyards,3718 North Street Helena Hwy,Calistoga,CA,94515,Unlicensed Supplier
X12917,Madrona Property Company,4951 W Soda Rock Lane,Healdsburg,CA,95448,Unlicensed Supplier
X01596,Madrona Vineyards,P O Box 454,Camino,CA,95709,Unlicensed Supplier
X13233,Magave Tequila,2280 Union Street,San Francisco,CA,94123,Unlicensed Supplier
X12071,Magnanimus Wine Group,1686 Union Street Suite 212,San Francisco,CA,94123,Unlicensed Supplier
X14402,Maison Marques and Domaines,"383 Fourth St, Ste 400",Oakland,CA,94607,Unlicensed Supplier
X01486,Maisons Marques & Domaines USA,383 Fourth Street Suite 400,Oakland,CA,94607,Unlicensed Supplier
X16171,Maitre de Chai,2323 4th St. Suite B,Bergkeley,CA,94710,Unlicensed Supplier
X03473,Majestic Brands Inc,145 Town & Country Drive Suite 106,Danville,CA,94526,Unlicensed Supplier
X16989,Maker Wine,700 Crocker Dr,Vacaville,CA,95688,Unlicensed Supplier
X10733,Maldonado Wines,1460 Grayson Avenue,St Helena,CA,94574,Unlicensed Supplier
X10661,Malibu Family Wines,32111 Mulholland Hwy,Malibu,CA,90265,Unlicensed Supplier
X11036,Manzoni,30981 River Road,Soledad,CA,93960,Unlicensed Supplier
X13780,Marcassin,PO Box 68,Windsor,CA,95492,Unlicensed Supplier
X16233,Marchelle Wines,4950 Ross Road,Sebastopol,CA,95472,Unlicensed Supplier
X16111,Marciano Estate,2233 Sulphur Springs Rd,St Helena,CA,94574,Unlicensed Supplier
X12877,Margerum Wine Company,PO Box 824,Los Olivos,CA,93441,Unlicensed Supplier
X17060,Margins Wine,2487 Freedom Blvd,Watsonville,CA,95076,Unlicensed Supplier
X02414,Marietta Cellars,P O Box 1436,Healdsburg,CA,95448,Unlicensed Supplier
X12611,Marietta Cellars Inc,PO Box 800,Greyserville,CA,95441,Unlicensed Supplier
X13540,Marimar Estate Vineyards and Winery,Alexander Valley Cellars,Windsor,CA,95492,Unlicensed Supplier
X01766,Marimar Torres Estate,11400 Graton Road,Sebastopol,CA,95472,Unlicensed Supplier
B00058,Marin Brewing Co Ltd,1809 Larkspur Landing Circle,Lakspur,CA,94939,Unlicensed Supplier
X14292,Mario Bazan Cellars,1784 Monticello Rd,Napa,CA,94558,Unlicensed Supplier
X01721,Mario Perelli Minetti Winery,1443 Silverado Trail,Rutherford,CA,94011,Unlicensed Supplier
X14610,Marisco Vineyards,30211 Avenida de las Banderas,Rancho Santa Margarita,CA,92688,Unlicensed Supplier
X11949,Maritime Wine Trading Collective,"3001 19th Street, Ste 201",San Francisco,CA,94110,Unlicensed Supplier
X13609,Mark Herold Wines,710 First Street,Napa,CA,94559,Unlicensed Supplier
X00329,Markham Vineyards,P O Box 636,St Helena,CA,94574,Unlicensed Supplier
X03398,Marston Family Vineyard,251 Channing Way #17,San Rafael,CA,94903,Unlicensed Supplier
X11143,Martella Wines,17287 Skyline Blvd,Woodside,CA,94062,Unlicensed Supplier
X16910,Martha Stoumen,5230 McFarlane Rd,Sebastopol,CA,95472,Unlicensed Supplier
X10783,Martin Estate,PO Box 390,Rutherford,CA,94573,Unlicensed Supplier
X03228,Martin Family Vineyards,P O Box 1532,Healdsburg,CA,95448,Unlicensed Supplier
X02992,Martin Ray Winery,2191 Laguna Road Suite C,Santa Rosa,CA,95401,Unlicensed Supplier
X12544,Martinelli Winery,4325 Santa Rosa Avenue,Santa Rosa,CA,95407-8278,Unlicensed Supplier
X12950,Martinelli Winery,3360 River Road,Windsor,CA,95492,Unlicensed Supplier
X01312,Martines Wines,285 Bel Marin Keys Suite Q,Novato,CA,94949,Unlicensed Supplier
X16272,Mason Ale Works,255 Rebel Rd,San Marcos,CA,92078,Unlicensed Supplier
B00739,Mason Ale Works,255 Rd Rebel,San Marcos,CA,92078,Unlicensed Supplier
X02254,Mason Cellars,5 Heritage Court,Yountville,CA,94599,Unlicensed Supplier
X12500,Matadorvino LLC,5975 Vista Loop,San Jose,CA,95124,Unlicensed Supplier
X00458,Matanzas Creek Winery,6097 Bennett Valley Road,Santa Rosa,CA,95404,Unlicensed Supplier
X15856,Matchbook Wine Company,PO Box 493,Zamora,CA,95698,Unlicensed Supplier
X11762,Mathis Wine,287 1st Street W,Sonoma,CA,95476,Unlicensed Supplier
X15949,Matthew Rorick Wines,P O Box 11065,Napa,CA,94581,Unlicensed Supplier
X13867,Matthiasson Family Vineyards,5225 Solano Ave,Napa,CA,94558,Unlicensed Supplier
X11165,Mauritson Family Winery,P O Box 2068,Healdsburg,CA,95448,Unlicensed Supplier
X01480,Maverick Brands,83 Park Place,Ukiah,CA,95482,Unlicensed Supplier
X17240,Maxville Winery,4105 Chiles Pope Valley Road,Saint Helena,CA,94574,Unlicensed Supplier
B00848,Maxwell & Bessie Inc,146 S Spaulding Drive,Beverly Hills,CA,90212,Unlicensed Supplier
X00451,Mayacamas Vineyards,1155 Lokoya Road,Napa,CA,94558,Unlicensed Supplier
X00211,Mayo Family winery,9200 Sonoma Highway,Kenwood,CA,95452,Unlicensed Supplier
X00848,Mazzocco Vineyards,1400 Lytton Springs Road,Healdsburg,CA,95448,Unlicensed Supplier
X12091,McCrorie Family Vineyard,3106 Silverado Trail,Napa,CA,94559,Unlicensed Supplier
X01059,McDowell Valley Vineyards,P O Box 449,Hopland,CA,95449,Unlicensed Supplier
X14964,McEvoy Ranch,PO BOX 341,Petaluma,CA,94952,Unlicensed Supplier
X13358,McFadden Farm,1600 Powerhouse Road,Potter Valley,CA,95469,Unlicensed Supplier
X00516,McKenzie Mueller Vnyd & winery,2530 Las Amigas Road,Napa,CA,94559,Unlicensed Supplier
B00075,McKenzie River Corporation,117 Greenwich Street,San Francisco,CA,94111,Unlicensed Supplier
X11197,McNab Ridge Winery,2350 McNab Ranch Road,Ukiah,CA,95482,Unlicensed Supplier
X12151,McPrice Myers Wine Co,2622 Silverwood Way,Paso Robles,CA,93446,Unlicensed Supplier
X11406,Meander LLC,P O Box 146,St Helena,CA,94574,Unlicensed Supplier
X10518,Medlock Ames Winery,PO Box 1921,Sebastopol,CA,95473,Unlicensed Supplier
X01211,Meeker Vineyard,5377 Dry Creek Road,Healdsburg,CA,95448-9786,Unlicensed Supplier
X14755,Melinda Kearney Wine Marketing LLC,1104 Adams Street,Saint Helena,CA,94574,Unlicensed Supplier
X02440,Melka Cellars,4242 Big Ranch Road,Napa,CA,94558,Unlicensed Supplier
X12548,Mellowood Vineyard,2979 Mellow Wood Drive,Fairplay,CA,95684,Unlicensed Supplier
X03160,Melville Winery,5185 E Highway 246,Lompoc,CA,93436,Unlicensed Supplier
X15948,Mending Wall Winery,3730 Silverado Trail N,St Helena,CA,94574,Unlicensed Supplier
X03442,Mendocino Cellars LLC,2350 McNab Ranch Road,Ukiah,CA,95482,Unlicensed Supplier
X03583,Mendocino Wine Group LLC,501 Parducci Road,Ukiah,CA,95482,Unlicensed Supplier
X01780,Mer Et Soleil,P O Box 35,Rutherford,CA,94573,Unlicensed Supplier
X02101,Merchant Vintner Imports,1839 Ygnacio Valley Road #210,Walnut Creek,CA,94598,Unlicensed Supplier
X02558,Meredith Vineyard Estate Inc,8132 Speer Ranch Road,Forestville,CA,95436,Unlicensed Supplier
X10809,Merlo Vineyards,191 Hartnell Avenue,Redding,CA,96002,Unlicensed Supplier
X10430,Merryvale Vineyards,1000 Main Street,St Helena,CA,94574,Unlicensed Supplier
X13726,Meteor Vineyards,2181 North Third Ave,Napa,CA,94558,Unlicensed Supplier
X14314,Mettler Family Vineyards,2350 McNab Ranch Rd,Ukiah,CA,94582,Unlicensed Supplier
X11682,Meyer Family Cellars,19750 Hwy 128,Yorkville,CA,95494,Unlicensed Supplier
X10880,Mi Sueno,860 Kaiser Road Suite 1,Napa,CA,94558,Unlicensed Supplier
X00906,Mi Sueno Cellars,1001 Broadmoor Drive,Napa,CA,94558,Unlicensed Supplier
X03152,Michael David Vineyards,4580 West Highway 12,Lodi,CA,95242,Unlicensed Supplier
X11881,Michael Pozzan Winery,1205 Randolph Street,Napa,CA,94559,Unlicensed Supplier
X10572,Michael Scott Wines Ltd,2993 Brookwood Dr,Napa,CA,94558-4904,Unlicensed Supplier
X12497,Michael Sullberg Wines,12001 South Highway 99,Manteca,CA,95336,Unlicensed Supplier
X02650,Michel Schlumberger,P O Box 1350,Suison City,CA,94585,Unlicensed Supplier
X02588,Midnight Cellars,2867 Township Road,Paso Robles,CA,93446,Unlicensed Supplier
X11981,Midsummer Cellars,107 Lilac Lane,St Helena,CA,94574,Unlicensed Supplier
X01679,Mietz Cellars,602 Limerick Lane,Healdsburg,CA,95448,Unlicensed Supplier
X02731,Mildara Blass Inc,P O Box 368,Windsor,CA,95492,Unlicensed Supplier
X14373,Mill Creek Vineyards & Winery,P O Box 758,Healdsburg,CA,95448,Unlicensed Supplier
B00616,Millennium Products,4646 Hampton Street,Los Angles,CA,90058,Unlicensed Supplier
X15584,Miller Family Wine Company,2717 Aviation Way Suite 101,Santa Maria,CA,93455,Unlicensed Supplier
X10499,Miller Wine Works,Po Box 3148,Napa,CA,94558,Unlicensed Supplier
X02503,Miner Family Winery,P O Box 367,Oakville,CA,94562,Unlicensed Supplier
X13567,Mira Winery,105 Zinfandel Lane,St Helena,CA,94514,Unlicensed Supplier
X03094,Miranda Family Winemakers,Pier 23 The Embarcadero Suite 201,San Francisco,CA,94111,Unlicensed Supplier
X11598,Miro Cellars,412 S Franklin Street,Cloverdale,CA,95425,Unlicensed Supplier
X02697,Mission Bell Winery,12667 Road 24,Madera,CA,93639,Unlicensed Supplier
B00443,Mission Brewery Inc,1441 L Street,San Diego,CA,92101,Unlicensed Supplier
X11719,Miura Vineyards,1160B Hopper Avenue,Santa Rosa,CA,95403,Unlicensed Supplier
X16812,Modus Operandi Cellars LLC,3125 St Helena Hwy N,Saint Helena,CA,94574,Unlicensed Supplier
X10427,Moffet Marketing,580 Foothill Boulevard,Napa,CA,94558,Unlicensed Supplier
X11600,Mojou's Bench,PO Box 1849,Healdsburg,CA,95448,Unlicensed Supplier
X12729,Mommy Juice Wines,1 Hummingbird Lane,San Martin,CA,95046,Unlicensed Supplier
B00604,Monkish Brewing Co,20311 S Western Ave,Torrance,CA,90501,Unlicensed Supplier
X15131,Mono Verde Imports,277 Pleasant St Unit 317,Pasadena,CA,91101,Unlicensed Supplier
X10728,Mont La Salle Altar Wines,999 Adams Street 105,St Helena,CA,94574,Unlicensed Supplier
X00994,Mont St John,5400 Old Sonoma Road,Napa,CA,94558,Unlicensed Supplier
X13785,Montagna Napa Valley,141 Long Ranch Rd,Saint Helena,CA,94574-9403,Unlicensed Supplier
X00601,Monte Lago Vineyards & Winery,744 Longridge Road,Oakland,CA,94610,Unlicensed Supplier
X16074,Monte Rio Partners LLC,6780 McKinley St,Sebastopol,CA,95472,Unlicensed Supplier
X10859,Montemaggiore,2355 W Dry Creek Road,Healdsburg,CA,95448,Unlicensed Supplier
X10586,Monterey Wine Company,P O Box 489,Los Altos,CA,94023-0489,Unlicensed Supplier
X00440,Monticello Cellars,4242 Big Ranch Road,Napa,CA,94558,Unlicensed Supplier
B00824,Moonraker Brewing,12970 Earhart Ave,Auburn,CA,95602,Unlicensed Supplier
X01039,Morgan Winery,One Celera Canyon,Salinas,CA,93908,Unlicensed Supplier
X10707,Mosaic Vineyards,9119 Graton Road,Graton,CA,95444,Unlicensed Supplier
X10648,Mosby Vintners,9496 Santa Rosa Road,Buellton,CA,93417,Unlicensed Supplier
X14840,Moshin Vineyards,10295 Westside Road,Healdsburg,CA,95448,Unlicensed Supplier
X10407,Mosley Winery Services,2008 Holly Street,Yountville,CA,94599,Unlicensed Supplier
X00849,Mount Eden Vineyards,22020 Mount Eden Road,Saratoga,CA,95078,Unlicensed Supplier
X02139,Mount Palomar Winery,33820 California Road,Temecula,CA,92591,Unlicensed Supplier
X14578,Mountain Peak Vineyards LLC,3730 N Silverado Trail,St Helena,CA,94574,Unlicensed Supplier
X03644,Mountain Peoples,110 Springhill Drive #10,Grass Valley,CA,95945,Unlicensed Supplier
X00930,Mountain View Vineyards,1561 S Novato Blvd Suite A,Novato,CA,94947-4100,Unlicensed Supplier
X14247,Mountain View Vintners,"1480 E Main Street, Ste 1",Morgan Hill,CA,95037,Unlicensed Supplier
X13015,Mouton Noir Wines,163 Camino dorado,Napa,CA,94558,Unlicensed Supplier
B00038,Moylan's Brewing Co Ltd,15 Rowland Way,Novato,CA,94945,Unlicensed Supplier
X12576,Mt Beautiful USA,1060 Grant Street Suite 2A,Benicia,CA,94510-0000,Unlicensed Supplier
X12767,Mueller Winery,6301 Starr Road,Windsor,CA,95492,Unlicensed Supplier
X00749,Murphy Goode Estate Winery,4001 Highway 128,Geyserville,CA,95441,Unlicensed Supplier
X14243,Muscardini Cellars,9380 Sonoma Highway,Kenwood,CA,95452,Unlicensed Supplier
X13603,Mustache Mentors,460 Seaport Circle Suite 220,Redwood City,CA,94063,Unlicensed Supplier
X03095,Mutt Lynch,465 Stony Point #222,Santa Rosa,CA,95401-5969,Unlicensed Supplier
B00212,Mutual Trading Co Inc,431 Crocker Street,Los Angeles,CA,90013,Unlicensed Supplier
X02321,Mutual Wholesale Liquor,4510 South Boyle Avenue,Vernon,CA,90058,Unlicensed Supplier
X14013,N2 Wines,7415 St Helena,Yountville,CA,94559,Unlicensed Supplier
X16269,NINE SUNS LLC,200 LONG RANCH RD,ST HELENA,CA,94574,Unlicensed Supplier
X15728,NMK Wine Consulting,531 Jade St,Petaluma,CA,94952,Unlicensed Supplier
X17411,NORTH AMERICAN FOOD DISTRIBUTING CO INC,3969 INDUSTRIAL BLVD,WEST SACRAMENTO,CA,95691,Unlicensed Supplier
B00938,NORTH AMERICAN FOOD DISTRIBUTING CO INC,3969 INDUSTRIAL BLV,WEST SACRAMENTO,CA,95691,Unlicensed Supplier
X15460,NZ Winr Navigator,235 Montgomery Street 30th Floor,San Francisco,CA,94104,Unlicensed Supplier
X00828,Nalle Winery,P O Box 454,Healdsburg,CA,95448,Unlicensed Supplier
X03269,Namdar & Son Inc,P O Box 728,Kentfield,CA,94904,Unlicensed Supplier
X01652,Napa Beaucanon Company,41 Sutter St #1178,St Helena,CA,94104,Unlicensed Supplier
X14329,Napa L'Attidute LLC,5255 Solano Avenue,Napa,CA,94558,Unlicensed Supplier
X03499,Napa Redwoods Estate,4723 Redwood Road,Napa,CA,94558,Unlicensed Supplier
X02456,Napa Ridge Coastal Wines,6342 Bystrum Road,Ceres,CA,95307,Unlicensed Supplier
X02457,Napa Ridge Winery,P O Box 51528,Los Angeles,CA,95307,Unlicensed Supplier
B00427,Napa Smith Brewery,1 Executive Way,Napa,CA,94558,Unlicensed Supplier
X12490,Napa Station,447 Aviation Blvd,Santa Rosa,CA,95403,Unlicensed Supplier
X11030,Napa Valley Altar Wine,999 Adams Ste 105,St Helena,CA,94574,Unlicensed Supplier
X00995,Napa Valley Specialty Wines Inc,385A La Fata Street,St Helena,CA,94574,Unlicensed Supplier
X13261,Napa Vintage Storage,221 Devlin Road,Napa,CA,94558,Unlicensed Supplier
X03201,Napa Wine Company,7830 40 St Helena Highway,Oakville,CA,94562,Unlicensed Supplier
X14585,Natural Selections,P O Box 989,St. Helena,CA,94574,Unlicensed Supplier
X12933,Navarro Vineyards,PO Box 47,Philo,CA,95466,Unlicensed Supplier
X10968,Neal Family Vineyards,716 Lipacita Road,Angwin,CA,94508,Unlicensed Supplier
X01273,Nelson Estate Vineyard,18700 Geyserville Avenue,Geyserville,CA,95441,Unlicensed Supplier
X01986,Nevada County Wine Guild,11372 Winter Moon Way,Nevada City,CA,95959,Unlicensed Supplier
X01987,New Parrott & Company,5565 Tesla Road,Livermore,CA,94550,Unlicensed Supplier
X03154,New Vine Logistics,125 Mazzetta Court,American Canyan,CA,94503,Unlicensed Supplier
X13705,New Vineland LLC,1501 East Chesnut Court Unit E,Lompoc,CA,93436,Unlicensed Supplier
X00221,New World Wines,2 Henry Adams St  Suite 466,San Francisco,CA,94103,Unlicensed Supplier
X01402,Newlan Vineyards,5225 Solano Avenue,Napa,CA,94558,Unlicensed Supplier
X00850,Newton Vineyard,2555 Madrona Avenue,St Helena,CA,94574,Unlicensed Supplier
X13662,Next Generation Wine Co,20580 Eighth Street East,Sonoma,CA,95476,Unlicensed Supplier
X03123,Nexus Importing,Box 20593,El Sobrante,CA,94803,Unlicensed Supplier
X00928,Neyers Winery,P O Box 1028,St Helena,CA,94574,Unlicensed Supplier
X15693,Nichelini Family Winery,2950 Canyon Road,St Helena,CA,94574,Unlicensed Supplier
X13965,Nicholas Allen Wines,163 Camino Dodrado,Napa,CA,94559,Unlicensed Supplier
X02019,Nichols Winery and Cellar,8180 Manitoba Street,Playa Del Rey,CA,90293,Unlicensed Supplier
X11198,Nicholson Ranch,4200 Napa Road,Sonoma,CA,95476,Unlicensed Supplier
X00486,Nickel & Nickel,P O Box 327,Oakville,CA,94562,Unlicensed Supplier
X13297,Niebaum Coppola Estate Winery,1460 Niebaum Lane,Rutherford,CA,94573,Unlicensed Supplier
X13847,Nimrod Wines,1471 First St,Calistoga,CA,94515,Unlicensed Supplier
X10591,Nine North Wine Company,5584 Silverado Trail,Napa,CA,94558,Unlicensed Supplier
X12663,Niner Wine Estates,5921 Birkdale Lane,San Luis Obispo,CA,93401,Unlicensed Supplier
X12111,Niven Family Wine Estates,4915 Orcutt Road,San Luis Obispo,CA,93401,Unlicensed Supplier
X16419,Nomadic Distribution,5934 Zelzah Ave,Encino,CA,91316,Unlicensed Supplier
X15249,Nomadica Co,12655 W Jefferson Blvd,Los Angeles,CA,90066,Unlicensed Supplier
X12401,NorCal Winery & Distillery,4950 Ross Road,Sevastopol,CA,95472,Unlicensed Supplier
X01740,Norman Vineyards,7450 Vineyard Drive,Paso Robles,CA,93446,Unlicensed Supplier
X02155,North Berkeley Imp,1505 Shattuck Avenue,Berkeley,CA,94709,Unlicensed Supplier
B00007,North Coast Brewing Co Inc,444 North Main Street,Fort Bragg,CA,95437,Unlicensed Supplier
X03268,Nova Wines Inc,953 Galleron Lane,St Helena,CA,94574,Unlicensed Supplier
X11894,Novy Cellars,160 Wikiup Drive Suite 206,Santa Rosa,CA,95403,Unlicensed Supplier
X11020,Nuccio and Wise,3452 Redwood Road,Napa,CA,94558,Unlicensed Supplier
X10436,O'Brien Family Vineyards,1200 Orchard Avenue,Napa,CA,94558,Unlicensed Supplier
X17245,O'NEILL BEVERAGES CO LLC,101 LARKSPUR LANDING CIRCLE,LARKSPUR,CA,94939,Unlicensed Supplier
X13156,O'Neil Vintners & Distillery,8418 S Lac Jac Avenue,Parlier,CA,93648,Unlicensed Supplier
X11736,O'Neil Vosti Wines,PO Box 2430,Napa,CA,94558,Unlicensed Supplier
X15925,O'Neill Vintners & Distillery,8418 South Lac Jac Ave,Parlier,CA,93648,Unlicensed Supplier
X01134,O'Shaughnessy Estate Winery,P O Box 923,Angwin,CA,94508,Unlicensed Supplier
X12400,Oak Cliff Cellars,849 Jackson Street #3,Napa,CA,94559,Unlicensed Supplier
X15156,Oak Farm Vineyards,23627 N. DeVries Road,Lodi,CA,95242,Unlicensed Supplier
X01373,Oakville Ranch Vineyards,524 Cerrito Avenue,Hillsborough,CA,94100,Unlicensed Supplier
X12855,Oasis Wines,5998 Silverado Trail,Napa,CA,94558,Unlicensed Supplier
X15760,Obac Warehouse,230 Madison Street,Oackland,CA,94607,Unlicensed Supplier
X14775,Obsession Wine Co,P O Box 430,Oakville,CA,94562,Unlicensed Supplier
X13080,Obsidian Ridge Wine Co,440 Grand Ave Ste 320,Oakland,CA,94610,Unlicensed Supplier
X14158,Occidental Wine,4707 Vine Hill Rd,Sebastopol,CA,95472,Unlicensed Supplier
X15167,Oceano Wines,270 Kreuzer Ln,Napa,CA,94559,Unlicensed Supplier
X13346,Odisea Wine Company,2511 Napa Valley Corp Dr,Napa,CA,94558,Unlicensed Supplier
X15178,Ojai Vineyard,770 Skyway Court,Napa,CA,-,Unlicensed Supplier
X00787,Ojai Vineyard  The,P O Box 952,Oakview,CA,93022,Unlicensed Supplier
X01393,Old Bridge Cellars,703 Jefferson Street,Napa,CA,94559,Unlicensed Supplier
X13849,"Old Vine Wine Partners, LLC",5584 Silverado Trail,Napa,CA,94558,Unlicensed Supplier
X15098,Old World Wine CA,10810 Inland Ave,Mira Loma,CA,91752,Unlicensed Supplier
X17407,Oleandri,1732 Jefferson Street Suite 1,Napa,CA,94559,Unlicensed Supplier
X02382,Oliver Caldwell Cellars,1241 Adams St #1073,St Helena,CA,94574,Unlicensed Supplier
X16356,Oliver McCrum Wines,2373 Woolsey St,Berkeley,CA,94705,Unlicensed Supplier
X16085,Oliver McCrum Wines & Spirits,545 Sanchez Street,San Franciscon,CA,94114,Unlicensed Supplier
X10580,Olson Ogden Wines,P O Box 2559,Sebastopol,CA,95473,Unlicensed Supplier
X11338,One True Vine,1050 Adams Street Ste C,St Helena,CA,94574,Unlicensed Supplier
X14773,One Vine Wines,12934 Francine Terrace,Poway,CA,92064,Unlicensed Supplier
X15771,One Vine Wines,2643 Industrial Parkway,Santa Maria,CA,93455,Unlicensed Supplier
X15469,One87 Wine and Cocktails LLC,265 Lambard Road Suite A,American Cyn,CA,94503,Unlicensed Supplier
X12984,OneHope Wine,17945 Sky Park Circle Suite E,Irvine,CA,92614,Unlicensed Supplier
X14513,Opal Moon Winery,21660 8th St East 3C,Sonoma,CA,95476,Unlicensed Supplier
X12484,Opolo Wines,7110 Vineyard Drive,Paso Robles,CA,93446,Unlicensed Supplier
X01040,Optima Wine Cellars,P O Box 1691,Healdsburg,CA,95448,Unlicensed Supplier
X02583,Opus One Winery LLC,1144 Oakville Cross Road,Oakville,CA,94562,Unlicensed Supplier
X11023,Orchid Hill Wine,23978 Connecticut Street,Hayward,CA,94545,Unlicensed Supplier
X10703,Oreana Winery Cellar,205 Anacapa Street,Santa Barbara,CA,93101,Unlicensed Supplier
X03186,Orfila Vineyards Inc,13455 San Pasqual Road,Escondido,CA,92025,Unlicensed Supplier
X10849,Orin Swift Cellars,116 First Street,Napa,CA,94559,Unlicensed Supplier
X01629,Orleans Hill Winery,P O Box 1254,Woodland,CA,95776,Unlicensed Supplier
X12985,Osocalis Inc,5579 Old San Jose Road,Soquel,CA,95073,Unlicensed Supplier
X12143,Osseus Wine Company,2548 Brunswick Drive,Santa Maria,CA,93455,Unlicensed Supplier
X16037,Otos Wine Co,559 Walten Way,Windsor,CA,95492,Unlicensed Supplier
X11983,Outpost Winery,2076 Summit Lake Drive,Angwin,CA,94508,Unlicensed Supplier
X13207,Ovid Vineyards,255 Long Ranch Road,Saint Helena,CA,94574,Unlicensed Supplier
X12488,Owl Ridge Wine Services,2064 Gravenstein Highway N Building 1 Suite 120,Sebastopol,CA,95472,Unlicensed Supplier
X14628,PACIFIC RIM WIN LOGISTICS,125 S MAIN STREET SUITE 311,SEBASTOPAOL,CA,95472,Unlicensed Supplier
X17261,PALI WINE CO,401 Wilshire Blvd,Santa Monica,CA,90401,Unlicensed Supplier
X17363,PAULA KORNELL SPARKLING,4201 ST HELENA HWY,CALISTOGA,CA,94515,Unlicensed Supplier
X16893,PAX MAHLE WINES LLC,6780 MCKINLEY ST,SEBASTOPOL,CA,95472,Unlicensed Supplier
X14077,PAYDIRT WINES LLC,2323 TULEY ROAD SUITE 110,PASO ROBLES,CA,93446,Unlicensed Supplier
X14421,PHILO RIDGE VINEYARDS,14125 CA - 128,Boonville,CA,95415,Unlicensed Supplier
X15967,PILCROW,95 WINEDALE LN,NAPA,CA,94558,Unlicensed Supplier
X16181,PRECISION BRAND COLLECTION WINE & SPIRITS LLC,1241 ADAMS ST,SAINT HELENA,CA,94574,Unlicensed Supplier
X16257,PRESTIGE WORLDWIDE WINE COMPANY LLC,181 YULUPA CIRCLE,SANTA ROSA,CA,95405,Unlicensed Supplier
B00774,PROTECTOR BREWERY,8680 MIRALANI DRIVE,SAN DIEGO,CA,92126,Unlicensed Supplier
X01232,PWG Vintners USA Inc,2700A Napa Valley Corporate Dr,Napa,CA,94558-7552,Unlicensed Supplier
X14331,Pacific Edge Wine & Spirits,5155 Clareton Dr Suite 100,Agoura Hills,CA,91301,Unlicensed Supplier
X11885,Pacific International Liquor Inc,4800 S Alameda Street,Vernon,CA,90058,Unlicensed Supplier
X11339,Pacific Oasis Winery,PO Box 789,Ceres,CA,95307,Unlicensed Supplier
X03017,Pacific Star,33000 North Highway One,Fort Bragg,CA,95437,Unlicensed Supplier
X15594,Pacific Wine Distributors,15751 Tapia St,Irwindale,CA,91706,Unlicensed Supplier
X10677,Pacific Wine Partners,800 south Alta Street,Gonzales,CA,93926,Unlicensed Supplier
X02727,Pacifica Imports,369 South Main Street,Sebastopol,CA,95472,Unlicensed Supplier
X00948,Pahlmeyer,P O Box 4142,Napa,CA,94558,Unlicensed Supplier
X11430,Palisades Wine,3130 Old Lawley Toll Road,Calistoga,CA,94515,Unlicensed Supplier
X13109,Palmateer Consulting,P O Box 150398,San Rafael,CA,94915,Unlicensed Supplier
X11903,Palmaz Vineyards,4029 Hagen Road,Napa,CA,94558,Unlicensed Supplier
X01910,Paloma Vineyard,4013 Spring Mountain Road,St Helena,CA,94754,Unlicensed Supplier
X10603,Panacea Wine Company Inc,205B Jim Oswald Way,American Canyon,CA,94503,Unlicensed Supplier
X02955,Pandrama Brewing Company,409 Spring Street,Nevada City,CA,95959,Unlicensed Supplier
X03242,Paoletti Estates Winery,4501 Siverado Trail,Calistoga,CA,94515,Unlicensed Supplier
X12625,Papapietro Perry Winery,4791 Dry Creek Road,Healdsburg,CA,95448,Unlicensed Supplier
X01751,Paradigm Winery,PO Box 3329,Yountville,CA,94599,Unlicensed Supplier
X01842,Paradise Ridge Winery,4545 Thomas Lake Harris Drive,Santa Rosa,CA,95403,Unlicensed Supplier
X17359,Parady Family Wines,5875 Pope Valley Rd,Pope Valley,CA,94567,Unlicensed Supplier
X17366,Parady Family Wines LLC,5875 Pope Valley Rd,Pope Valley,CA,94567,Unlicensed Supplier
X02087,Paraiso Springs,38060 Paraiso Springs Road,Soledad,CA,93960,Unlicensed Supplier
X10868,Paralell Wines,2920 Spring Mountain Road,St Helena,CA,94574,Unlicensed Supplier
X11200,Paras Vineyards,1150 Lombard Street,San Francisco,CA,94558,Unlicensed Supplier
X00231,Parducci Wine Estates,501 Parducci Road,Ukiah,CA,95482-3015,Unlicensed Supplier
X14817,Parmeson Wines,2859 Dry Creek Rd,Healdsburg,CA,95448-8230,Unlicensed Supplier
X16810,Parr Wines LLC,P O Box 907,Cambria,CA,93428,Unlicensed Supplier
X00062,Parrott & Co Inc,5565 Tesla Road,Livermore,CA,94550,Unlicensed Supplier
X03261,Partridge Cellars LLC,13875 Cerritos Corp Drive,Cerritos,CA,90703,Unlicensed Supplier
X10428,Patianna Organic Vineyards,6552 Red Winery Road,Geyserville,CA,95441,Unlicensed Supplier
X14588,Patrick McNeil Wines,194 Camino Oruga,Napa,CA,94558,Unlicensed Supplier
X14587,Patrick McNeil Wines,2323 Tuley Court  Suite 110,Paso Robles,CA,93446,Unlicensed Supplier
X02698,Patz & Hall,P O Box 5479,Napa,CA,94581-0479,Unlicensed Supplier
X01401,Paul Hobbs Imports Inc,3355 Gravenstein Hwy N,Sebastopol,CA,95472-2327,Unlicensed Supplier
X14248,Paul Hobbs Winery,3355 Gravenstein Highway North,Sebastopol,CA,95472,Unlicensed Supplier
X13641,Paul Lato Wines,P O Box 6761,Santa Maria,CA,93456,Unlicensed Supplier
X03203,Pavi Wines,1360 Main Street Suite A,St Helena,CA,94574,Unlicensed Supplier
X03590,Pavilion Winery,5055 Soland Avenue,Napa,CA,94558,Unlicensed Supplier
X03187,Pax Wine Cellars LLC,3352D Coffey Lane,Santa Rosa,CA,95403,Unlicensed Supplier
X01282,Peachy Canyon Winery,RT 1 Box 115C,Paso Robles,CA,93446,Unlicensed Supplier
X02836,Peak Wines International,22281 Chianti Road,Geyserville,CA,95441,Unlicensed Supplier
X15454,Peake Ranch,2445 Alamo Pintado Avenue,Los Olivos,CA,93441,Unlicensed Supplier
X11495,Pear Valley Vineyard,1 Sierra Vista,Laguna Niguel,CA,92677,Unlicensed Supplier
X11468,Peay Vineyards,207 N Cloverdale Blvd #201,Cloverdale,CA,95425,Unlicensed Supplier
X17239,Pedroncelli Winery,1220 Canyon Road,Geyserville,CA,95441,Unlicensed Supplier
X01642,Peirano Estate Vineyards,P O Box 1992,Lodi,CA,95241,Unlicensed Supplier
X13606,Peju Province,PO Box 478,Rutherford,CA,94571,Unlicensed Supplier
X01717,Peju Province Winery,8466 St Helena Hwy,Rutherford,CA,94573,Unlicensed Supplier
X13611,Pelerin Wines,11530 Hidden Hills Road,Carmel Valley,CA,93924,Unlicensed Supplier
X00763,Pellegrini Family Vineyards,272 South Maple Avenue,South San Francisco,CA,94080,Unlicensed Supplier
X11080,Peltier Station,1002 Black Diamond Way,Lodi,CA,95242,Unlicensed Supplier
X15333,Peltier Winery,22150 N Kennefick Road,Acampo,CA,95220,Unlicensed Supplier
X14405,Pence,1235 W McCoy Ln,Santa Maria,CA,93455,Unlicensed Supplier
X01756,Pepperwood Springs,1200 Holmes Ranch Road,Philo,CA,94566,Unlicensed Supplier
X13133,Perata Vineyards,5055 Solano Ave,Napa,CA,94558,Unlicensed Supplier
X14189,Percy Selections,899 Green St,San Francisco,CA,94133,Unlicensed Supplier
X14344,Perelada,30211 Avenida de la Banderas 2nd FL,Rancho Santa Margarita,CA,92688,Unlicensed Supplier
X03018,Pessagno Winery,22704 Picador Drive,Salinas,CA,93908,Unlicensed Supplier
X02666,Peter Franus Wine Company,P O Box 10575,Napa,CA,94581,Unlicensed Supplier
X01758,Peter McCoy Vineyards,17050 Highway 128,Calistoga,CA,94515,Unlicensed Supplier
X01304,Peter Michael Winery,12400 Ida Clayton Road,Calistoga,CA,94515,Unlicensed Supplier
X02599,Peterson Winery,1040 Lytton Springs Road,Healdsburg,CA,95448,Unlicensed Supplier
X15239,Peterson Winery,4791 Dry Creek Rd,Healdsburg,CA,95488,Unlicensed Supplier
X12720,Petit Hameau,638 Lindero Canyon Rd #223,Oak Park,CA,91377,Unlicensed Supplier
X10596,Pettrone Winery,1170 Bel Arbres Road,Redwood Valley,CA,95470,Unlicensed Supplier
X02699,Pezzi King Vineyards,3805 Lambert Bridge Road,Healdsburg,CA,95448,Unlicensed Supplier
X12811,PharaohMoans,1040 Main Street Suite 100,St Helena,CA,94559,Unlicensed Supplier
X01648,Philip Staley Vineyards & Winery,P O Box 1657,Healdsburg,CA,95448,Unlicensed Supplier
X01457,Philip Togni Vineyard,P O Box 81,St Helena,CA,94574,Unlicensed Supplier
X01228,Phillipe Lorraine,1630 Vineyard Street,St Helena,CA,94574,Unlicensed Supplier
X03016,Phillips Farms,4580 West Highway 12,Lodi,CA,95242,Unlicensed Supplier
X00278,Phillips Hogue,26836 Country Road 12A,Esparto,CA,95627,Unlicensed Supplier
X02632,Phillips Vineyards,4580 West Highway 12,Lodi,CA,95242,Unlicensed Supplier
X03422,Phoenix Vineyards & Winery,3175 Dry Creek Road,Napa Valley,CA,94558,Unlicensed Supplier
X11125,Piaceri Wines LLC,P O Box 309,Fulton,CA,95439,Unlicensed Supplier
X13254,Pianetta Winery,PO Box 190,San Mighuel,CA,93451,Unlicensed Supplier
X13377,Picnic Wine Company LLC,5200 Wild Horse Valley Road,Napa,CA,94558,Unlicensed Supplier
X12724,Piedrasassi,1501 E Chestnut Avenue,Lompoc,CA,93436,Unlicensed Supplier
X00961,Pietra Santa,10034 Cienega Road,Hollister,CA,95023,Unlicensed Supplier
X01252,Pine Ridge Winery,5901 Silverado Trail,Napa,CA,94558,Unlicensed Supplier
X03464,Pipestone Vineyards,2040 Niderer Road,Paso Robles,CA,93446,Unlicensed Supplier
X13034,Pisoni Vineyards,P O Box 908,Gonzales,CA,93926,Unlicensed Supplier
X11544,Plata Wine Partners,855 Bordeaux Way Suite 100,Napa,CA,94558,Unlicensed Supplier
X10466,Platense Wines,Pier 23 The Emarcadero,San Francisco,CA,94111,Unlicensed Supplier
X02125,Plume Ridge,1485 Andrew Drive,Claremont,CA,91773-5766,Unlicensed Supplier
X02956,PlumpJack Winery,620 Oakville Cross Road,Napa,CA,94558,Unlicensed Supplier
X15533,Poe Wines,292 Kaanapali Dr,Napa,CA,94558,Unlicensed Supplier
X10958,Point Concepcion,PO Box 3440,Lompol,CA,93438,Unlicensed Supplier
X12794,Polaris Wines LLC,855 Bordeaux Way Suite 260,Napa,CA,94558,Unlicensed Supplier
X14355,Pomar Junction Vineyard,5036 South El Pomar Rd,Templeton,CA,93465,Unlicensed Supplier
X11129,Popcorn Wine Group,824A Healdsburg Avenue,Healdsburg,CA,95448,Unlicensed Supplier
X13640,Pope Valley Winery,10130 Commerical Avenue,Penn Valley,CA,95946,Unlicensed Supplier
X00998,Poppy Hill,5400 Old Sonoma Road,Napa,CA,94559,Unlicensed Supplier
X17083,Por que no Selections,594 29th Street,San Francisco,CA,94131,Unlicensed Supplier
X14662,Porch Pounder,"45 N Main St, Bldg 2",Templeton,CA,93465,Unlicensed Supplier
X11396,Portalupi Wine Company,195 Sour Ridge Court,Healdsburg,CA,95448,Unlicensed Supplier
X14323,Porter BAss,11750 Mays Canyon Rd,Guerneville,CA,95446,Unlicensed Supplier
X03557,Porter Creek Vineyards,8735 Westside Road,Healdsburg,CA,95448,Unlicensed Supplier
X12519,Porter Family Vineyard,1189 Green Valley Road,Napa,CA,94558,Unlicensed Supplier
X13911,Post Parade Wines,P O Box 3386,Yountville,CA,-,Unlicensed Supplier
X15755,Powell & Son,1671 James Drive,Carlsbad,CA,92008,Unlicensed Supplier
X11035,Praxis Cellars,561 Mission Boulevard,Santa Rosa,CA,95409,Unlicensed Supplier
X14875,Precision Wine Co,15 Marsala Way,Napa,CA,94558,Unlicensed Supplier
X03465,Preiss Imports,10360 Sorrento Valley Road Suite E,San Diego,CA,92121,Unlicensed Supplier
B00278,Preiss Imports,10360 Sorrento Valley Rd Ste E,San Diego,CA,92121,Unlicensed Supplier
X12673,Premier Wine Brokers,2993 Brookwood Drive,Napa,CA,94558,Unlicensed Supplier
X15565,Premier Wine Group,135 Third Street,San Rafael,CA,94901,Unlicensed Supplier
X01328,Premium Brands,5400 Old Sonoma Road,Napa,CA,94559,Unlicensed Supplier
X17386,Premium Distributing,5901 Bolsa Ave,Huntington Beach,CA,92647,Unlicensed Supplier
X01404,Premium Port Wines Inc,280 Utah Street,San Francisco,CA,94103,Unlicensed Supplier
X15971,Presqu'ile Winery,5691 Presqu'ile Dr,Santa Maria,CA,93455,Unlicensed Supplier
X16358,Prestige Wine Co,"100 E St, Ste 202",Santa Rosa,CA,95404-4606,Unlicensed Supplier
X00427,Preston Winery,9282 W Dry Creek Road,Healdsburg,CA,95448,Unlicensed Supplier
X03564,Pretty Sally,182 Brookside Drive,Portola Valley,CA,94028,Unlicensed Supplier
X02837,Pride Mountain Vineyards,4026 Spring Mountain Road,St Helena,CA,94574,Unlicensed Supplier
X16642,Promontory Winery,1022 Main St,Saint Helena,CA,94574,Unlicensed Supplier
X17275,Provenance Vineyards,5573 W. Woodbridge Rd,Lodi,CA,95242,Unlicensed Supplier
X12183,Punk Dog Wines,918 Enterprise Way Suite G,Napa,CA,94558,Unlicensed Supplier
B00677,Pure Project,9030 Kenamar Dr. #308,San Diego,CA,92121,Unlicensed Supplier
X12623,PureCos LLC,3439 Brookside Road Suite 204,Stockton,CA,95219,Unlicensed Supplier
X03309,Purple Wine Company,617 2nd Street,Petaluma,CA,94952,Unlicensed Supplier
X02061,Pyramids The,5875 Lakeville Highway,Petaluma,CA,94954,Unlicensed Supplier
X11826,Quady Winery,P O Box 728,Madera,CA,93689,Unlicensed Supplier
X00381,Quail Ridge,3230 Mount Veeder Road,Napa,CA,94558,Unlicensed Supplier
X10467,Quintessa Winery,1601 Silverado Trail,Rutherford,CA,94573,Unlicensed Supplier
X03440,Quintessential LLC,1310 2nd Street,Napa,CA,94559-2941,Unlicensed Supplier
X00770,Quivira Vineyards,4900 West Dry Creek Road,Healdsburg,CA,95448,Unlicensed Supplier
X11912,Quixote LLC,6126 Silverado Trail,Napa,CA,94558,Unlicensed Supplier
X13043,Quo Vino LLC,1082 Vine Street #272,Healdsburg,CA,95448,Unlicensed Supplier
X00950,Qupe,P O Box 440,Los Olivos,CA,93441,Unlicensed Supplier
X12414,R  B Wine Associates,499 Moore LN,Healdsburg,CA,95448,Unlicensed Supplier
X12465,R & B Cellars Inc,1835 San Jose Avenue,Alameda,CA,94501-4126,Unlicensed Supplier
X11043,R & G Schatz Farms,18247 North Tretheway Road,Lockeford,CA,95237,Unlicensed Supplier
X12761,R & W Vineyards,15060 Montebello Road,Cupertino,CA,95014,Unlicensed Supplier
X00794,R H Phillips Hogue,26836 Country Road 12A,Esparto,CA,95627-2139,Unlicensed Supplier
X00807,R O Imports,P O Box 306,St Helena,CA,94574,Unlicensed Supplier
X12847,R8 Wine Company,21692 Eighth Street East Suite 340,Sonoma,CA,95476,Unlicensed Supplier
X14745,RAINER WINE LLC,160 WIKIUP DR,SANTA ROSA,CA,95403-9540,Unlicensed Supplier
X14740,RAYMOND VINEYARD,849 ZINFANDEL LANE,ST HELENA,CA,94574,Unlicensed Supplier
X16883,RB Wine Associates,499 & 451 Moore Lane,Healdsburg,CA,95448,Unlicensed Supplier
X12890,RBZ Vineyards,1653 Old Price Canyon Road,San Luis Obispo,CA,93401,Unlicensed Supplier
X12886,RE:Wined LLC,P O Box 1124,windsor,CA,95492,Unlicensed Supplier
X14860,RHYS VINEYARDS,11715 SKYLINE BLVD,LOS GATOS,CA,95033,Unlicensed Supplier
X11334,RLB Wine Group,1538 Adams Street,St Helena,CA,94574,Unlicensed Supplier
X14889,ROBLEDO FAMILY WINERY,21901 BONNESS ROAD,SONOMA,CA,95476,Unlicensed Supplier
X13781,RTV Winery,132 East Carrillo St,Santa Barbara,CA,93101,Unlicensed Supplier
X01317,Rabbit Ridge Vineyard & Winery,1172 San Marcos Road,Paso Robles,CA,93446,Unlicensed Supplier
X00890,Racke USA,P O Box 182,Sonoma,CA,95476,Unlicensed Supplier
X02700,Radanovich Winery,P O Box 156,Mariposa,CA,95338,Unlicensed Supplier
X10641,Radio Coteau,P O Box 610,Forestville,CA,95436,Unlicensed Supplier
X14544,Raen Winery,PO Box 10489,Napa,CA,94581,Unlicensed Supplier
X16108,Railway LLC,417 Commece CT,Lompac,CA,93436,Unlicensed Supplier
X00809,Rainbow Ridge Wines Inc,700 E Tahquitz Canyon Suite E,Palm Springs,CA,92262,Unlicensed Supplier
X02441,Ramey Wine Cellars,P O Box 788,Healdsburg,CA,95448,Unlicensed Supplier
X13081,Ramian Estate,5225 Solano Avenue,Napa,CA,94558,Unlicensed Supplier
X02288,Ramon Bilbao Importers,10145 Via De La Amistad,San Diego,CA,92173,Unlicensed Supplier
X02980,Randolph International Trading Co,4510 South Boyle Avenue,Vernon,CA,90058,Unlicensed Supplier
X00203,Random Ridge,P O Box 691,Glen Ellen,CA,95452,Unlicensed Supplier
X01954,Ranke,27000 Ramal Road,Sonoma,CA,95476,Unlicensed Supplier
X11618,Rare Wine Company,280 Valley Dr,Brisbane,CA,94005,Unlicensed Supplier
X01254,Rasmussen Winery,2125 Cutting Wharf Road,Napa,CA,94559,Unlicensed Supplier
X15697,Rathbone Wine Group,P O Box 391,Oakland,CA,94602,Unlicensed Supplier
X14468,Rave-Pisoni LLC,7680 Bell Rd,Windsor,CA,95492,Unlicensed Supplier
X00546,Ravenswood,18701 Gehricke Road,Sonoma,CA,95476,Unlicensed Supplier
X15749,Raventos Codorniu / Aveniu,635 Broadway,Snoma,CA,95476,Unlicensed Supplier
X13386,Realm Cellars,C/O Elephant Ear Systems,Sebastopol,CA,95473,Unlicensed Supplier
X14190,Rebel Coast Winery,1158 Longfellow Drive,Manhattan Beach,CA,90266,Unlicensed Supplier
X12831,Recuerdo Wines,5033 Big Ranch Road,Napa,CA,94558,Unlicensed Supplier
X14351,Red Cap Vineyards,891 Ponderosa Dr,Angwin,CA,94508,Unlicensed Supplier
X11963,Red Car Wine Company,2717 Aviation Way Ste C 3-13,Santa Maria,CA,93455,Unlicensed Supplier
X03326,Reed Cellars,4230 Buena Vista Drive Suite A,Paso Robles,CA,93446,Unlicensed Supplier
X16192,Reeve Wines,PO Box 380,Healdsburg,CA,95492,Unlicensed Supplier
X02958,Refreshment Brands,6342 Bystrum Road,Ceres,CA,95307,Unlicensed Supplier
X11497,Regency Wine Group,418 Aviation Blvd Suite B,Santa Rosa,CA,95403,Unlicensed Supplier
X10534,Regusci Winery,5584 Silverado Trail,Napa,CA,94558,Unlicensed Supplier
X13140,Relic Wines,PO Box 327,St Helena,CA,94574,Unlicensed Supplier
X13455,Ren Acquisition Inc,12225 Steiner Road,Plymouth,CA,95669,Unlicensed Supplier
X10435,Renard,2040 Pine Street,Napa,CA,94559,Unlicensed Supplier
X10807,Rene Barbier,23 555 Highway 121,Sonoma,CA,95476,Unlicensed Supplier
X12613,Renteria Wines,1106 Clark Street,Napa,CA,94559,Unlicensed Supplier
X00356,Renwood Winery,8795 Folsom Blvd Suite 203,Sacramento,CA,95826,Unlicensed Supplier
X12851,Respite Wines,1201 Vine St Ste 103,Healdsburg,CA,95448,Unlicensed Supplier
X14142,Reuling Vineyard,8600 Templeman Rd,Forestville,CA,95436,Unlicensed Supplier
X10969,Revana Family Vineyard,2930 St Helena Hwy,St Helena,CA,94574,Unlicensed Supplier
X00895,Reverie Winery,1520 Diamond Mountain Rd,Calistoga,CA,94515,Unlicensed Supplier
X13083,Revolution Winery,1365 Gravenstein Highway,Sebastopol,CA,95472,Unlicensed Supplier
X16976,Rewa Vineyards LLC,5055 Solano Ave,Napa,CA,94558,Unlicensed Supplier
X11599,Reynolds Family Winery,3266 Silverado Trail,Napa,CA,94558,Unlicensed Supplier
X03433,Reynoso Vineyards,25500 River Road,Cloverdale,CA,95425,Unlicensed Supplier
X02519,Riboli Family Wine Estates,Pl San Antonio,Los Angeles,CA,90031,Unlicensed Supplier
X10666,Richochet,1478 Fairway Vista Court,Calistoga,CA,94515,Unlicensed Supplier
X02420,Rideau Vineyards,1562 Alamo Pintado Road,Solvang,CA,93463,Unlicensed Supplier
X00292,Ridge Vineyards,17100 Montebello Road,Cupertino,CA,95015,Unlicensed Supplier
X12892,Riley Wine Corporation,4191 Las Tablas Willow Creek Road,Paso Robles,CA,93446,Unlicensed Supplier
X11140,Rios Wine Company,3970 Peterson Drive,Calistoga,CA,94515,Unlicensed Supplier
X02443,Ristow Estates,5040 Silverado Trail,Napa,CA,94558,Unlicensed Supplier
X03469,Ritchie Creek Vineyards,4024 Spring Mountain Road,St Helena,CA,94574,Unlicensed Supplier
X11723,River Bluff Cellars,P O Box 451,Victor,CA,95253,Unlicensed Supplier
X10452,River Road Enterprises Inc,P O Box 1730,Gonzales,CA,93926,Unlicensed Supplier
X03169,River Road Vineyards,5220 Ross Road,Sebastopol,CA,95472,Unlicensed Supplier
X11621,River West Wines,4375 Westside Road,Healdsburg,CA,95448,Unlicensed Supplier
X12156,Riverbench LLC,6020 Foxen Canyon Road,Santa Maria,CA,93454,Unlicensed Supplier
X12477,Road 31,1175 Azuar Dr Quarters U,Mare Island,CA,94592,Unlicensed Supplier
X12780,Roar Wines,32721 River Road,Soledad,CA,93960,Unlicensed Supplier
X14357,Roark Wine Co,84 Incustrial Unit C,Buelllton,CA,93427,Unlicensed Supplier
X01548,Robert Biale Vineyards,2040 Brown Street,Napa,CA,94559,Unlicensed Supplier
X01771,Robert Craig Vineyards,625 Imperial  Way,Napa,CA,94559,Unlicensed Supplier
X02890,Robert Foley Vineyards,P O Box 847,Angwin,CA,94508,Unlicensed Supplier
X11075,Robert Hall Winery LLC,3443 Mill Road,Paso Robles,CA,93446,Unlicensed Supplier
X01879,Robert Keenan Winery,P O Box 142,St Helena,CA,94574,Unlicensed Supplier
X02600,Robert Mueller,PO Box 2100,Windsor,CA,95492,Unlicensed Supplier
X11929,Robert Oatley Vineyards Inc,755 Baywood Dr Suite 201 2nd FL,Petaluma,CA,95954,Unlicensed Supplier
X00525,Robert Pecota Winery,P O Box 303,Calistoga,CA,94515,Unlicensed Supplier
X01955,Robert Sinskey Vineyards,6320 Silverado Trail,Napa,CA,94558,Unlicensed Supplier
X00309,Robert Stemmler,24520 Ramal Road,Sonoma,CA,95476,Unlicensed Supplier
X00462,Robert Talbott Vineyards,P O Box 267,Carmel Valley,CA,93924,Unlicensed Supplier
X03271,Robert Young Estate Winery,PO Box 1240,Glen Ellen,CA,95442,Unlicensed Supplier
X13566,Rocca Family Vineyards,129 Devlin Road,Napa,CA,94558,Unlicensed Supplier
X12711,Rock Sake LLC,1011 N Orange Grove Unite 5,West Hollywood,CA,90046,Unlicensed Supplier
X01785,Rocking Horse Cellars,P O Box 5868,Napa,CA,94581-0868,Unlicensed Supplier
X03140,Rockland Road Cellars,1291 Rockland Road,St Helena,CA,94574,Unlicensed Supplier
X03126,Rockledge,1241 Adams Street #1094,St Helena,CA,94574,Unlicensed Supplier
X00228,Rodney Strong Vineyards,P O Box 6010,Healdsburg,CA,95448-6010,Unlicensed Supplier
X01356,Roederer U S  Marketing,2000 Powell Street Suite 1205,Emeryville,CA,94608,Unlicensed Supplier
X11563,Roessler Wine Cellars,380 First Street West,Sonoma,CA,95476,Unlicensed Supplier
X10881,Roessler Winery,20580 8th Street East,Sonoma,CA,95476,Unlicensed Supplier
X00404,Rombauer Vineyards,3522 Silverado Trail,St Helena,CA,94574,Unlicensed Supplier
X11111,Ron Lilly Wines,1618 Cedar Street,Calistoga,CA,94515,Unlicensed Supplier
X12355,Roney Concessionaire LLC,205 Concourse Blvd,Santa Rosa,CA,-,Unlicensed Supplier
X16153,Rootdown Wine Cellars,53 Front Street,Healdsburg,CA,95448,Unlicensed Supplier
X00518,Rosemount Estates,561 First Street West,Sonoma,CA,95476,Unlicensed Supplier
X00861,Rosenblum Cellars,2900 Main Street,Alameda,CA,94501,Unlicensed Supplier
X02704,Roshambo Winery,P O Box 1008,Healdsburg,CA,95448,Unlicensed Supplier
B00552,Rough Draft Brewing Co,"8830 Rehco Road, Suite D",San Diego,CA,92121,Unlicensed Supplier
X00315,Round Hill Cellars,1680 Silverado Trail,St Helena,CA,94574,Unlicensed Supplier
X13124,Round Pond Inc,PO Box 556,Rutherford,CA,94575,Unlicensed Supplier
X12578,Rowland Cellars,P O Box 2111,Yountville,CA,94599,Unlicensed Supplier
X11244,Roy Estates,1181 Las Posadas Rd Ste B,Angwin,CA,94508,Unlicensed Supplier
B00503,Rubicon Brewing Co,2004 Carolina Ave,Sacramento,CA,95811,Unlicensed Supplier
X01294,Rubicon Estate,1991 St Helena Highway,Rutherford,CA,94573,Unlicensed Supplier
X14535,Rubin Wines,5220 Ross Road,Sebastopol,CA,95472,Unlicensed Supplier
X00978,Rubissow Sargent Wine Co,2413 Fourth Street,Berkeley,CA,94710,Unlicensed Supplier
X10475,Rudd Winery,500 Oakville Crossroad,Oakville,CA,94562,Unlicensed Supplier
X01364,Rudi Wiest Selections,2231 Faraday Avenue,Carlsbad,CA,92008,Unlicensed Supplier
X03396,Rued Wines,P O Box 63,Healdsburg,CA,95448,Unlicensed Supplier
X10523,Rusack Vineyards,1819 Ballard Canyon Road,Solvang,CA,93463,Unlicensed Supplier
X02961,Russian Hill Estate Winery,4525 Slusser Road,Windsor,CA,95492,Unlicensed Supplier
B00251,Russian River Brewing Company,725 4th Street,Santa Road,CA,95404,Unlicensed Supplier
X12135,Russian River Vineyards,5700 Gravenstein Highway North,Forestville,CA,95436,Unlicensed Supplier
X12457,RustRidge Winery,2910 Lower Chiles Valley Road,Saint Helena,CA,94574,Unlicensed Supplier
X03360,Ruston Family Vineyards,2798 Spring Street,St Helena,CA,94574,Unlicensed Supplier
X15936,Ruth Lewandowski Wines,7970 Cameron Dr,Windsor,CA,95492,Unlicensed Supplier
X03285,Rutherford Grove Winery,1673 Highway 29,Rutherford,CA,94573,Unlicensed Supplier
X00068,Rutherford Hill Winery,PO Box 388,Rutherford,CA,94573,Unlicensed Supplier
X10391,Rutherford Ranch Vyd & Winery,1680 Silverado Trail,St Helena,CA,94574-9542,Unlicensed Supplier
X10973,Rutherford Wine Company,1680 Silverado Trail,St Helena,CA,94574-9542,Unlicensed Supplier
X02001,Rutz Cellars,120 Kenwood Way,San Francisco,CA,94127,Unlicensed Supplier
X13824,S & L Vineyards/Baywood Cellars,5572 West Woodbridge Road,Lodi,CA,95242,Unlicensed Supplier
X11561,S P Drummer,P O Box 236,Sonoma,CA,95476,Unlicensed Supplier
X16463,SAMANTHA SHEEHAN IMPORTS,4326 BIG RANCH RD,Napa,CA,94558,Unlicensed Supplier
X15989,SANGER FAMILY OF WINES,35 & 70 INDUSTRIAL WAY,BUELLTON,CA,93427,Unlicensed Supplier
X02859,SE Chase Family,2252 Sulphur Springs Avenue,St Helena,CA,94574,Unlicensed Supplier
B00717,SINGLA SPICES INC,17813 S MAIN ST,GARDENA,CA,90248,Unlicensed Supplier
X17331,"SSC International, Inc.",10730 Weaver Ave.,South El Monte,CA,91733,Unlicensed Supplier
X03262,SVP Winery,111 Clark Road,Shandon,CA,-,Unlicensed Supplier
X11232,Sable Ridge,PO Box 889,Kenwood,CA,95452,Unlicensed Supplier
X01549,Saddleback Cellars,PO Box 141,Oakville,CA,94562,Unlicensed Supplier
X00108,Saint Gregory,1170 Bel Arbres Road,Redwood Valley,CA,95482,Unlicensed Supplier
X15263,Saint K,1227 Paso Robles St,Paso Robles,CA,93446,Unlicensed Supplier
X00727,Saintsbury,1500 Los Carneros Avenue,Napa,CA,94559,Unlicensed Supplier
X00533,Sake Tengoku,P O Box 860,Saint Helena,CA,95476,Unlicensed Supplier
X03286,Salexis Wines,257 Walnut St Suite D,Napa,CA,94559,Unlicensed Supplier
X13203,Salt of The Earth,13181 Road 24,Madera,CA,93637,Unlicensed Supplier
X12324,Salvatore Figueroa Selections,3592 Caminito El Rincon,San Diego,CA,92130,Unlicensed Supplier
X10664,Salvestrin Vineyards,397 Main Street,St Helena,CA,94574,Unlicensed Supplier
X03660,Sam Hwa International Co,18400 S Broadway Street,Gardena,CA,90248,Unlicensed Supplier
X13903,Sam Jasper,12001 2 Highway 99,Monteca,CA,95336,Unlicensed Supplier
X12352,Samsara Winery Company,PO Box 1031,Salvang,CA,93464-1031,Unlicensed Supplier
X01990,San Antonio Winery,737 Lamar Street,Los Angeles,CA,90031,Unlicensed Supplier
X00069,San Francisco Wine Exchange,442 Tehama Street,San Francisco,CA,94103,Unlicensed Supplier
X13138,San Gabriel Beverage Group,2542 N San Gabriel Blvd,Rosemead,CA,91770,Unlicensed Supplier
X02610,San Gabriel Valley Warehouse,2542 N San Gabriel Blvd,Rosemead,CA,91770,Unlicensed Supplier
X03541,Sand T Cellars,3194 Redwood Road,Napa,CA,94558,Unlicensed Supplier
X14573,Sandhi Wines,One Montgomery St Ste 3220,San Francisco,CA,94104,Unlicensed Supplier
X17142,Sandlands Vineyards,1130 Alta Ave,Napa,CA,94559,Unlicensed Supplier
X00969,Sanford Winery,7250 Santa Rosa Road,Buellton,CA,93427,Unlicensed Supplier
X13736,Sanguis,P O Box 4185,Santa Barbara,CA,93140,Unlicensed Supplier
X12916,Sanity Wine & Spirits LLC,2112 Lone Oak Avenue,Napa,CA,94558,Unlicensed Supplier
X13300,Sans Liege,870 Price Street,Pismo Beach,CA,93449,Unlicensed Supplier
X16033,Sans Wine Co,PO Box 2774,Yountville,CA,94599,Unlicensed Supplier
X14317,Santa Barbara County Wine Center,2643 Industrial Pkwy,Santa Maria,CA,93455,Unlicensed Supplier
X01458,Santa Cruz Mountain Vineyard,2300 Jarvis Road,Santa Cruz,CA,95065,Unlicensed Supplier
B00605,Sante Adairius Rustic Ales,103 Kennedy Dr,Capitola,CA,95010,Unlicensed Supplier
X03400,Santini Fine Wines,16505 Worthley Drive,San Lorenzo,CA,94580,Unlicensed Supplier
X14019,Sapere Aude Sparkling,3608 Maplewood Ave,Los Angeles,CA,90066,Unlicensed Supplier
X11322,Sapphire Brands,P O Box 1287,Paso Robles,CA,93447,Unlicensed Supplier
X14762,Saracina Vineyards LLC,11684 US-101,Hopland,CA,95449,Unlicensed Supplier
X10689,Sarah's Vineyard,4005 Hecker Pass Hwy,Gilroy,CA,95020,Unlicensed Supplier
X01176,Saucelito Canyon Vineyard,7370 Hwy 128,Healdsburg,CA,95448,Unlicensed Supplier
X00942,Sausal Winery,7370 Hwy 128,Healdsburg,CA,95448,Unlicensed Supplier
X03409,Sauvignon Republic Cellars,1451 Grove Street,Healdsburg,CA,95448,Unlicensed Supplier
X02907,Savannah Chanelle Vineyards,23600 Congress Springs Road,Saratoga,CA,95070,Unlicensed Supplier
X03171,Sawyer Cellars,8350 St Helena Hwy,Rutherford,CA,94573,Unlicensed Supplier
X11772,Saxon Brown Wines,PO Box 1832,Sonoma,CA,95476,Unlicensed Supplier
X12833,Saxum Vineyards,2810 Willow Creek Road,Paso Robles,CA,93446,Unlicensed Supplier
X13727,Sbragia Family Vineyards,9990 Dry Creek Road,Geyserville,CA,95441,Unlicensed Supplier
X12323,Scenic Root Winegrowers LLC,Business Office 29 Nokomis Ave,San Anselmo,CA,94960,Unlicensed Supplier
X12539,Schafer Reichart Selections,2322 Bates Avenue,Concord,CA,94520,Unlicensed Supplier
B00549,Schafer Reichart Selections,2041 Hanscom Drive,South Pasadena,CA,91030,Unlicensed Supplier
X15952,Scheid Family Wines,815 West Market Street,Salinas,CA,93901,Unlicensed Supplier
X13839,Scholium Project LLC,PO Box 8052,Napa,CA,94559,Unlicensed Supplier
X00071,Schramsberg Vineyards,1400 Schramsberg Road,Calistoga,CA,94515,Unlicensed Supplier
X00186,Schuetz Oles Winery,PO Box 834,St Helena,CA,94574,Unlicensed Supplier
X00935,Schug Carneros Estate Winery,602 Bonneau Road,Sonoma,CA,95476,Unlicensed Supplier
X03305,Schweiger Vineyards,4015 Spring Mountain Road,St Helena,CA,94574,Unlicensed Supplier
X13796,Sciandri Family Vineyards,50 Kreuse Canyon Dr,Napa,CA,94559,Unlicensed Supplier
X10798,Scott Harvey,830 Fulten Lane,St Helena,CA,94574,Unlicensed Supplier
X03114,Scott Paul C/O CA Wine Transport,747 Skyway Court,Napa,CA,20110-4178,Unlicensed Supplier
X02820,Scott Street Portfolio Inc,3684 Mt Diablo Blvd,Lafayette,CA,94549,Unlicensed Supplier
X13439,Scotto Cellars,712 Bancroft Road #463,Walnut Creek,CA,94598,Unlicensed Supplier
X11235,Screaming Eagle Partners LLC,PO Box 12,Oakville,CA,94562,Unlicensed Supplier
X14968,Scribe Winery,2100 Denmark St,Sonoma,CA,95476,Unlicensed Supplier
X10955,Sea Smoke Cellars,1712 Industrial Way F,Lompoc,CA,93436-4970,Unlicensed Supplier
X13561,Sean Minor,1731 Howe Ave #615,Sacramento,CA,95825,Unlicensed Supplier
X00233,Seavey Vineyards,1310  Conn Valley Road,St Helena,CA,94574,Unlicensed Supplier
X02444,Sebastopol Vineyards,8757 Green Valley Road,Sebastopol,CA,95472,Unlicensed Supplier
X17051,Second Line Wines,201 Delvin Road,Napa,CA,94558,Unlicensed Supplier
X01137,Seghesio Wineries Inc,14730 Grove Street,Healdsburg,CA,95448,Unlicensed Supplier
X10655,Segura Viudas,P O Box 1949,Sonoma,CA,95476,Unlicensed Supplier
X02255,Selby Winery,5 Fitch Street,Healdsburg,CA,95448,Unlicensed Supplier
X10821,Selene Wines,PO Box 3131,Napa,CA,94558,Unlicensed Supplier
X16423,Senses Wines,P O Box 171,Occidental,CA,95465,Unlicensed Supplier
X16435,Senses Wines,3411 Hillcrest Ave,Sebastopol,CA,95472,Unlicensed Supplier
X14110,Sera Fina Cellars,1630 North Main St,Walnut Creek,CA,94596,Unlicensed Supplier
X11017,Serdonis C/O DHL Wines,1040 Santa Cruz Avenue,Menio Park,CA,94025,Unlicensed Supplier
X00642,Seven Lions Winery,220 Morris St,Sebastopol,CA,95472,Unlicensed Supplier
X10926,Seventy Five Wine Company,1043 Jefferson Street,Napa,CA,94559,Unlicensed Supplier
X15583,Sextant Wines,2324 W Hwy 46,Paso Robles,CA,93446,Unlicensed Supplier
X11619,Sexto,2269 Chestnut Street #861,San Francisco,CA,94123,Unlicensed Supplier
X14789,Shadowbox Cellars,551 Technology Way,Napa,CA,94558,Unlicensed Supplier
X14743,Shadowbox Cellars (Eagel Rock Fulfillment),620 Trancas St,Napa,CA,94558,Unlicensed Supplier
X00415,Shafer Vineyards,6154 Silverado Trail,Napa,CA,94558,Unlicensed Supplier
X11979,Shane Wine Cellars,170 Oriole Drive,Novato,CA,94949,Unlicensed Supplier
X14105,Shannon Ridge Vineyards,2150 Argonaut Road,Lakeport,CA,95451,Unlicensed Supplier
X17358,Share A Splash Wine Co,716 Oak Grove Ave,Menlo Park,CA,94025,Unlicensed Supplier
X11100,Shark Trust Wines,2307 Fenton Pkwy Ste 107-33,San Diego,CA,92108,Unlicensed Supplier
X12600,Sharp Cellars,P O Box 289,Sonoma,CA,95476,Unlicensed Supplier
X10679,Shaw Family Vintners,1471 1st Street,Calistoga,CA,94151,Unlicensed Supplier
X00943,Shenandoah Vineyards,12300 Steiner Road,Plymouth,CA,95669,Unlicensed Supplier
X14692,Shibumi Knoll Vineyards,3480 North Saint Helena Hwy,Saint Helena,CA,94574,Unlicensed Supplier
X17408,Shifflett Ranch & Vineyard,1201 Darms Lane,Napa,CA,94558,Unlicensed Supplier
X13994,Shoe Crazy Wine,660 A Airpark Rd,Napa,CA,94558,Unlicensed Supplier
X14341,Shooting Gallery Wines,1352 Main Street,Saint Helena,CA,94574,Unlicensed Supplier
X00226,Showket Vineyards,7778 Silverado Trail,Napa,CA,94558,Unlicensed Supplier
X15022,Shypoke Cellars,2882 Foothill Blvd,Calistoga,CA,94515,Unlicensed Supplier
X02222,Siduri Wines,980 Airway Court C,Santa Rosa,CA,95403,Unlicensed Supplier
X12505,Sierra Foothills Wine Services,2850 Cold Springs Road,Placerville,CA,95667,Unlicensed Supplier
X12730,Sierra Madre Vineyard,1006 Segovia Circle,Placentia,CA,92870,Unlicensed Supplier
X00362,Sierra Vista Vineyard & Winery,4560 Cabernet Way,Placerville,CA,95667,Unlicensed Supplier
X03382,Signature Wine Cellars Inc,2536 Barrington Court,Hayward,CA,94545-1113,Unlicensed Supplier
X01212,Signorello Vineyards,4500 Silverado Trail,Napa Valley,CA,94558,Unlicensed Supplier
X00819,Silver Oak Cellars LLC,915 Oakville Crossroad,Oakville,CA,94562,Unlicensed Supplier
X14339,Silver Wine,724 Reddick St,Santa Barbara,CA,93103,Unlicensed Supplier
X01263,Silverado Hill Cellars,3105 Silverdo Trail,Napa,CA,94558,Unlicensed Supplier
X12241,Silverado Vineyards,6121 Silverado Trail,Napa,CA,94558,Unlicensed Supplier
X11246,Silverstone Wines LLC,2041 Summit Drive,Paso Robles,CA,93446,Unlicensed Supplier
X01876,Silvertap Wines,4202 Stage Gulch Road,Sonoma,CA,95476,Unlicensed Supplier
X16732,Simon Family Estate,620 Trancas Street,Napa,CA,94558,Unlicensed Supplier
X01246,Simon Levi Company Ltd,9380 Sonoma Hwy,Kenwood,CA,95452,Unlicensed Supplier
X11038,Sin E,2055 Hoffman Lane,Napa,CA,94558,Unlicensed Supplier
X12277,Sinatra Family Estates LLC,135 Camino Dorado Suite 8,Napa,CA,94558,Unlicensed Supplier
X14793,Sine Qua Non,PO Box 1048,Oak View,CA,93022,Unlicensed Supplier
X15554,Sinegal Estate,2125 Inglewood Avenue,St Helena,CA,94574,Unlicensed Supplier
X16009,Singla Spices,17813 S Main St. Ste 115,Gardena,CA,90248,Unlicensed Supplier
X13844,Sitar Wines,2930 St Helena Hwy N,Saint Helena,CA,94574,Unlicensed Supplier
X10398,Six Hands Winery,P O Box 444,Walnut Grove,CA,95690,Unlicensed Supplier
X11838,Six Mile Land Company,P O Box 400,Angels Camp,CA,95222,Unlicensed Supplier
X12167,Six Sigma Winery,13372 Spruce Grove Road,Lower Lake,CA,95457,Unlicensed Supplier
X03096,Skewis Wines,P O Box 1895,Healdsburg,CA,95448,Unlicensed Supplier
X13786,Skinner Vineyards & Winery,8054 Fairplay Rd,Fair Play,CA,95684,Unlicensed Supplier
X13284,Skipstone Ranch,2929 Saint Helena Hwy,Saint Helena,CA,94574,Unlicensed Supplier
X01313,Sky Vineyards,4352 Cavedale Road,Glen Ellen,CA,95442-9767,Unlicensed Supplier
X14661,Skylark,129 Lunado Way,San Francisco,CA,94127,Unlicensed Supplier
X02520,Skyy Spirits LLC,2822 Van Ness Ave,San Francisco,CA,94109,Unlicensed Supplier
X17318,Slamdance Kooperatieve,3776 Santa Rosa Creek Rd,Cambria,CA,93428,Unlicensed Supplier
B00148,Slo Brewing Company,1400 Ramadan Drive,Paso Robles,CA,93446,Unlicensed Supplier
X13033,Slo Down Wine LLC,PO Box 13125,San Luis Obispo,CA,93406,Unlicensed Supplier
X16162,Sloan Estates,PO Box 507,Rutherford,CA,94573,Unlicensed Supplier
X15997,Slurp LLC,14416 Victory Blvd #206,Van Nuys,CA,91401,Unlicensed Supplier
X12120,Small Vines Wines Inc,2160 Green Hill Road,Sebastopol,CA,95472,Unlicensed Supplier
X03558,Smith & Hook Winery,37700 Fott Hill Road,Soledad,CA,93960,Unlicensed Supplier
X02701,Smith Anderson Enterprises Inc,1004 Clinton Avenue,Napa,CA,94559,Unlicensed Supplier
X11974,Smith Family Winery,3747 Langtry Road,Saint Helena,CA,94574,Unlicensed Supplier
X00668,Smith Madrone Winery,P O Box 451,St Helena,CA,94574,Unlicensed Supplier
X02393,Smoking Duck Winery,2545 Napa Valley Corp Dr,Napa,CA,94558,Unlicensed Supplier
X02446,Snowden Vineyards,7830 40 Saint Helena Hwy,Oakville,CA,94562,Unlicensed Supplier
X00358,Sobon Estate,14430 Shenandoah Road,Plymouth,CA,95669,Unlicensed Supplier
X11418,Soda Canyon Cellars,PO Box 6412,Napa,CA,94581,Unlicensed Supplier
X02838,Sole Di,17941 Sky Park Circle,Irvine,CA,92614,Unlicensed Supplier
X02041,Solis Winery,3920 Hecker Pass Hwy,Gilroy,CA,95020,Unlicensed Supplier
X12791,Soliste Cellars,21402 Geyserville Ave,Geyserville,CA,95441,Unlicensed Supplier
X02243,Solitude Wines,3241 Oak Farm Lane,Santa Rosa,CA,95401,Unlicensed Supplier
X03172,Solo Rosa Wines,7809 Joyce Drive,Sebastapol,CA,95472,Unlicensed Supplier
X11196,Solomon Winery,1201 Bristol Court,Modesto,CA,95351,Unlicensed Supplier
X15108,Solono Cellars,1580 Solano Ave Ste B,Albany,CA,94707,Unlicensed Supplier
X03429,Solorosa,7809 Joyce Drive,Sabastopol,CA,95472,Unlicensed Supplier
X14127,Somerston Wine Company,3450 Sage Canyon Rd,St Helena,CA,94574,Unlicensed Supplier
X15141,SommPicks,548 Market St #89930,San Francisco,CA,94104,Unlicensed Supplier
X11463,Sona Wines,100 Stony Point Road #235,Santa Rosa,CA,95401,Unlicensed Supplier
X14981,Sonoma Beverage Works,1451 Grove St,Healdsburg,CA,95448,Unlicensed Supplier
X10857,Sonoma Coast Vineyards & Winery,6200 E Peltier Road,Acampo,CA,95520,Unlicensed Supplier
X11018,Sonoma County Vintners,825 Denbeste Court,Windsor,CA,95492,Unlicensed Supplier
X01554,Sonoma Creek Winery,23355 Millerick Road,Sonoma,CA,95476,Unlicensed Supplier
X13953,Sonoma Estate Vintners LLC,5325 Corrick Rd,Santa Rosa,CA,95409-3313,Unlicensed Supplier
X00894,Sonoma Hill Winery,12001 S Highway 99,Manteca,CA,95336,Unlicensed Supplier
X12180,Sonoma Wine Company,9119 Graton Road,Graton,CA,95444,Unlicensed Supplier
X02360,Soper Wheeler Corporation,7405 Soda Bay Road,Kelseyville,CA,95451,Unlicensed Supplier
X11773,Soper Winery,205 Jim Oswalt Way Suite B,American Canyon,CA,94503,Unlicensed Supplier
X11481,Sopevy Winery,1083 Vine Street #339,Healdsburg,CA,95448,Unlicensed Supplier
X01843,Soquel Vineyards,P O Box 1555,Soquel,CA,95073,Unlicensed Supplier
X16845,Sosie Wines Express Wine Delivery,7970 Cameron Drive,Windsor,CA,95492,Unlicensed Supplier
B00247,South African Beverage,27601 Forbes Road Suite 19,Laguna Niguel,CA,92677,Unlicensed Supplier
X10411,South Bay Wine Group,1091 Larkmead Lane Suite 17 & 18,Calistoga,CA,94515,Unlicensed Supplier
X00459,Southcorp Wines North America,2700A Napa Valley Corporate Dr,Napa,CA,94558-7552,Unlicensed Supplier
X01035,Southern Cross Imports,11 Embarcadero West Suite 215,Oakland,CA,94607,Unlicensed Supplier
X02751,Southern Starz,5973 Engineer Drive,Hunting Beach,CA,92649,Unlicensed Supplier
X11215,Southern Wine Group dba SWG Imports,875 Hanna Drive,American Canyon,CA,94503,Unlicensed Supplier
X13940,Soutirage,20 ENterprise Court Unit 5,Napa,CA,94558,Unlicensed Supplier
X01645,Spaghetti Cellars,19632 8th Street East,Sonoma,CA,95476,Unlicensed Supplier
X11303,Spann Vineyards,12900 Maple Glen Road,Glen Ellen,CA,95442,Unlicensed Supplier
B00231,Speakeasy Ales & Lagers Inc,1195 Evans Ave Suite A,San Francisco,CA,94124,Unlicensed Supplier
B00265,Specialty Beer Investments Inc,3 Harbor Drive Suite 115,Sausalito,CA,99465,Unlicensed Supplier
X15443,Specialty Cellars,13017 La Dana Court,Santa Fe Springs,CA,90670,Unlicensed Supplier
X03356,Spencer Roloson Winery,1207 Randolph Street,Napa,CA,94559,Unlicensed Supplier
X12300,Spiral Wines,2515 Napa Valley Coporate Drive,Napa,CA,94590,Unlicensed Supplier
X01155,Spottswood Vineyard,1401 Hudson Avenue,St Helena,CA,94574,Unlicensed Supplier
X11202,Spring Mountain Vineyard,2805 Spring Mountain Road,Saint Helena,CA,94574--179,Unlicensed Supplier
X13008,Springboard Wine Company,1050 Northgate Dr Ste 100,San Rafael,CA,94903,Unlicensed Supplier
X11540,St Amant Winery,1 Winemaster Way,Lodi,CA,95240,Unlicensed Supplier
X14007,Stacked Wines,5570 Skylane Blvd Suite C,Santa Rosa,CA,95403-1030,Unlicensed Supplier
X02223,Staglin Family Vineyards,P O Box 680,Rutherford,CA,94573,Unlicensed Supplier
X00075,Stags Leap Wine Cellars,5766 Silverado Trail,Napa,CA,94558,Unlicensed Supplier
X00497,Stags Leap Winery,6150 Silverado Trail,Napa,CA,94558,Unlicensed Supplier
X12202,Stanton Vineyards,862 Mills Lane,Saint Helena,CA,94574,Unlicensed Supplier
X03477,Stanza,82-469 Grant Drive,Indio,CA,92201,Unlicensed Supplier
X01514,Star Hill Winery,Doc Goldenberg,Napa,CA,94558,Unlicensed Supplier
X11754,Starry Night Winery LLC,55 Frosty Lane,Novato,CA,94949,Unlicensed Supplier
X11714,Staurt Cellars,33515 Rancho California Road,Temechulah,CA,92591,Unlicensed Supplier
X03127,Steele Wines,4350 Thomas Drive,Kelseyville,CA,95451,Unlicensed Supplier
X16885,Stel+Mar,595 Pacific Ave,San Francisco,CA,94133,Unlicensed Supplier
X00731,Steltzner Vineyards,5998 Silverado Trail,Napa,CA,94558,Unlicensed Supplier
X03651,Stephan Vineyards Inc,2815 Live Oak Road,Paso Robles,CA,93446,Unlicensed Supplier
X10850,Stephen Ross Wine Cellars,2330 Johnson Avenue,San Lois Obisro,CA,93401,Unlicensed Supplier
X03373,Stephen Vincent,P O Box 728,Kentfield,CA,94904,Unlicensed Supplier
X02064,Stephen Zellerbach Winery,2350 Mcnab Ranch Road,Ukiah,CA,95482,Unlicensed Supplier
X10507,Steven Kent LLC,5443 Tesla Road,Livermore,CA,94550,Unlicensed Supplier
X00170,Stevenot Winery,2690 San Domingo Road,Murphys,CA,95247,Unlicensed Supplier
X13728,Stewart Cellars,P O Box 68,Rutherford,CA,94573,Unlicensed Supplier
X03423,Stolpman Vineyards LLC,4120 Lorraine Road,Ranco Pasos Verdes,CA,90275-6523,Unlicensed Supplier
B00042,Stone Brewing Company,1999 Citracado Parkway,Escondido,CA,92029,Unlicensed Supplier
X01442,Stone Creek Winery,9380 Sonoma Hwy,Sonoma,CA,95452,Unlicensed Supplier
X02994,Stonefly Vineyards,3762 Clara Drive,Napa,CA,94558,Unlicensed Supplier
X00944,Stonegate Winery,1183 Dunaweal Lane,Calistoga,CA,94515,Unlicensed Supplier
X01971,Stonehedge Winery,P O Box 5182,Huntington Park,CA,90255,Unlicensed Supplier
X11782,Stony Hill Vineyard,P O Box 308,St Helena,CA,94574,Unlicensed Supplier
X13642,Stormy Weather Wines LLC,3750 Silverado Trail,Calistoga,CA,94515,Unlicensed Supplier
X01175,Storrs Winery,303 Potero St #35,San Cruz,CA,95060,Unlicensed Supplier
X01197,Storybook Mountain Vineyard,3835 Highway 128,Calistoga,CA,94515,Unlicensed Supplier
X00886,Straus Vineyards,315 Franz Valley School Road,Calistoga,CA,94515-2000,Unlicensed Supplier
X11921,Stuart Cellars,33515 Rancho California Road,Temeculah,CA,92591,Unlicensed Supplier
X02533,Stuhlmuller Vineyard & Winery,35 Stillman St Suite 205,San Francisco,CA,94107,Unlicensed Supplier
X16750,Subject to Change,1387 Marina Way S,Richmond,CA,94804,Unlicensed Supplier
X03412,Sullivan Birney Winery,860 Kaiser Road Suite I & K,Napa,CA,94558,Unlicensed Supplier
X02766,Summa Vitis,P O Box 66,Vineburg,CA,95487,Unlicensed Supplier
X12698,Summerland,9332 Nightengale Drive,Los Angelas,CA,90069,Unlicensed Supplier
X00641,Summers Winery,1171 Tubbs LN,Calistoga,CA,94515,Unlicensed Supplier
X03141,Sunshine Imports,4935 McConnell Ave #15,Los Angeles,CA,90066,Unlicensed Supplier
X10500,Surh Luchtel Cellars,PO Box 2486,Napa,CA,94558,Unlicensed Supplier
X15917,Sutro Wine Co,13414 Chalk Hill Road,Healdsburg,CA,95448,Unlicensed Supplier
X02779,Swanson Vineyards,1050 Oakville Cross Road,Oakville,CA,94562,Unlicensed Supplier
X10517,Switchback Ridge,4392 Silverado Trail,Calistoga,CA,94515,Unlicensed Supplier
X11726,Sylvester Winery,5115 Buena Vista Drive,Paso Robles,CA,93446,Unlicensed Supplier
X01407,TGIC Importers,23035 Ventura Blvd Suite 200,Woodland Hills,CA,91364,Unlicensed Supplier
X14934,THE GAINEY VINEYARD,3950 E HWY 246,SANTA YNEZ,CA,94360,Unlicensed Supplier
X15999,THE ITALIAN WINE TRADER LLC,4 GOLDEN EAGLE CT,ALISO VIEJO,CA,92656,Unlicensed Supplier
X16262,THE MASCOT,1551 OAKVILLE GRADE,OAKVILLE,CA,94562,Unlicensed Supplier
X17012,THE WINE GROUP,17000 EAST HWY,RIPON,CA,95366,Unlicensed Supplier
B00464,TI Beverage Group,6920 Hayvenhurst Avenue Ste 202,Van Nuys,CA,91406,Unlicensed Supplier
X13296,TI Beverage Group,6920 Hayvenhurst Avenue,Van Nuys,CA,91406,Unlicensed Supplier
X01031,TKC Vineyards,P O Box 759,Plymouth,CA,95669,Unlicensed Supplier
X01525,TR Elliott,P O Box 1128,Sebastopol,CA,95473,Unlicensed Supplier
B00701,TWO PITCHERS BREWING COMPANY,2480 SPRING MOUNTAIN ROAD,SAINT HELENA,CA,94574,Unlicensed Supplier
X13308,Tackitt Family Vineyards,6640 Von Dollen Road,San Miguel,CA,93451-9564,Unlicensed Supplier
X10722,Taft Street Winery,2030 Barlow Lane,Sebastopol,CA,95472,Unlicensed Supplier
B00448,Takara Sake USA,708 Addison Street,Berkeley,CA,94710,Unlicensed Supplier
X01275,Talley Vineyards,3030 Lopez Drive,Arroyo Grande,CA,93429,Unlicensed Supplier
X13150,Tallulah Wines,1043 Vallejo Street,Napa,CA,94559,Unlicensed Supplier
X12504,Tallulah Wines,1043 Vallejo Street,Napa,CA,94559,Unlicensed Supplier
X03361,Tamalpais Wine Company,3030 Bridgeway Suite 219,Sausalito,CA,94965,Unlicensed Supplier
X10799,Tamber Bey,1400 Yount Mill Road,Yountville,CA,94599,Unlicensed Supplier
X00997,Tandem Wine Company,P O Box 1921,Sebastopol,CA,95473,Unlicensed Supplier
X00022,Tantalus Wines,295 Sprauer Road,Petaluma,CA,94952,Unlicensed Supplier
X02244,Tantara,4747 Ontiveros Lane,Santa Maria,CA,93454,Unlicensed Supplier
X14767,Taplin Cellars,1677 Lewellingln,SaInt Helena,CA,94574,Unlicensed Supplier
X03204,Tara Bella Winery,3701 Viking Road,Santa Rosa,CA,95401,Unlicensed Supplier
X14398,Taste Vino,PO Box 5270,Napa,CA,94581,Unlicensed Supplier
X13677,Tatomer,PO Box 1416,Santa Barbara,CA,93102,Unlicensed Supplier
X11718,Teira Wines,764 W Dry Creek Road,Healdsburg,CA,95448,Unlicensed Supplier
X11720,Tejada Vineyards,1326 Devonshire Drive,El Cerrito,CA,94530,Unlicensed Supplier
X03173,Teldeschi Winery,3555 Dry Creek Road,Healdsburg,CA,95448,Unlicensed Supplier
B00708,Temescal Brewing,4115 Telegraph Ave,Oakland,CA,94609,Unlicensed Supplier
X17374,Teneral Cellars Inc.,P O Box 772,Mt.Aukum,CA,95656,Unlicensed Supplier
X10858,Tensley Wine,Po Box 874,Santa Ynez,CA,93460,Unlicensed Supplier
X13235,Tercero Wines,2643 Industrial Pkwy,Santa Maria,CA,93455,Unlicensed Supplier
X15130,Terra Valentine,P O Box 247 4007 Spring Mountain Rd,St Helena,CA,94574,Unlicensed Supplier
X15660,Terravant Wine Company,860 E Stowell Road,Santa Maria,CA,93454,Unlicensed Supplier
X16554,Terre Rouge and Easton Wines,Box 41,Fiddletown,CA,95629,Unlicensed Supplier
X13048,Terrell Wines,751 13th Street,San Francisco,CA,94130,Unlicensed Supplier
X12815,Terrior Capital LLC,7 W Figueroa St Floor 3,Santa Barbara,CA,93101-5109,Unlicensed Supplier
X11142,Terry Hoage Vineyards,870 Arbor Road,Paso Robles,CA,93446,Unlicensed Supplier
X16724,Tess Bryant Selections,1091 Essex Ave,Richmond,CA,94801,Unlicensed Supplier
X16428,Tessier Winery,P O Box 9373,Berkeley,CA,94709,Unlicensed Supplier
X02447,Testarossa Vineyards,300A College Avenue,Los Gatos,CA,95030,Unlicensed Supplier
X12311,Textbook Vineyards,29 Nokomis Avenue,San Anselmo,CA,94960,Unlicensed Supplier
X11188,Thacher Winery,8355 Vineyard Drive,Paso Robles,CA,93446,Unlicensed Supplier
X01430,Thames America,2064 Gravenstein Hwy N,Sebastopol,CA,95472,Unlicensed Supplier
B00109,Thames America Trading Company,714 Penny Royal Lane,San Rafael,CA,94903,Unlicensed Supplier
X12052,The Australia,5845 Avenita Encinas S 136,Carisbad,CA,92008,Unlicensed Supplier
B00332,The Bruery LLC,715 Dunn Way,Placentia,CA,92870,Unlicensed Supplier
X03289,The Calkins Group International,28 Partridge Drive,Novato,CA,94945,Unlicensed Supplier
X15235,The Crane Assembly,420 Lafata Drive,St. Helena,CA,94574,Unlicensed Supplier
X13686,The Crush Waldorf Conceptions LLC,5937 Graham Ct Suite B,Livermore,CA,94550,Unlicensed Supplier
X12754,The Evening Land & Vineyards,9050 San Antonio Road,Orcutt,CA,93455,Unlicensed Supplier
X15534,The Fableist Wine Company,3005-A Limestone Way,Paso Robles,CA,93446,Unlicensed Supplier
B00470,The Fat Cat Beer Co,7979 Ivanhoe Ave # 555,La Jolla,CA,92037,Unlicensed Supplier
X10851,The Grateful Palate,2449 S Watney Way,Fairfield,CA,94533,Unlicensed Supplier
X15255,The Honey Wine Co,2443 Fillmore Street,San Francisco,CA,94115,Unlicensed Supplier
X15254,The Morlet Selection Inc,2825 Saint Helena Hwy North,Saint Helena,CA,94574,Unlicensed Supplier
X12845,The Napa Branding Co,1339 Pearl St Suite 205,Napa,CA,94559,Unlicensed Supplier
X02156,The North Port Co,734 E Elmwood Avenue,Burbank,CA,91501-2504,Unlicensed Supplier
X10810,The Other Guys,485 First Street West,Sonoma,CA,95476,Unlicensed Supplier
X10419,The Solomon Wine Compan,1201 Bristol Court,Modesto,CA,95350,Unlicensed Supplier
X10878,The Sorting Table,7730 Silverado Trail,Napa,CA,94558,Unlicensed Supplier
X11560,The Terraces,P O Box 511,Rutherford,CA,94573,Unlicensed Supplier
X16960,The Vice Napa Valley,512 Meadowood Ln,St Helena,CA,94574,Unlicensed Supplier
X13649,The Vine Intervention,1155 Pasadena Drive,Los Osos,CA,93402,Unlicensed Supplier
X15354,The Wine Group,4596 S Tracy Blvd Box 90,Tracy,CA,95378,Unlicensed Supplier
X14245,The Withers Winery,1160 Hopper Avenue,Santa Rosa,CA,95403,Unlicensed Supplier
X11864,The Woodmar Group,1247 Durant Court,Walnut Creek,CA,94596,Unlicensed Supplier
X12125,The Yancey Marketing Group,20580 8th Street,Sonoma,CA,95476,Unlicensed Supplier
X13427,Thienot USA,2815 Live Oak Road,Paso Robles,CA,93446,Unlicensed Supplier
X12619,Think Global Wines LLC,827 State Street  suite 28,Santa Barbara,CA,93101,Unlicensed Supplier
X15862,Third Leaf Wines LLC,155 Sansome Street Ste 610,San Francisco,CA,94104,Unlicensed Supplier
X13703,This is E11even Wines,P O Box 718,Los Olivos,CA,93441,Unlicensed Supplier
X15641,Thomas Allen Vineyards & Winery LLC,5573 W Woodbridge Rd,Lodi,CA,95242,Unlicensed Supplier
X01145,Thomas Fogarty Winery,3130 Alpine Road #288-603,Portola Valley,CA,94028,Unlicensed Supplier
X01422,Thornton Winery,P O Box 9008,Temecula,CA,92589,Unlicensed Supplier
X11964,Three Clicks Wines,P O Box 2730,Yountville,CA,94599,Unlicensed Supplier
X10947,Three Families Winery,372 Arabian Way,Healdsburg,CA,95448,Unlicensed Supplier
X15461,Three Sticks Winery,143 West Spain,Sonoma,CA,95476,Unlicensed Supplier
X12230,Three Wine Company,35265 Willow Avenue Ste 202,Clarksburg,CA,95612,Unlicensed Supplier
X02462,Thunder Mountain,P O Box 3969,Santa Cruz,CA,95063,Unlicensed Supplier
X12579,Tierra Divina Vineyards,Sonoma Mountain,Santa Rosa,CA,95402,Unlicensed Supplier
X13950,Tigner Family Vineyards,509 Matheson St,Healdsburg,CA,95448,Unlicensed Supplier
X16677,Time Family of Wines,"361 Martin Street, Penticton",British Columbia,CA,-,Unlicensed Supplier
X13853,Timeless Palates Wine,2705 Aviation Way #100,Santa Maria,CA,93455,Unlicensed Supplier
X12848,Tin Barn Vineyards,21692 Eighth Street East Suite 340,Sonoma,CA,95476,Unlicensed Supplier
X15446,Tin City Cider Co.,3005-A Limestone Way,Paso Robles,CA,93446,Unlicensed Supplier
X16047,Tintype Winery,732 Mckinley Avenue,Oakland,CA,94610,Unlicensed Supplier
X13904,Titan Wines & Spirits,22837 Venture Boulevard #300,Woodland Hills,CA,91364,Unlicensed Supplier
X00336,Titus Vineyards,3264 Ehlers Lane,St Helena,CA,94574,Unlicensed Supplier
X10863,Toad Hall Cellars,P O Box 40,Rutherford,CA,94573,Unlicensed Supplier
X02026,Toad Hollow Vineyards,414 Chinn Street,Santa Rosa,CA,95404,Unlicensed Supplier
X01649,Tobin James Cellars,8950 Union Road,Paso Robles,CA,93446,Unlicensed Supplier
X15642,Tolliver Ranch Brand LLC,3090 Anderson Rd,Paso Robles,CA,93447,Unlicensed Supplier
X03424,Tolosa Winery,4910 Edna Road,San Luis Obispo,CA,93401,Unlicensed Supplier
X12489,Toolbox Wine Co LLC,1021 McKinstry,Napa,CA,94559,Unlicensed Supplier
X13698,Tooth & Nail Winery,3090 Anderson Rd 46 West,Paso Robles,CA,93446,Unlicensed Supplier
X03128,Topanga Vineyards,P O Box 1438,Topanga,CA,90290,Unlicensed Supplier
X14413,Topografia Winery,875 Hanna Dr,American Canyon,CA,94500-3,Unlicensed Supplier
X01516,Topolos Russian River Vineyard,5700 Gravenstein Highway,Forestville,CA,95436,Unlicensed Supplier
X10455,Torbreck Vintners,P O Box 4411,Carlsbad,CA,92018,Unlicensed Supplier
X03266,Tower Grove Vintner's Inc,453 Tower Grove Drive,Arroyo Grande,CA,93420,Unlicensed Supplier
X11622,Tranquil Enterprises Inc,P O Box 10575,Napa,CA,94581,Unlicensed Supplier
X02402,Transylvania Imports,433 N Camden Drive Suite 730,Beverly Hills,CA,90210,Unlicensed Supplier
B00291,Transylvania Imports,9107 Wilshire Blvd Ste 425,Beverly Hills,CA,90210,Unlicensed Supplier
X01914,Treana Winery LLC,4280 Secondwind Way,Paso Robles,CA,93447,Unlicensed Supplier
X00173,Trefethen Vineyards,P O Box 2460,Napa,CA,94558-0245,Unlicensed Supplier
X00080,Trentadue Winery & Vineyards,19170 Geyserville Ave,Geyserville,CA,95441,Unlicensed Supplier
X13260,Tres Agaves Products Inc,492 9th Street Suite B,Oakland,CA,94611,Unlicensed Supplier
X11592,Tres Sabores,P O Box 238,Rutherford,CA,94573,Unlicensed Supplier
X03648,Trespass Vineyards,2624 Colombard Court,St Helena,CA,94574,Unlicensed Supplier
X02067,Tri Leopard Vineyards,2850 Silverado Trail,St Helena,CA,94574,Unlicensed Supplier
X12130,Tri Star Marketing Inc,1175 Commerce Blvd Suite A,American Canyon,CA,94503,Unlicensed Supplier
X12152,Tricycle Wine Co,440 Grand Ave Suite 320,Oakland,CA,94610,Unlicensed Supplier
X14064,Tricycle Wine Partners,21684 8th St E #450,Sonoma,CA,95476,Unlicensed Supplier
X13132,Trim Wines,4500 Silverado Trail,Napa,CA,94558,Unlicensed Supplier
X14453,Trinchero Family Estates,P O Box 248,St Helena,CA,94574,Unlicensed Supplier
X01309,Trinitas Cellars LLC,P O Box 2069,Sonoma,CA,95476,Unlicensed Supplier
X13212,Trione Vineyard & Winery,Alexander Valley Cellars,Windsor,CA,95492,Unlicensed Supplier
X13376,Trombetta Family Wines LLC,160 Wikiup Drive Suite 206,Santa Rosa,CA,95403,Unlicensed Supplier
X01747,Truchard Vineyards,3234 Old Sonoma Road,Napa,CA,94559,Unlicensed Supplier
X12281,Truett Hurst Winery,5610 Dry Creek Road,Healdsburg,CA,95448,Unlicensed Supplier
X15193,Trujillo Wines,175 Tower Road,American Canyon,CA,94503,Unlicensed Supplier
X14637,Trumpet Wine LLC,4096 18th St Apt 4,San Francisco,CA,94114,Unlicensed Supplier
X16290,Truth Be Told LLC,1607 1st Street,Napa,CA,94559,Unlicensed Supplier
X12018,Tuck Beckstoffer Wines LLC,807 St Helena Hwy South #1,St Helena,CA,94574,Unlicensed Supplier
X02919,Tudal Winery,1015 Big Tree Road,St Helena,CA,94574,Unlicensed Supplier
X14688,Turley Wine Cellars,3358 St Helena Hwy,St Helena,CA,94574,Unlicensed Supplier
X13535,Turn Key Wine Brands,132 East Carrillo Street,Santa Barbara,CA,93101,Unlicensed Supplier
X02840,Turnbull Wine Cellars,8210 St Helena Highway,Oakville,CA,94562,Unlicensed Supplier
X10735,Turner Road Vintners,4614 West Turner Road,Lodi,CA,95242,Unlicensed Supplier
X15349,Twenty Rows,880 Vellejo St / PO Box 10463 (94581),Napa,CA,94599,Unlicensed Supplier
X13746,Twin Peaks Winery,1473 Yountville Cross Rd,Yountville,CA,94599-9471,Unlicensed Supplier
B00514,Twisted Manzanita Ales,10151 Prospect Avenue,Santee,CA,92071,Unlicensed Supplier
X10949,Twisted Oak Winery,PO Box 2385,Vallecito,CA,95251,Unlicensed Supplier
X14153,Twomey Cellars,P O Box 558,Geyserville,CA,95441,Unlicensed Supplier
X10855,Ty Caton Vineyards,PO Box 830,Sonoma,CA,95746,Unlicensed Supplier
X16540,USA Wine West,3030 Bridgeway,Sausalito,CA,94965,Unlicensed Supplier
X02668,UVE Enterprises Inc,85 Sheehy Ct,Napa,CA,94558,Unlicensed Supplier
X02224,Unalii,660 Stanton Drive,St Helena,CA,94574,Unlicensed Supplier
B00418,Uncommon Brewers,303 Potrero Street Suite 40 H,Santa Cruz,CA,95060,Unlicensed Supplier
X13985,Undiscovered Wines,653 E Avocado Crest Rd,La Habra Heights,CA,90631,Unlicensed Supplier
X15210,Union Sacre,490 Marquita Way,Paso Robles,CA,93446,Unlicensed Supplier
X10668,Unti Vineyards,4202 Dry Creek Road,Healdsburg,CA,95448,Unlicensed Supplier
X13710,Urbano Cellars,2323 B 4th St.,Berkeley,CA,94710,Unlicensed Supplier
X11419,V Twin Vineyards,19170 Geyserville Avenue,Geyserville,CA,95441,Unlicensed Supplier
X15143,V2 Wine Group,12001 South Vineyards,Manteca,CA,95336,Unlicensed Supplier
X12396,V2 Wine Group,567 First Street Eas,Sonoma,CA,95476,Unlicensed Supplier
X17189,VANCE WINE SELECTIONS,5146 COMMERCE AVE STE C,MOORPARK,CA,93021,Unlicensed Supplier
X15924,VINACCESS INTERNATIONAL,8 Snowberry Court,San Rafael,CA,94901,Unlicensed Supplier
X16346,VINEBURG LLC,2000 DUNMARK STREET,SONOMA,CA,95476,Unlicensed Supplier
X12866,Valdez Family Winery,595 Santana Dr Ste A,Cloverdale,CA,95425,Unlicensed Supplier
X13607,Valley Legend,849 Jackson Street #3,Napa,CA,94559,Unlicensed Supplier
X00914,Valley Of The Moon Winery,134 Church St.,Sonoma,CA,95476,Unlicensed Supplier
X13954,Valley View Wine Sales,1579 Trinity Rd,Glen Ellen,CA,95442,Unlicensed Supplier
X12132,Valley Wine Warehouse,644 Hanna Drive,American Canyon,CA,94503,Unlicensed Supplier
X16080,Valor Wine Co LLC,550 1st St,San Luis Obispo,CA,93405,Unlicensed Supplier
X16649,Vampire Wines,5757 Olivas Park Dr,Ventura,CA,93003,Unlicensed Supplier
X01711,Van Duzer Wines,501 Parducci Road,Ukiah,CA,94582,Unlicensed Supplier
X01521,Van Ruitten Taylor,340 West Highway 12,Lodi,CA,95242,Unlicensed Supplier
X10532,Varner,648 Menlo Ave Suite 5,Menlo Park,CA,94025,Unlicensed Supplier
X17008,Vault Wine,1124 Lincoln Ave,Calistoga,CA,94515,Unlicensed Supplier
X14905,Veedercrest Estates,684 Longridge Road,Oakland,CA,94610,Unlicensed Supplier
X14986,Veedercrest Estates LLC,684 Longridge Rd,Oakland,CA,94610,Unlicensed Supplier
X13708,Vellum Winery,1135 Golden Gate Dr.,Napa,CA,94558,Unlicensed Supplier
X15770,Venge Vineyards,4708 Silverado Trail N,Calistoga,CA,94515,Unlicensed Supplier
X11097,Venge Vineyards,424 Crystal Springs Road,St Helena,CA,94574,Unlicensed Supplier
X01517,Ventana Vinteners LLC,1172 S Main St #379,Salinas,CA,93901,Unlicensed Supplier
X15059,Venture Wines,849 Jackson St #3,Napa,CA,94559,Unlicensed Supplier
X10777,Veraison Cellars,3265 Soda Canyon Road,Napa,CA,94558,Unlicensed Supplier
X11074,Verdad,PO Box 440,Los Olivos,CA,93441,Unlicensed Supplier
X12093,Vermeil Wines,1255 Lincoln Avenue,Calistoga,CA,94515,Unlicensed Supplier
X03681,Vero Wine Group LLC,6050 Westside Road,Healdsburg,CA,95448-8318,Unlicensed Supplier
X16248,Vertical Palate Wine Co. LLC,2715B Sacramento St,San Francisco,CA,94115,Unlicensed Supplier
X01431,Viader Vineyards,1120 Deer Park Road,Napa,CA,94576,Unlicensed Supplier
X13450,Vice Versa,1240 Spring Street,Saint Helena,CA,94574,Unlicensed Supplier
X01624,Victoire Imports Company,14310 Catalina Street,San Leandro,CA,94577,Unlicensed Supplier
X14311,Victor Vineyards,8751 Highway 12 East,Victor,CA,95253,Unlicensed Supplier
X01999,Vigil Vineyard Inc,3340 Highway 128,Calistoga,CA,94515,Unlicensed Supplier
X15542,Vignette Winery,45 Enterprise Ct,Napa,CA,94558,Unlicensed Supplier
X15095,Villa Creek Cellars,5995 Peachy Canyon Rd,Paso Robles,CA,93446,Unlicensed Supplier
X11245,Villa Italia Gourmet Food & Wine,210 Littlefield Avenue,South San Francisco,CA,94080,Unlicensed Supplier
X16877,Vin Lux,1200 Green Island Road,American Canyon,CA,94503,Unlicensed Supplier
X03667,Vina Robles,3000 Pleasant Road,San Miguel,CA,93451,Unlicensed Supplier
X11991,Vina Ventisquero,Groskoph Warehouse and Logistics,sonoma,CA,95476,Unlicensed Supplier
X16973,Vinatteri 1385,5766 Silverado Trail,Napa,CA,94558,Unlicensed Supplier
X10461,Vincor South Africa,1431 E Beamer Street,Woodland,CA,95695,Unlicensed Supplier
X12538,Vindino Wine Company,7955 Dunbrook Rd Suite 1,San Diego,CA,92126,Unlicensed Supplier
X00172,Vine Cliff Winery,7400 Silverado Trail,Napa,CA,94558,Unlicensed Supplier
X00597,Vine Connections,1221 Bridgeway #5,Sausalito,CA,94965,Unlicensed Supplier
X10899,Vineyard 29,PO Box 93,St Helena,CA,94574,Unlicensed Supplier
X13047,Vineyard 7 & 8,4028 Spring Mountain Road,St Helena,CA,94574,Unlicensed Supplier
X15194,Vinfolio,200 Green Street #100,San Francisco,CA,94111,Unlicensed Supplier
X11146,Vino Bravo,27141 Aliso Creek Road Ste 210,Aliso Viejo,CA,92656,Unlicensed Supplier
X03604,Vino Con Brio LLC,8400 E Handel Road,Lodi,CA,95240,Unlicensed Supplier
X03426,Vino Noceto,11011 Shenandoah Road,Plymouth,CA,95669,Unlicensed Supplier
X11407,Vinoce Vineyards,880 Vallejo Street Suite 3,Napa,CA,94558,Unlicensed Supplier
X17326,Vinoenology LLC,7 Fourth St.,Petaluma,CA,94952,Unlicensed Supplier
X11985,Vinos & Gourmet Inc,3701 Collins Ave #7B,Richmond,CA,94806,Unlicensed Supplier
X14505,Vinovia Wine Group,30211 Avenida de las Banderas 2nd Fl,Rancho Santa Margarita,CA,92688,Unlicensed Supplier
X12591,Vinroc Napa,P O Box 5253,Napa,CA,94581,Unlicensed Supplier
X10908,Vintage Point LLC,564 Broadway,Sonoma,CA,95476,Unlicensed Supplier
X16648,Vintage Point/ Hindsight Vineyards,2383 Mora Ave,Emeryville,CA,94515,Unlicensed Supplier
X02929,Vintage Solutions,27459 Vista Del Toro,Salinas,CA,93908,Unlicensed Supplier
X15433,Vintage Wine Estates,205 Concourse Blvd.,Santa Rosa,CA,95403,Unlicensed Supplier
X00814,Vintage Wine Merchants,1814 Divisadero Street,San Francisco,CA,94115,Unlicensed Supplier
X11822,Vintage Wines,5 Heritage Court,Yountville,CA,94599,Unlicensed Supplier
X16774,Vintages Vines and Wine LLC,1058 Elsbree Ln,Windsor,CA,95492,Unlicensed Supplier
X13653,Vintap North America LP,917 Allison Avenue,St Helena,CA,94574,Unlicensed Supplier
X15658,Vintap Peregrine Ranch,5258 Dry Creek Road,Healdsburg,CA,95448,Unlicensed Supplier
X11379,Vintas,800 South Alta Street,Gonzales,CA,93926,Unlicensed Supplier
X12787,Vintners Estates Direct Importing Inc (VEDI),235 Healdsburg Avenue Suite 202,Healdsburg,CA,95448,Unlicensed Supplier
X10882,Vintners Express,Pier 23 Embarcadero Suite 202,San Francisco,CA,94111,Unlicensed Supplier
X02768,Vinum Cellars,915 Cole Street Suite 110,San Francisco,CA,94117,Unlicensed Supplier
X02043,Vinum International,1345 Henry Road,Napa,CA,94559,Unlicensed Supplier
X12943,Virage Napa Valley,1250 Church Street,St Helena,CA,94574,Unlicensed Supplier
X11335,Vision Cellars,PO Box 1756,Windsor,CA,95492,Unlicensed Supplier
X00976,Vita Nova,P O Box 822,Los Olivos,CA,93441,Unlicensed Supplier
X16864,VitalBev Inc,29004 Bridgehampton Rd,Temecula,CA,92591,Unlicensed Supplier
X16152,Vivier Wines,849 Jackson St,Napa,CA,94558,Unlicensed Supplier
X12422,Vogelzang Vineyards,1129 State St Ste 3 E,Santa Barbara,CA,93101,Unlicensed Supplier
X15357,Volatus Wine,1480 Zinfandel CT,Paso Robles,CA,93465,Unlicensed Supplier
X02549,Volker Eisele Vineyard,3080 Lower Chiles Vayyey,St Helena,CA,94574,Unlicensed Supplier
X01423,Volubilis Imports,P O Box 2393,La Jolla,CA,92038,Unlicensed Supplier
B00404,Volubilis Imports Inc,7742 Herschel Ave #G,La Jolla,CA,92037,Unlicensed Supplier
X00340,Von Strasser Winery,1510 Diamond Mountain Road,Calistoga,CA,94515,Unlicensed Supplier
X11486,Vyenielo Family Vineyards,PO Box 5257,Santa Rosa,CA,95402,Unlicensed Supplier
X02636,W D L Spirits,P O Box 440 B,St Helena,CA,94574,Unlicensed Supplier
X00519,W H Smith Wines,1181 Las Posadas Road,Angwin,CA,94508,Unlicensed Supplier
X17360,W H Y CELLARS LLC,5570 SKYLANE BLVD,SANTA ROSA,CA,95403,Unlicensed Supplier
X11130,W Hogue Vineyards,1450 Silverado Trail,Rutherford,CA,94573,Unlicensed Supplier
X17209,WANDER + IVY,7830-40 ST. HELENA WAY,OAKVILLE,CA,94562,Unlicensed Supplier
X16681,WGG ENTERPRISES LLC,2245 S VASCO RD SUITE C,LIVERMORE,CA,94550,Unlicensed Supplier
X15466,WILSON DANIELS LLC,14402 FRANKLIN AVE,TUSTIN,CA,92780,Unlicensed Supplier
X15716,"WINE SPOTS CELLARS, INC.",101 MISSION STREET,SAN FRANCISCO,CA,94105,Unlicensed Supplier
X14833,WORLD'S END LLC,1339 PEARL STREET SUITE 205,NAPA,CA,94559,Unlicensed Supplier
X17011,WX NATIONAL BRANDS,4 HAMILTON LANDING,NOVATO,CA,94949,Unlicensed Supplier
X16220,Wade Cellars,"1300 1st Street, Suite 464",Napa,CA,94559,Unlicensed Supplier
X12773,Walter Hansel Winery,P O Box 3437,Santa Rosa,CA,95402,Unlicensed Supplier
X15867,WarRoom Ventures LLC,22985 El Camino Real Ste 1,Santa Margarita,CA,93453,Unlicensed Supplier
X11070,Watermark Stonewriter LLC,1478 Fairway Vista Court,Calistoga,CA,94515,Unlicensed Supplier
X12891,Wattle Creek Winery,25510 River Road,Cloverdale,CA,95425,Unlicensed Supplier
X15153,Watts Winery,17036 N Locust Tree Rd - PO Box 474,Lodi,CA,95240,Unlicensed Supplier
X14676,Waugh Cellars & Six Degrees,2275 Soda Canyon Rd,Napa,CA,94558,Unlicensed Supplier
X16110,Wayfarer Vineyard LLC,1300 First Street STE 464,Napa,CA,94559,Unlicensed Supplier
X13416,Weese Family Winery,233 Calistoga Road,Santa Rosa,CA,95409,Unlicensed Supplier
X00176,Weibel Vineyards,1 Winemaster Way Ste D,Lodi,CA,95240,Unlicensed Supplier
X01198,Weinstock Cellars,P O Box 947,Healdsburg,CA,95448,Unlicensed Supplier
X13756,Wellington Vineyards,P O Box 568,Glen Ellen,CA,95442-0568,Unlicensed Supplier
X00089,Wente Brothers Winery,5565 Tesla Road,Livermore,CA,94550,Unlicensed Supplier
X13542,Wente Family Estates,5565 Tesla Road,Livermore,CA,94550,Unlicensed Supplier
X14182,Wenzlau Vineyard,745 Canterbury Rd,San Marino,CA,91108,Unlicensed Supplier
X11438,WesMar Winery,P O Box 810,Forestville,CA,95436,Unlicensed Supplier
X15763,West Coast Wine Group,8461 St Helena Hwy,Napa,CA,94558,Unlicensed Supplier
X13397,West Coast Wine Partners,777 Madrone Road,Glen Ellen,CA,95442,Unlicensed Supplier
X12936,Westberg Cellars,3180 Willow Creek Road,Paso Robles,CA,93446,Unlicensed Supplier
X03621,Westerly Vineyards,1620 Westerly Road,Santa Ynez,CA,93460,Unlicensed Supplier
X13741,Western Wine Carriers,760 Hannah Drive,American Canyon,CA,94903,Unlicensed Supplier
X12376,Whetstone,9380 Sonoma Hwy,Kenwood,CA,95452,Unlicensed Supplier
X01369,Whispering Peak,1141 Grant Avenue,Healdsburg,CA,95448,Unlicensed Supplier
X03456,White Cottage Ranch,1217 Edwards Street,St Helena,CA,94574,Unlicensed Supplier
X14956,White Hart Wine,PO Box 6701,Napa,CA,94581,Unlicensed Supplier
X00804,White Oak Vineyards & Winery,7505 Highway 128,Healdsburg,CA,95448,Unlicensed Supplier
X12924,White Rock Vineyards,1115 Loma Vista Drive,Napa,CA,94558,Unlicensed Supplier
X00302,Whitehall Lane Vineyards,1563 St Helena Highway,St Helena,CA,94574,Unlicensed Supplier
X02995,Whitford Cellars,P O Box 1069,Calistoga,CA,94515,Unlicensed Supplier
X02327,Wild Hog Vineyard,P O Box 189,Cazadero,CA,95421,Unlicensed Supplier
X14140,Wilde Farm Wines,6450 First St,Forestville,CA,95436,Unlicensed Supplier
X01475,Wildhurst Vineyards,P O Box 1223,Kelseyville,CA,95451,Unlicensed Supplier
B00021,Wildwood Marketing Associates,P O Box 1223,Kelseyville,CA,95451,Unlicensed Supplier
X01630,Wildwood Marketing Associates,P O Box 1223,Kelseyville,CA,95451,Unlicensed Supplier
X13558,William Cole Vineyards,2849 Saint Helena Highway,St Helena,CA,94574,Unlicensed Supplier
X12218,William Knuttel Winery,23 Blackberry Drive,Napa,CA,94558,Unlicensed Supplier
X03158,Williams & Selyem Winery,6575 Westside Road,Healdsburg,CA,95448,Unlicensed Supplier
X02895,Williams Ranch,1620 South Whitehall Lane,St Helena,CA,94574,Unlicensed Supplier
X17369,Williams Selyem,502 Healdsburg Ave,Healdsburg,CA,95448,Unlicensed Supplier
X10526,Willowbrook Cellars LLC,PO Box 1514,Sebastopol,CA,95473,Unlicensed Supplier
X13513,Wilson Artisan Wines,P O Box 487,Geyserville,CA,95441,Unlicensed Supplier
X00090,Wilson Daniels Ltd,P O Box 440 B,St Helena,CA,94574,Unlicensed Supplier
X02960,Wilson Vineyard & Winery,2315 Dry Creek Road,Healdsburg,CA,95448,Unlicensed Supplier
X02637,Wimbledon Wine Company,1001 Second Street,Napa,CA,94559,Unlicensed Supplier
B00193,Win It Too Inc,P O Box 2069,Santa Barbara,CA,93120-2069,Unlicensed Supplier
X16114,Winc Wine,5340 Alla Road,Los Angeles,CA,90066,Unlicensed Supplier
X17377,Windacre West LLC,11654 Los Amigos Rd,Healdsburg,CA,95448,Unlicensed Supplier
X01796,Windsor Vineyards,205 Concourse Blvd,Santa Rosa,CA,95403,Unlicensed Supplier
X13914,Windy Oaks Estate Winery,550 Hazel Dell Rd,Corralitos,CA,95076,Unlicensed Supplier
X13017,Wine Agencies Inc,Jeff Wellburn Selections,Van Nuys,CA,91406,Unlicensed Supplier
X01033,Wine Alliance,375 Healdsburg Avenue Second FL,Healdsburg,CA,95448-4137,Unlicensed Supplier
X00606,Wine Brands Of California LLC,1172 S Main #194,Salinas,CA,93901,Unlicensed Supplier
X13509,Wine Bridge Imports Inc,P O Box 2272,Davis,CA,95617,Unlicensed Supplier
X14771,Wine Club,953 Harrison St,San Francisco,CA,94107,Unlicensed Supplier
X02702,Wine Com,650 Airpark Road #D,Napa,CA,94558-7516,Unlicensed Supplier
X13730,Wine Country Cellars,7686 Bell Rd.,Windsor,CA,95492,Unlicensed Supplier
X11788,Wine Creek LLC,4900 West Dry Creek Road,Healdsburg,CA,95448,Unlicensed Supplier
X14772,Wine Exchange,1544 East Warner Ave,Santa Ana,CA,92705,Unlicensed Supplier
X12312,Wine Guerrilla,PO Box 862,Forestville,CA,95436,Unlicensed Supplier
X14787,Wine HQ,5340 Alla Road Suite 105,Los Angeles,CA,90272,Unlicensed Supplier
X14984,Wine Hooligans,980 Airway Ct Ste A,Santa Rosa,CA,95403,Unlicensed Supplier
X13856,Wine Hooligans LLC,7 Fourth St,Petaluma,CA,94952,Unlicensed Supplier
X03175,Wine Library,765 Baywood Drive Suite 137,Petaluma,CA,94954,Unlicensed Supplier
X11247,Wine Merchants International Inc,3341 W El Segundo Blvd,Hawthorne,CA,90250,Unlicensed Supplier
X00785,Wine Services International,P O Box 1149,Mill Valley,CA,94942,Unlicensed Supplier
X14449,Wine Trees,20580 8th St East,Sonoma,CA,95476,Unlicensed Supplier
X01891,Wine Warehouse,6550 E Washington Blvd,Commerce,CA,90040,Unlicensed Supplier
X13361,Wine Wines,515 Noe Street,San Francisco,CA,94114,Unlicensed Supplier
X00579,Wine World Inc,2000 Main Street Box 111,St Helena,CA,94574,Unlicensed Supplier
X15932,WineC Wine,5340 Alla Rd,Los Angeles,CA,90066,Unlicensed Supplier
X15832,Winebow CA,PO Box 844248,Los Angeles,CA,90084,Unlicensed Supplier
X03047,Winecraft Inc,148 Bertita,San Francisco,CA,94112,Unlicensed Supplier
X15001,Winemonger,164 Sleepy Hollow Dr,San Anselmo,CA,94960,Unlicensed Supplier
X03556,Winery Associates of Sonoma County,P O Box 910,Healdsburg,CA,95448,Unlicensed Supplier
X15593,Winery GM Selections,216 F Street #25,Davis,CA,95616,Unlicensed Supplier
X12999,Winside USA,PO Box 154,Sonoma,CA,95476,Unlicensed Supplier
X11439,Winter Wine Estates,1750 Dean York Lane,St Helena,CA,94574,Unlicensed Supplier
X14969,Wonderland Project,2100 Denmark ST,Sonoma,CA,95476,Unlicensed Supplier
X16827,Wonderwerk,6500 Brem Lane,Gilroy,CA,95020,Unlicensed Supplier
X10785,Woodenhead Vintners,PO Box 1448,Forestville,CA,95436,Unlicensed Supplier
X10576,Woodward Graff Wines,P O Box 1753,Sonoma,CA,95476,Unlicensed Supplier
X11071,Woorisool Inc,18120 S Brodway St Unit B,Gardena,CA,90248,Unlicensed Supplier
X12688,Worlds End LLC,3105 Silverado Trail,Napa,CA,94558,Unlicensed Supplier
B00488,Worldwide Beverage Imports LLC,4101 Whiteside Street,Los Angeles,CA,90063,Unlicensed Supplier
X14617,Worldwide Beverage Imports LLC,500 Redwood Boulevard,Novato,CA,94947,Unlicensed Supplier
X14288,Wrath Wines,35801 Foothill Road,Soledad,CA,93960,Unlicensed Supplier
X01803,Wyders Cider,490 Grand Avenue Suite 220,Oakland,CA,94610,Unlicensed Supplier
X12813,X Winery,1405 2nd Street,Napa,CA,94559,Unlicensed Supplier
X12050,Yaegaki Corporation of USA,4800 S Alameda Street,Vernon,CA,90058,Unlicensed Supplier
X14623,Yao Family Wines,824A Healdsburg Avenue,Healdsburg,CA,95448,Unlicensed Supplier
X00936,Yayin Corp,4950 Ross Road,Sebastopol,CA,95472,Unlicensed Supplier
X11148,Yellowwood Wine,1471 First Street,Calistoga,CA,94515,Unlicensed Supplier
X11001,Yorkville Cellars,25701 Hwy 128,Yorkville,CA,95494-0003,Unlicensed Supplier
X13269,Young Inglewood Vineyards,1919 Inglewood Avenue,St Helena,CA,94574,Unlicensed Supplier
X15874,Yount Ridge Cellars,PO Box 42,Oakville,CA,94562,Unlicensed Supplier
X17039,Yuzoco,2331 W Silver Lake Drive,Los Angeles,CA,90039,Unlicensed Supplier
X00316,ZD Wines,8383 Silverado Trail,Napa,CA,94558,Unlicensed Supplier
X01846,Zaca Mesa,601 S Figueroa St 47th Floor,Los Angeles,CA,90071,Unlicensed Supplier
X03405,Zahtila Vineyards,2250 Lake County HWY,Calistoga,CA,94515,Unlicensed Supplier
X03584,Zealear Cellars,P O Box 752,Carmel Valley,CA,93924,Unlicensed Supplier
X14072,Zeitgeist Cellars,P O Box 552,St Helena,CA,94574,Unlicensed Supplier
X01008,Zellerbach Vineyards,2350 McNabb Ranch Road,Ukiah,CA,95484,Unlicensed Supplier
X11581,Zendida Cellars,1550 Hwy 46 West,Paso Robles,CA,93446,Unlicensed Supplier
X12987,Zephyr North,770 Skyway Court,Napa,CA,94558,Unlicensed Supplier
X12283,Zotovich Family Vineyards,1500 Chestnut Court Suite D,Lampoc,CA,94436,Unlicensed Supplier
X02843,Zwineco LLC,34 Granada Drive,Corte Madera,CA,94925,Unlicensed Supplier
X15845,c/o Alexander Valley Cellars,1010 Shiloh Road,Windsor,CA,95492,Unlicensed Supplier
X17353,c/o Jackson Street Wine Warehouse,849 Jackson St #3,Napa,CA,94559,Unlicensed Supplier
X16691,c/o USA Wine West,"3030 Brudgeway, Suite 127",Sausalito,CA,94965,Unlicensed Supplier
X16448,"champagne campaign, inc",220 s cluff ave,lodi,CA,95240,Unlicensed Supplier
X15732,crown point winery,1733 fletcher way,santa ynez,CA,93460,Unlicensed Supplier
X15737,daylight wine co,po box 503,vineburg,CA,95487,Unlicensed Supplier
X16936,dba The Source,"5146 N. Commerce Ave., Unit C",Moorpark,CA,93021,Unlicensed Supplier
X15674,donald patz wine group,po box 2096,yountville,CA,94599,Unlicensed Supplier
X15585,elevate beverage inc,2887 bush st,san francisco,CA,94115,Unlicensed Supplier
X16447,five vines llc,2170 palmer drive,st. helena,CA,94574,Unlicensed Supplier
X15783,kerr cellars,1221 duhig rd,napa,CA,94558,Unlicensed Supplier
X16056,lLarner Vineyards & Winery,2900 Grand Avenue,Los Olivos,CA,93441,Unlicensed Supplier
X15791,lost coast brewery & cafe,617 fourth street,eureka,CA,95501-1013,Unlicensed Supplier
X15573,nice wine company,4900 bartlett springs rd,nice,CA,95464,Unlicensed Supplier
X15978,phillips family farming llc,po box 46,oakville,CA,94562,Unlicensed Supplier
X14978,rwg usa llc,1950 leimert blvd,oakland,CA,94602,Unlicensed Supplier
X15888,silenus winery,5225 solano ave,napa,CA,94558,Unlicensed Supplier
X15567,stratus wine & spirits,4441 s downey rd,vernon,CA,90058,Unlicensed Supplier
X15456,westar compliance,230 colfax avenue,grass valley,CA,95945,Unlicensed Supplier
